fips,pct_hispanic,pct_black,pct_asian,total_pop,median_hh_income,pct_poverty,pct_foreign_born,pop_density,rucc_code,urban_rural,rep_vote_share_2024,crime_rate_per_100k,in_border_zone
01001,0.8,1.0,0.5,59285,69841,10.7,2.1,99.72999967253202,2.0,urban,0.7335887977652831,463.8610103736189,0
01003,1.6,0.4,1.8,239945,75019,10.5,1.1,150.92185364726907,3.0,urban,0.7934764602590862,127.9459876221634,1
01005,0.9,0.1,1.7,24757,44290,21.9,0.9,27.97375899380165,6.0,suburban,0.5741499385497747,105.02080219735832,0
01007,1.9,0.6,1.2,22152,51215,20.5,0.9,35.58728339311975,1.0,urban,0.8238494179088238,505.5976886962802,0
01009,1.7,0.1,0.6,59292,61096,14.1,0.5,91.94116949766655,1.0,urban,0.9077694235588972,640.8959050124806,0
01011,0.1,0.0,2.5,10157,36723,25.7,0.3,16.308213279184137,8.0,rural,0.269588638589618,482.4259131633356,0
01013,0.8,0.0,0.3,18807,44881,21.0,0.4,24.209664363094035,6.0,suburban,0.6140330048676244,353.4704370179948,1
01015,1.3,0.6,0.7,116141,55826,17.5,1.2,191.686551021687,3.0,urban,0.7257306780858936,370.2396225277895,0
01017,0.8,0.2,1.6,34450,49295,15.5,0.5,57.74830458786693,6.0,suburban,0.6171011618022103,502.177068214804,0
01019,1.8,0.0,0.3,25224,50769,14.5,0.3,45.56983116326747,8.0,rural,0.879714971729533,1240.8816999682842,0
01021,2.3,0.1,1.2,45500,61873,13.6,0.8,65.67203735921223,1.0,urban,0.8624732388622693,1061.5384615384614,0
01023,2.3,0.2,0.9,12525,44483,19.5,0.9,13.711314901728537,9.0,rural,0.6199758235116349,479.0419161676647,0
01025,0.6,0.1,0.5,22802,49167,20.5,0.3,18.412164560872238,9.0,rural,0.5856878573831147,478.028243136567,1
01027,0.9,0.0,0.6,14188,51852,16.5,0.4,23.49152874517822,9.0,rural,0.852385907536792,472.23005356639413,0
01029,0.9,0.0,0.4,15254,53319,13.2,0.8,27.23415747861097,8.0,rural,0.9203213486105624,852.2354792185656,0
01031,2.7,2.0,2.2,54231,64672,17.6,2.2,79.87055984483398,4.0,suburban,0.7917722664735699,272.90664011358814,1
01033,1.4,0.1,0.5,57648,56736,16.9,0.4,97.22190612158063,3.0,urban,0.7341998435812447,182.1398834304746,0
01035,0.9,0.3,0.3,11411,42266,27.6,0.2,13.420295486057356,9.0,rural,0.5702148925537232,8.763473841030585,1
01037,1.2,1.9,0.2,10323,57063,11.6,0.1,15.859356066313357,8.0,rural,0.7177234530175707,353.4704370179948,0
01039,1.4,0.3,0.6,37647,50886,18.0,0.7,36.53024894310789,6.0,suburban,0.8638102524866106,23.90628735357399,1
01041,1.2,0.0,0.3,13144,49040,16.2,0.2,21.58771303528259,8.0,rural,0.7743534148985597,174.984783931832,1
01043,1.5,0.2,0.7,89463,60916,13.9,0.5,121.76156246031834,4.0,suburban,0.9055049949699366,807.0375462481696,0
01045,2.1,1.9,0.7,49516,53955,18.7,3.0,88.24602951016267,4.0,suburban,0.7635021097046414,226.18951450036352,1
01047,0.7,0.4,0.0,37536,36810,29.0,0.3,38.35143079893229,4.0,suburban,0.33644496304939714,1054.9872122762147,0
01049,3.8,0.8,7.0,71946,51149,20.4,0.5,92.58541617626823,6.0,suburban,0.8721377292368412,255.74736608011565,0
01051,1.0,0.1,0.9,88669,75553,10.3,1.4,143.357660861798,2.0,urban,0.7624671916010499,400.365403917942,0
01053,5.9,0.5,0.5,36695,44447,21.2,0.8,38.813935065196425,6.0,suburban,0.7330280172413793,353.4704370179948,1
01055,1.4,0.5,1.8,103208,53070,17.1,0.6,192.87413198277756,3.0,urban,0.7804947460595446,65.88636539803116,0
01057,0.8,0.0,0.1,16173,50733,18.7,0.2,25.766163220356304,8.0,rural,0.8624096385542168,166.9449081803005,0
01059,2.1,0.4,9.2,31978,51493,17.4,0.5,50.44175678762586,6.0,suburban,0.8691697955778056,512.8525861529802,0
01061,2.0,0.6,0.5,26726,50951,19.1,0.6,46.521694977436624,3.0,urban,0.8870941558441559,0.0,1
01063,0.1,0.0,0.0,7589,31495,35.9,0.3,11.729102671718907,2.0,urban,0.22025883524141363,79.06179997364607,0
01065,0.5,0.0,0.2,14749,41325,23.9,0.4,22.902526466045163,2.0,urban,0.4655243885587951,353.4704370179948,0
01067,1.4,0.6,0.3,17450,60135,15.8,0.7,31.055794628272984,3.0,urban,0.7554042369217466,492.8366762177651,1
01069,1.3,0.5,1.1,107628,57531,18.0,1.1,185.62122966667445,3.0,urban,0.7409461217224619,596.4990522912253,1
01071,3.4,0.4,1.1,52839,49454,16.8,0.9,49.0151122899774,6.0,suburban,0.8596942053192856,395.5411722402014,0
01073,1.1,0.3,1.6,669744,64589,16.3,0.7,602.5368796004763,1.0,urban,0.4471601275427558,503.92388733605674,0
01075,0.8,0.8,0.4,13809,47447,15.1,0.7,22.830594269187873,8.0,rural,0.882146512648048,123.10811789412702,0
01077,1.2,0.1,0.6,95037,59082,13.6,0.4,142.26722339830366,3.0,urban,0.7600501928707534,388.2698317497396,0
01079,9.6,0.3,0.6,33182,60040,13.7,0.4,48.04220234134012,3.0,urban,0.8136440307365528,207.94406605991202,0
01081,1.1,0.5,2.3,177663,61123,18.9,1.5,292.42797271493976,3.0,urban,0.6407864323707149,424.96186600473925,0
01083,2.4,0.7,1.7,107577,83534,10.1,1.2,190.9411925304143,2.0,urban,0.7220972783410841,353.4704370179948,0
01085,0.3,0.0,0.1,10008,35160,29.6,0.5,13.975992667022753,2.0,urban,0.31253333333333333,309.75219824140686,0
01087,1.6,0.5,0.3,18951,45951,22.1,0.4,31.135344002473264,3.0,urban,0.21658511460211177,116.08886074613476,0
01089,2.0,1.0,2.0,397135,83528,10.5,2.1,495.4268719171921,2.0,urban,0.5455514504227597,396.3387764865852,0
01091,0.9,0.2,0.4,19027,44205,22.6,0.1,19.47694957574862,6.0,suburban,0.5189071265323083,353.4704370179948,0
01093,1.7,0.0,0.2,29190,50714,16.8,0.6,39.321493675991746,9.0,rural,0.9109507513762833,205.54984583761563,0
01095,3.0,0.6,6.4,98712,60946,16.3,0.9,174.4505986561655,4.0,suburban,0.8611298672068423,592.6331145149526,0
01097,1.7,0.4,1.4,413162,58119,16.3,0.7,336.0750987234889,2.0,urban,0.5830488270626223,257.76813937390176,1
01099,1.9,0.0,0.1,19580,40225,22.6,0.8,19.089985377329768,8.0,rural,0.6162921924694778,240.0408580183861,1
01101,0.8,0.4,1.7,227197,58153,19.3,1.0,289.29221153738376,2.0,urban,0.34467276613550774,206.86892872705184,0
01103,2.8,0.5,2.6,123742,64858,13.6,0.8,213.47013868232824,3.0,urban,0.7654851346492307,353.4704370179948,0
01105,0.7,0.0,0.1,8231,34368,31.2,0.2,11.437189814744094,8.0,rural,0.28561782579338285,0.0,0
01107,0.8,0.1,3.2,18843,47014,22.6,0.4,21.378305929287283,2.0,urban,0.61730486840619,440.48187655893435,0
01109,1.5,0.2,0.6,32953,47961,23.4,0.2,49.032318534741115,6.0,suburban,0.6266859711956108,203.31987982884712,1
01111,3.4,0.2,0.4,22310,51551,18.4,0.4,38.42905653577836,8.0,rural,0.8258029395753946,887.4943971313312,0
01113,1.2,1.9,2.0,58858,50046,22.2,2.2,91.79615882152395,2.0,urban,0.49160975609756097,395.86802133949504,0
01115,0.9,0.6,0.5,92903,78993,11.2,0.5,147.09842166332834,1.0,urban,0.8229062840453397,444.54969161383383,0
01117,1.0,0.6,2.1,226955,93543,6.9,1.0,288.95248512576205,1.0,urban,0.7065532624409107,44.50221409530524,0
01119,1.0,0.1,0.4,12020,37981,28.1,0.4,13.299018117661863,8.0,rural,0.2927662806151509,16.638935108153078,0
01121,0.9,0.0,0.9,81170,56249,17.7,0.7,110.16303937150558,4.0,suburban,0.6697375598521123,480.47308118763095,0
01123,3.2,0.0,0.8,41070,57185,15.2,0.2,57.31809830248921,6.0,suburban,0.7494838612216124,168.00584368151934,0
01125,0.9,0.5,1.6,234036,63947,16.7,0.7,177.1862011993301,2.0,urban,0.6029742163260939,246.11598215659131,0
01127,1.0,0.1,1.1,64886,54509,18.0,0.6,82.02725084534175,1.0,urban,0.8612595548941352,0.0,0
01129,8.4,0.0,0.0,15270,60503,18.4,0.1,14.135546375739434,8.0,rural,0.7781350482315113,667.9764243614932,1
01131,0.7,0.1,0.0,10347,42236,29.0,0.4,11.653896201542882,9.0,rural,0.34204502098435713,353.4704370179948,0
01133,2.1,0.1,1.9,23637,48032,19.5,0.9,38.55967060183895,8.0,rural,0.9201805869074492,486.5253627786944,0
02013,43.8,0.5,2.2,3423,72692,12.4,2.9,0.48996214169631336,9.0,rural,0.49360473112364184,353.4704370179948,1
02016,11.4,0.0,1.2,5178,107344,9.2,6.0,1.178686408144761,9.0,rural,0.42370322441496816,353.4704370179948,1
02020,13.4,1.4,3.1,289069,98152,9.3,3.0,169.3428561961396,2.0,urban,0.4366116295764537,353.4704370179948,1
02050,87.8,0.0,0.5,18487,70616,24.0,0.1,0.45491258504089316,7.0,rural,0.713488819427747,353.4704370179948,1
02060,33.7,4.2,1.3,878,100625,9.7,8.0,1.8217598480240167,9.0,rural,0.713488819427747,353.4704370179948,1
02063,10.1,0.1,0.2,6964,88565,4.8,2.3,0.7307302629685426,9.0,rural,0.713488819427747,353.4704370179948,1
02066,43.0,0.0,0.0,2626,75053,11.4,1.3,0.10634842859844199,9.0,rural,0.713488819427747,353.4704370179948,1
02068,6.4,0.4,4.0,2029,88935,6.6,2.5,0.16050883629761786,9.0,rural,0.713488819427747,353.4704370179948,0
02070,81.1,0.3,0.7,4780,74250,16.3,0.1,0.26071788383143607,9.0,rural,0.713488819427747,353.4704370179948,1
02090,12.0,1.2,2.0,95555,84722,6.2,3.6,13.027706715424975,3.0,urban,0.713488819427747,353.4704370179948,0
02100,10.0,0.0,0.9,2077,72607,6.1,4.3,0.8862413489624659,9.0,rural,0.713488819427747,353.4704370179948,1
02105,41.0,1.4,1.5,2313,62500,12.6,1.1,0.3526069987189175,9.0,rural,0.713488819427747,353.4704370179948,1
02110,18.9,0.4,2.3,31969,100513,8.2,1.3,11.82196740976174,5.0,suburban,0.713488819427747,353.4704370179948,1
02122,12.8,0.2,1.6,59843,77722,11.6,1.0,3.736094302841476,7.0,rural,0.713488819427747,353.4704370179948,1
02130,21.6,0.5,1.6,13870,89155,9.5,1.7,2.8556606178997828,7.0,rural,0.713488819427747,353.4704370179948,1
02150,17.2,0.4,3.7,12878,83716,7.7,2.5,1.9251122025009801,7.0,rural,0.713488819427747,353.4704370179948,1
02158,93.8,0.0,0.0,8277,48233,31.2,0.2,0.4846844604433234,9.0,rural,0.713488819427747,353.4704370179948,1
02164,78.6,0.2,0.0,1007,64000,15.2,0.1,0.04225436204143779,9.0,rural,0.713488819427747,353.4704370179948,1
02170,12.0,0.7,1.8,110677,90625,10.3,1.6,4.479525312857975,2.0,urban,0.713488819427747,353.4704370179948,1
02180,81.8,0.1,0.6,9925,76643,21.1,0.3,0.4320946056872969,9.0,rural,0.713488819427747,353.4704370179948,1
02185,54.0,1.6,1.2,10891,86313,8.3,2.2,0.12261378130871109,9.0,rural,0.713488819427747,353.4704370179948,1
02188,85.2,0.3,0.2,7611,81298,18.4,0.7,0.21341278378429956,9.0,rural,0.713488819427747,353.4704370179948,1
02195,15.0,0.6,2.4,3394,77026,5.7,1.8,1.1700106894740268,9.0,rural,0.713488819427747,353.4704370179948,1
02198,50.7,0.0,1.7,5730,59079,15.1,0.7,1.087737054064151,9.0,rural,0.713488819427747,353.4704370179948,1
02220,21.1,0.6,1.8,8393,101207,8.4,0.9,2.9243266453972363,7.0,rural,0.713488819427747,353.4704370179948,1
02230,6.0,0.0,3.1,1308,78594,6.2,2.2,3.014022949906288,9.0,rural,0.713488819427747,353.4704370179948,1
02240,17.9,2.6,1.7,6936,74223,13.3,4.3,0.2793139800772918,9.0,rural,0.713488819427747,353.4704370179948,1
02275,33.3,0.4,2.8,2106,64545,10.9,1.2,0.8239015763637909,9.0,rural,0.713488819427747,353.4704370179948,1
02282,41.9,0.0,1.2,506,80625,7.8,0.6,0.06635848118814074,9.0,rural,0.713488819427747,353.4704370179948,1
02290,73.5,0.4,0.8,5271,52642,20.8,0.8,0.03620643328095675,8.0,rural,0.713488819427747,353.4704370179948,1
04001,74.4,0.2,1.1,65680,40338,31.2,0.3,5.8651692102039465,8.0,rural,0.4040483784381217,191.83922046285016,0
04003,2.7,1.2,2.9,125458,58970,15.5,2.6,20.20302142569379,3.0,urban,0.6171177359527408,353.4704370179948,1
04005,28.3,0.3,3.9,144643,69748,17.7,0.8,7.769674367404919,3.0,urban,0.3961542818305392,353.4704370179948,0
04007,18.8,0.1,2.5,53610,59089,17.8,0.4,11.268340288860914,4.0,suburban,0.6896916621054552,298.45178138407016,0
04009,14.8,0.4,2.5,38860,67326,17.7,0.4,8.4078398620188,7.0,rural,0.7416763519518699,126.0936695831189,1
04011,4.7,0.4,2.7,9452,75239,10.8,1.0,5.129047023084691,9.0,rural,0.7075413856529736,353.4704370179948,1
04012,17.5,0.1,1.8,16605,49506,18.4,1.1,3.692807224105093,6.0,suburban,0.7224937260599656,353.4704370179948,1
04013,3.6,0.7,3.7,4491987,85518,11.3,1.4,488.1525118292478,1.0,urban,0.5176011187533441,353.4704370179948,1
04015,3.7,0.5,2.9,217420,55799,16.8,0.9,16.307987870511347,3.0,urban,0.7806111293320215,708.7664428295465,0
04017,45.8,0.3,2.0,107744,52752,24.7,0.4,10.829095694178486,4.0,suburban,0.586853525500657,212.54083754083754,0
04019,5.6,0.9,3.0,1049947,67929,14.4,1.8,114.26523651382797,1.0,urban,0.42331089941414146,747.0853290689911,1
04021,6.7,0.6,2.9,449219,77588,10.9,1.3,83.705342126247,1.0,urban,0.61144993303851,331.4641633590743,1
04023,1.3,0.4,1.8,48209,53614,20.2,1.4,38.9958310070393,6.0,suburban,0.40597975110736134,353.4704370179948,1
04025,3.3,0.5,1.9,241656,66106,12.6,1.0,29.74984867090167,3.0,urban,0.6709711406630962,275.1845598702288,0
04027,3.1,0.4,2.3,207685,60417,16.5,1.5,37.666267976384056,3.0,urban,0.6030221406582997,405.903170667116,1
05001,1.4,0.8,0.6,16773,60831,14.7,0.2,16.90587612930909,6.0,suburban,0.7244224422442245,524.6527156739999,0
05003,0.5,0.0,1.6,18722,44481,22.7,0.2,20.229248095778683,7.0,rural,0.7436045671339789,518.1070398461703,0
05005,2.1,0.4,0.6,42150,48427,14.5,0.3,76.09249225465541,7.0,rural,0.7892104496455278,434.16370106761565,0
05007,3.6,0.5,5.4,294541,89879,7.6,1.1,347.445605676131,2.0,urban,0.6385510396522239,121.54504805782557,0
05009,2.1,0.1,1.1,37896,54195,13.4,0.7,64.26068850818065,7.0,rural,0.8303412198311735,488.1781718387165,0
05011,6.1,0.0,0.0,10354,39565,20.1,0.1,15.949668945061688,7.0,rural,0.6972274732199117,608.4604983581224,0
05013,3.2,0.0,0.2,4717,63654,13.3,0.4,7.5039710214766515,9.0,rural,0.8153921091086215,784.3968624125503,0
05015,3.2,0.3,3.9,28526,55187,16.3,0.9,45.28457262930231,6.0,suburban,0.6621166459847545,297.97377830750895,0
05017,1.5,0.3,1.2,9997,39683,24.4,0.7,15.694429531862593,9.0,rural,0.48002316155182395,560.1680504151245,0
05019,1.5,0.0,1.3,21378,50985,20.2,1.6,24.686732577071957,7.0,rural,0.6046760187040748,201.14136027692018,0
05021,3.9,0.0,0.4,14399,48500,17.2,0.4,22.525758388838334,9.0,rural,0.8139487179487179,437.5303840544483,0
05023,2.2,0.3,0.3,25048,55979,13.8,0.3,45.21632871493888,6.0,suburban,0.8451659221442246,1584.9568827850526,0
05025,2.2,0.1,0.0,7491,50509,15.6,0.1,12.528631959256902,8.0,rural,0.8425480769230769,707.5156854892538,0
05027,1.0,0.1,0.1,22527,47363,22.7,0.1,29.406126277729793,7.0,rural,0.6851780926847951,341.8120477649043,0
05029,1.7,0.0,0.1,20872,51212,20.6,0.3,37.81727620331341,6.0,suburban,0.7064253176696236,766.5772326561901,0
05031,1.4,0.3,0.6,112097,57615,19.1,0.6,158.51667349000027,3.0,urban,0.691711127000715,179.3089913200175,0
05033,4.6,0.1,4.7,60792,60362,16.8,0.6,102.12532192639532,3.0,urban,0.796602191030469,475.39149888143174,0
05035,5.5,0.1,0.9,47609,54271,20.7,0.3,77.68270814655118,1.0,urban,0.4883947185545518,737.2555609233549,0
05037,7.3,0.0,0.0,16681,47012,20.1,0.4,27.065592027366737,6.0,suburban,0.7432369038311181,353.4704370179948,0
05039,1.3,0.0,0.2,6351,44694,11.2,0.4,9.517132221701793,8.0,rural,0.65,598.3309715005511,0
05041,0.2,0.4,0.0,11041,36064,28.9,0.0,14.895577177442938,9.0,rural,0.5242521057217543,353.22887419617786,0
05043,0.9,0.0,0.8,17143,41071,22.7,0.7,20.687442352539968,7.0,rural,0.6721573644650568,443.3296389196757,0
05045,1.3,0.3,1.7,126001,65071,15.0,0.7,194.6733787482146,2.0,urban,0.6657440358507974,402.37775890667535,0
05047,3.7,0.0,0.4,17220,51919,18.9,0.6,28.277379628997537,8.0,rural,0.81919577340769,586.527293844367,0
05049,4.3,0.2,0.6,12239,38941,14.8,0.5,19.804396339935483,9.0,rural,0.8168216740800647,817.0602173380178,0
05051,2.1,0.3,1.7,100062,55409,16.5,0.8,147.6680209739909,3.0,urban,0.6854304635761589,1240.2310567448183,0
05053,1.1,1.1,0.2,18111,72512,12.3,0.8,28.66173727687012,2.0,urban,0.8500062916823958,855.83347137099,0
05055,1.2,0.3,0.7,46182,56793,17.0,0.3,79.99096142255601,4.0,suburban,0.81127829218107,476.3760772595383,0
05057,1.6,0.4,0.8,19778,47654,19.0,0.7,27.19747053530075,6.0,suburban,0.7024627240743844,712.9133380523814,0
05059,1.7,0.0,0.6,33142,52644,17.1,0.1,53.89435013270883,6.0,suburban,0.7660245765526403,353.4704370179948,0
05061,2.0,0.0,1.5,12701,44492,19.8,0.2,21.624919655233025,8.0,rural,0.7370572207084468,267.695457050626,0
05063,3.2,0.0,3.8,38120,56009,19.6,0.5,49.914135679381886,7.0,rural,0.8038943990665111,839.4543546694649,0
05065,2.4,0.7,0.8,13866,47728,21.1,0.4,23.89861352979475,9.0,rural,0.8364638979838015,735.6122890523583,0
05067,4.2,0.2,0.4,16775,41215,21.2,0.2,26.47524219983095,6.0,suburban,0.7478687127024722,482.8614008941878,0
05069,1.3,0.0,0.2,65780,48552,20.6,0.4,75.40589540627481,4.0,suburban,0.398119417019276,603.526907874734,0
05071,2.9,0.8,0.8,25932,44808,19.4,0.8,39.23207238499735,7.0,rural,0.762538036740674,366.342742557458,0
05073,1.3,0.0,0.1,6211,37237,27.2,0.0,11.730543884016573,8.0,rural,0.694796676869261,499.11447431975523,0
05075,1.7,0.4,0.5,16265,44164,18.2,0.3,27.68379019271541,6.0,suburban,0.8268437107482505,608.6689209960036,0
05077,0.7,0.1,0.2,8511,36860,27.7,0.0,14.189560321000004,8.0,rural,0.48184414524683805,469.98002584890145,0
05079,1.0,0.1,0.5,12966,51667,17.7,0.3,23.175692549699413,9.0,rural,0.7547511312217194,609.2858244639827,0
05081,2.5,0.3,0.1,11959,52241,16.5,0.7,22.510864239400508,3.0,urban,0.7754763877381938,760.9331883936784,0
05083,2.0,0.1,0.5,21240,54237,14.4,0.6,29.95282227325428,8.0,rural,0.8177063877474785,941.6195856873823,0
05085,1.8,0.3,1.2,74747,71449,11.1,1.4,96.89160101843079,2.0,urban,0.7737797767782775,620.7606994260639,0
05087,4.6,0.0,2.0,17032,53888,15.0,0.8,20.416246716140634,2.0,urban,0.797857917570499,998.1211836542977,0
05089,3.0,0.7,0.6,17076,46953,17.8,0.5,28.62226839649565,9.0,rural,0.8058465916440305,632.4666198172874,0
05091,1.7,0.3,0.7,42588,49983,21.0,0.4,68.2455808672168,3.0,urban,0.7585676766382679,373.34460411383486,0
05093,1.1,0.0,0.4,39749,53428,21.0,0.2,44.06308964986625,4.0,suburban,0.660814273512385,588.6940551963571,0
05095,1.5,2.1,0.0,6681,43955,22.2,0.3,10.998238379889829,9.0,rural,0.5802262253875157,493.93803322855865,0
05097,3.1,0.1,0.9,8571,49015,20.8,0.5,10.982084049566323,8.0,rural,0.8224118942731278,303.34850075837124,0
05099,1.0,0.0,1.9,8228,41761,28.5,0.0,13.318449411464911,9.0,rural,0.7022097509645738,353.4704370179948,0
05101,2.9,0.0,0.3,7175,47395,13.3,0.1,8.738536422751215,9.0,rural,0.826274615592123,780.4878048780488,0
05103,1.5,0.0,0.5,22317,49838,17.9,0.2,30.457688828464605,7.0,rural,0.5970713273500237,730.3849083658198,0
05105,2.0,0.0,0.4,10073,60078,15.6,0.7,18.270169241405572,2.0,urban,0.7940651494868363,1022.535490916311,0
05107,0.9,0.3,0.3,15910,38874,28.7,0.0,23.04594750122604,7.0,rural,0.43239901071723,257.6995600251414,0
05109,1.9,0.1,1.2,10182,51000,18.8,0.4,16.96052257145904,9.0,rural,0.8699489084997678,324.1013553329405,0
05111,4.2,0.6,0.3,22740,47188,20.1,0.7,29.988323459358682,3.0,urban,0.8227103072064312,580.4749340369393,0
05113,5.3,0.0,0.7,19348,49252,19.0,0.3,22.58069226369771,7.0,rural,0.8591982292179046,444.4903866032665,0
05115,3.3,0.7,3.3,63830,54606,17.6,0.7,78.70996703879038,5.0,suburban,0.7675492480406694,412.031959893467,0
05117,1.0,0.0,0.5,8162,51094,9.4,0.2,12.605085149537134,8.0,rural,0.833756345177665,955.6481254594462,0
05119,1.3,0.2,2.5,398949,60385,16.2,0.8,526.0636903467498,2.0,urban,0.38647468586474687,404.5629892542656,0
05121,1.8,0.0,0.4,18733,52838,21.1,0.4,28.735445159065005,7.0,rural,0.8250576479631053,656.5953130838626,0
05123,1.1,0.2,2.1,22740,41784,27.8,0.2,35.82320994813342,6.0,suburban,0.4962470146707608,353.4704370179948,0
05125,1.6,0.2,2.2,125724,76534,9.1,0.5,173.76802765715058,2.0,urban,0.7052267281923862,563.1383029493176,0
05127,5.4,0.1,0.1,9839,45955,17.2,0.2,11.019769130344173,8.0,rural,0.8726782504493709,437.03628417522106,0
05129,4.1,0.0,0.1,7861,41978,24.5,0.2,11.805449449199664,9.0,rural,0.8660901467505241,559.7252257982445,0
05131,4.6,0.4,4.3,128448,56450,16.3,0.9,241.81508570491476,3.0,urban,0.6923215613801807,65.39611360239164,0
05133,4.1,0.0,1.7,15797,51641,19.6,0.3,28.030289206941415,6.0,suburban,0.8139835994820889,265.8732670760271,0
05135,2.9,0.0,0.0,17597,42950,17.3,0.3,29.10320927503659,9.0,rural,0.8195777351247601,647.8376996078878,0
05137,2.8,0.0,0.4,12474,38531,21.6,0.2,20.569211885375097,9.0,rural,0.8153298287264711,681.4173480840147,0
05139,1.2,0.0,0.6,38368,50221,19.4,0.3,36.9254490847916,7.0,rural,0.6701281629970424,703.7114261884905,0
05141,2.5,0.0,0.3,15936,47266,19.5,0.3,22.458669870912868,8.0,rural,0.807372654155496,1330.3212851405624,0
05143,3.4,0.4,4.5,251863,66426,14.8,1.2,267.5267010690631,2.0,urban,0.534374933526196,163.5809944295113,0
05145,1.4,0.3,0.8,77395,53435,16.4,0.8,74.85257386692501,4.0,suburban,0.8129331785773504,804.9615608243428,0
05147,0.6,0.0,0.0,6157,49982,22.8,0.0,10.5073127969815,9.0,rural,0.6656401231852178,600.9420172161767,0
05149,1.9,2.2,4.7,20195,58870,13.3,1.6,21.70604533298627,9.0,rural,0.8092767295597484,455.5583065115128,0
06001,2.1,0.8,6.1,1651949,126240,9.2,1.6,2240.054833544635,1.0,urban,0.21986600868288722,179.06121799159658,1
06003,28.1,0.0,5.9,1695,110781,12.3,0.5,2.295689388946113,8.0,rural,0.3365650969529086,1946.9026548672566,0
06005,5.0,0.3,4.6,41029,81526,7.8,1.0,69.00447653348178,6.0,suburban,0.6429980276134122,643.4473177508592,1
06007,4.3,0.5,2.4,209470,68574,18.3,1.1,127.99958972397005,3.0,urban,0.5161420897743061,484.0788657086934,1
06009,3.8,0.6,3.2,45995,79877,13.4,0.7,45.092424546213934,6.0,suburban,0.6442300240254204,1258.832481791499,1
06011,3.2,0.0,2.6,21895,75149,10.8,1.0,19.027892366859284,6.0,suburban,0.6448502556610665,529.8013245033112,1
06013,2.6,0.8,8.3,1161458,125727,8.3,1.7,1620.1199864396492,1.0,urban,0.30374171745065676,242.10948652469568,1
06015,10.3,0.5,4.3,27293,66780,11.6,1.0,27.124786539713273,7.0,rural,0.5844130540672187,520.2799252555601,1
06017,2.5,0.4,3.2,192299,106190,8.3,1.3,112.59771519261528,1.0,urban,0.5616016615814432,554.8650799016116,1
06019,3.1,0.4,3.8,1012152,71434,18.7,1.0,169.87026859528825,1.0,urban,0.5225096991988714,398.26034034413806,1
06021,3.8,0.0,1.9,28623,70487,12.4,1.7,21.78364322862355,6.0,suburban,0.6792601338055884,1320.6162876008805,1
06023,8.6,0.5,2.3,135418,61135,18.9,0.9,37.95321394753307,5.0,suburban,0.35135839893088217,568.6097859959533,1
06025,2.7,0.3,2.5,179319,56393,19.6,2.4,42.94522607617116,3.0,urban,0.5043987155370613,209.12452110484668,1
06027,15.1,0.8,4.0,18803,72432,10.5,0.4,1.843926639153481,6.0,suburban,0.5153997000807475,813.6999414986971,0
06029,2.9,0.6,4.9,910433,67660,19.0,1.1,111.92005376592091,2.0,urban,0.6079929016369694,1125.2887362386907,1
06031,3.1,0.8,3.3,152830,68750,16.8,1.4,109.87277848933896,3.0,urban,0.6176927056389032,363.14859647974873,1
06033,6.6,0.3,3.2,68139,58738,16.7,1.0,54.29047583776389,4.0,suburban,0.5070699287227894,962.7379327551035,1
06035,5.1,0.3,4.0,31177,64395,13.7,1.0,6.8651111249615395,7.0,rural,0.7766964044336307,532.4437886903806,0
06037,2.7,0.5,11.9,9848406,87760,13.6,1.4,2425.568966887259,1.0,urban,0.3298784492583944,242.58748065422972,1
06039,5.0,0.3,2.8,158790,75496,19.9,1.2,74.30796087534948,1.0,urban,0.606544772620722,830.0270797909188,1
06041,1.9,0.5,10.1,258765,142785,7.8,1.8,497.49005213793805,1.0,urban,0.17156184471420624,186.26939501091724,1
06043,6.2,0.4,1.9,17060,65378,13.9,0.4,11.77494154746961,8.0,rural,0.6083053963447604,1588.5111371629544,0
06045,6.8,0.4,2.5,90709,64688,15.2,1.2,25.866554906009345,4.0,suburban,0.3600074513665274,283.32359523310805,1
06047,3.0,0.2,2.6,285597,65044,18.4,1.0,147.36657425014198,2.0,urban,0.5223720957870343,612.0512470369086,1
06049,6.3,0.0,3.1,8646,56648,20.3,0.4,2.189840268379665,8.0,rural,0.7410071942446043,555.1700208188757,0
06051,6.8,0.0,1.3,13169,86953,11.0,0.4,4.319256933222253,7.0,rural,0.39442916093535074,318.9308223859063,0
06053,2.5,0.6,4.4,435834,94486,12.6,1.7,132.8066721225768,2.0,urban,0.34596516874464106,253.76634223121647,1
06055,2.5,0.4,4.9,136070,108970,8.4,1.5,180.95014691553462,3.0,urban,0.32023470559549466,170.50047769530389,1
06057,2.6,0.5,2.9,102452,84905,10.6,1.1,106.97041863944494,4.0,suburban,0.4365671019496006,458.75141529691956,0
06059,2.0,0.4,5.0,3164063,113702,9.5,1.6,3990.69333420943,1.0,urban,0.486292336095462,41.62369712613181,1
06061,2.4,0.8,3.8,412435,114678,6.7,1.5,293.11331551405675,1.0,urban,0.5438417895646755,292.89463794294863,1
06063,4.9,0.7,2.7,19607,64946,10.7,0.7,7.67979719188893,9.0,rural,0.5874807593637763,353.4704370179948,0
06065,3.1,0.7,5.8,2449909,89672,11.1,1.6,339.8284102513141,1.0,urban,0.5064967409791153,284.13300249111296,1
06067,3.1,0.7,3.8,1584047,88724,12.6,1.6,1641.0238011906304,1.0,urban,0.3978829232575461,723.2108643241015,1
06069,4.5,1.2,5.3,66056,108289,7.8,1.2,47.56844759475668,1.0,urban,0.4353260667385886,295.2040692745549,1
06071,3.0,0.7,7.3,2187816,82184,13.6,1.2,109.01922973090885,1.0,urban,0.5110069814862328,227.5785532238543,1
06073,2.5,0.8,3.6,3282782,102285,10.4,2.0,779.6731296564393,1.0,urban,0.4135317382315588,113.25759675787184,1
06075,1.8,0.7,7.2,836321,141446,10.6,2.4,17908.487448348562,1.0,urban,0.16202923536096378,353.4704370179948,1
06077,6.1,0.7,4.4,787416,88531,12.6,1.6,565.5758749470526,2.0,urban,0.5045942975164585,333.3688926818861,1
06079,2.6,0.5,3.0,281486,93398,12.8,1.3,85.2770359687111,2.0,urban,0.4439916305403225,403.2172115131836,1
06081,2.2,0.5,9.6,745100,156000,6.5,1.8,1660.9247406885095,1.0,urban,0.23974490961376588,250.83881358206952,1
06083,3.6,0.4,4.5,443975,95977,13.8,1.5,162.39376937071268,2.0,urban,0.3623637714432546,279.06976744186045,1
06085,1.9,0.4,4.4,1903297,159674,6.9,1.6,1474.1850338868048,1.0,urban,0.2922729011124229,89.79155644127007,1
06087,3.0,0.4,3.9,266021,109266,11.2,1.5,597.6582373095553,2.0,urban,0.2169240788983997,480.03729028911255,1
06089,5.1,0.5,2.6,181554,71931,13.0,0.8,48.085482046847396,3.0,urban,0.6869699661932179,434.5814468422618,1
06091,2.6,0.0,1.2,2731,60000,12.3,0.7,2.865181295184908,8.0,rural,0.6244874048037493,1208.3485902599782,0
06093,7.6,0.4,2.2,43834,55499,16.6,0.9,6.981307294209743,7.0,rural,0.5993746993746993,237.2587489163663,1
06095,2.8,1.0,6.1,450824,99994,9.7,2.5,548.6237197220353,2.0,urban,0.38160050341213614,115.56616329210512,1
06097,3.7,0.4,5.1,485642,102840,8.6,1.1,308.27820190661953,2.0,urban,0.2609844214199304,209.82534459540156,1
06099,3.3,0.6,3.1,552250,79661,13.1,1.1,369.1140349173587,2.0,urban,0.5562539969739982,228.33861475780895,1
06101,4.3,0.8,2.6,98971,75450,14.8,1.5,164.21379637693377,3.0,urban,0.6609357090757528,504.18809550272306,1
06103,5.0,0.6,2.3,65520,61834,15.4,0.7,22.216669927658025,4.0,suburban,0.7139053939347172,615.0793650793651,1
06105,5.6,0.0,3.3,15886,53498,18.0,0.0,4.996748430578822,8.0,rural,0.5488209285187915,1397.4568802719375,1
06107,3.3,0.3,3.5,475774,69489,17.8,1.0,98.62851762317501,2.0,urban,0.6059892652230242,502.33934599200455,1
06109,4.4,0.8,4.0,54873,72259,10.7,0.9,24.70742796264916,4.0,suburban,0.6120416800028451,1071.5652506697281,0
06111,3.3,0.5,4.8,838259,107327,9.0,1.3,455.3837725180547,2.0,urban,0.42224407094931243,92.6921154440334,1
06113,2.8,0.3,4.4,217782,88818,16.3,1.6,214.989626950286,1.0,urban,0.3119810866228193,116.17121708864828,1
06115,5.7,1.0,3.1,83079,73313,15.3,1.9,131.45287875858077,3.0,urban,0.6329066265060241,1013.4931811889888,1
08001,4.4,0.7,7.0,524408,91387,9.4,1.6,449.46433075839195,1.0,urban,0.4536903293993306,499.61098991624846,0
08003,9.3,0.7,15.8,16515,51445,18.2,0.8,22.853531895105586,7.0,rural,0.5556773044788386,762.9427792915532,0
08005,2.7,0.8,5.2,655709,97215,8.5,1.9,821.8099898412199,1.0,urban,0.39650862559961525,344.97010106617415,0
08007,4.7,0.1,11.4,13730,76524,8.3,0.8,10.169706590733925,7.0,rural,0.5720236790177593,276.7662053896577,0
08009,2.6,0.0,1.1,3460,40380,24.1,1.0,1.3542113358896823,9.0,rural,0.8597654258031616,353.4704370179948,0
08011,6.9,0.2,11.3,5524,49194,31.7,0.1,3.651394251493342,9.0,rural,0.6987389070527791,1828.3852280955828,0
08013,1.5,0.5,3.9,328317,102772,11.4,1.7,451.98773376754866,2.0,urban,0.21349662401064393,257.3732094286924,0
08014,1.8,0.6,3.2,75110,121025,5.0,1.0,2278.2589249022362,1.0,urban,0.3532320812361255,353.4704370179948,0
08015,3.3,0.3,3.6,19876,70909,10.0,1.6,19.613020873708777,6.0,suburban,0.43020105518323115,347.15234453612396,0
08017,2.0,0.3,1.2,1732,67768,11.4,0.5,0.9739769875912906,9.0,rural,0.8959537572254336,353.4704370179948,0
08019,2.4,1.1,2.8,9358,96667,6.8,2.1,23.686768946165426,1.0,urban,0.41446923597025015,309.89527676854027,0
08021,7.2,0.6,27.2,7536,47209,13.8,1.0,5.853530030204372,9.0,rural,0.5917189460476788,353.4704370179948,0
08023,7.8,0.5,23.6,3571,36519,22.3,0.9,2.908943633551377,9.0,rural,0.4239401496259352,353.4704370179948,0
08025,6.7,0.3,14.2,5734,47563,18.2,1.4,7.281940183156631,8.0,rural,0.7447065940713854,697.5933031042902,0
08027,0.6,0.0,0.4,5073,72700,9.7,2.1,6.8681599602371515,8.0,rural,0.684964200477327,353.4704370179948,0
08029,2.3,0.2,3.7,31353,58330,14.2,0.3,27.451453493079146,6.0,suburban,0.6822636737274739,373.17003157592575,0
08031,2.9,0.7,6.1,713734,91681,11.2,1.6,4662.669367945522,1.0,urban,0.21155973842597178,353.4704370179948,0
08033,9.5,0.0,1.1,2385,70490,18.8,1.6,2.234882189609917,9.0,rural,0.76802284082798,1048.2180293501049,0
08035,1.6,0.6,3.6,368283,145737,3.2,1.6,437.96926692550363,1.0,urban,0.5358258464048028,723.62829671747,0
08037,0.8,0.0,7.5,55374,103174,8.3,1.6,32.87324470750393,5.0,suburban,0.374589347015614,261.85574457326544,0
08039,2.2,0.3,2.0,27152,129477,5.3,1.5,14.676076258756334,1.0,urban,0.7613255243530059,294.6375957572186,0
08041,3.1,1.6,5.4,736008,87470,8.5,3.2,346.12605841428643,2.0,urban,0.5503818854073894,463.3101814110716,0
08043,3.0,0.5,8.8,49394,61027,14.0,1.2,32.202948399804875,4.0,suburban,0.6970087362615243,353.4704370179948,0
08045,2.2,0.5,7.1,62034,86172,9.1,2.3,21.04684335408108,5.0,suburban,0.4892812531649843,422.3490344004901,0
08047,3.3,0.5,2.2,5877,88654,10.0,0.6,39.17409799422657,1.0,urban,0.43409490333919154,1020.9290454313425,0
08049,2.9,0.9,2.0,15794,84558,9.0,1.8,8.553723280409429,9.0,rural,0.5041296393099843,500.1899455489426,0
08051,2.4,0.3,2.9,17158,77358,13.1,1.7,5.297084987464211,7.0,rural,0.3488086232980333,353.4704370179948,0
08053,5.0,0.0,1.1,939,64327,4.5,0.5,0.8404709261801065,9.0,rural,0.5636672325976231,353.4704370179948,0
08055,4.2,0.1,16.2,6946,52139,17.5,1.0,4.365717378198612,8.0,rural,0.5441892832289492,353.4704370179948,0
08057,0.4,0.0,1.3,1422,41809,18.2,0.0,0.8811906814557983,9.0,rural,0.7856257744733581,353.4704370179948,0
08059,2.3,0.4,4.4,579715,107800,6.7,1.4,758.4088416666367,1.0,urban,0.39986624167567875,480.58097513433324,0
08061,4.8,0.0,2.2,1356,56389,12.8,0.0,0.7670513096828732,9.0,rural,0.8794326241134752,663.716814159292,0
08063,3.1,0.1,1.2,7015,59810,9.1,0.5,3.246450506758065,9.0,rural,0.8472107721901622,427.65502494654316,0
08065,4.5,0.9,8.7,7411,93655,7.2,1.5,19.66204667537548,9.0,rural,0.4145367412140575,431.79058156793957,0
08067,8.2,0.1,6.5,56088,85296,12.4,1.3,33.19441945635991,6.0,suburban,0.40413820927350796,281.7001854229068,0
08069,2.0,0.5,3.0,363561,91364,11.1,1.2,140.06028310089286,2.0,urban,0.40939303191877874,243.97556393562567,0
08071,9.4,0.4,18.2,14392,50408,17.4,0.9,3.015333537821345,7.0,rural,0.5691741188847975,451.6397998888271,0
08073,3.1,0.0,11.9,5561,54257,10.3,0.2,2.1573246294732678,8.0,rural,0.8287073750991277,353.4704370179948,0
08075,2.0,0.3,3.1,21067,55074,13.1,1.7,11.458181031353384,6.0,suburban,0.7892092836330754,294.2991408363792,0
08077,2.4,0.4,5.3,157316,71485,11.2,0.7,47.260192557199645,3.0,urban,0.6245134881223997,668.0820768389738,0
08079,3.4,0.0,1.6,799,52455,13.0,0.5,0.9123499780945016,9.0,rural,0.5681198910081744,353.4704370179948,0
08081,2.6,0.2,5.1,13258,70975,11.7,1.0,2.7951338532689953,7.0,rural,0.8211494252873563,353.4704370179948,0
08083,14.9,0.1,5.3,26204,63005,13.2,1.0,12.912514712169303,6.0,suburban,0.6076532339993227,488.475041978324,0
08085,2.5,0.2,4.1,43272,66072,11.9,1.0,19.309702026075165,5.0,suburban,0.6666134567802697,261.1388426696247,0
08087,2.9,0.3,7.7,29186,75407,12.3,0.5,22.792922241861387,6.0,suburban,0.7491807026903438,215.85691770026725,0
08089,4.1,0.0,7.0,18460,54897,23.6,0.6,14.628204910107405,6.0,suburban,0.6356517733763243,249.18743228602384,0
08091,0.8,0.0,2.0,5024,84556,5.0,1.3,9.292149629966879,9.0,rural,0.3917808219178082,338.37579617834393,0
08093,2.9,0.8,1.8,17739,95450,7.2,1.7,8.087037467648527,1.0,urban,0.585140114834176,353.4704370179948,0
08095,2.6,0.0,2.4,4491,60372,15.7,0.3,6.528300805208951,9.0,rural,0.8208695652173913,0.0,0
08097,0.4,0.2,5.7,17119,100318,7.2,2.3,17.635702632051228,7.0,rural,0.273892347125595,116.82925404521292,0
08099,4.1,0.0,6.7,11931,57601,17.2,0.8,7.282073100678513,7.0,rural,0.7575098814229249,435.8394099404911,0
08101,4.7,0.9,15.1,168726,62250,15.4,1.3,70.69748685256958,3.0,urban,0.5262599980726607,353.4704370179948,0
08103,3.7,0.3,4.4,6518,72620,9.0,0.4,2.0236137591543564,9.0,rural,0.8242758620689655,184.10555385087451,0
08105,7.2,0.3,18.8,11394,62166,14.9,0.9,12.494019146985131,9.0,rural,0.6187799636303521,131.64823591363876,0
08107,2.7,1.5,2.0,24990,104803,6.4,2.1,10.579928926830666,7.0,rural,0.3573407202216066,240.09603841536614,0
08109,8.0,0.0,17.1,6511,54283,17.6,1.0,2.05487291376007,9.0,rural,0.48064614446814996,798.6484410996775,0
08111,1.9,0.0,3.9,690,73889,16.8,0.9,1.7805737013879663,9.0,rural,0.3333333333333333,353.4704370179948,0
08113,2.4,0.0,2.5,8026,80117,8.4,1.1,6.237540772431181,9.0,rural,0.24642323297031818,62.297533017692494,0
08115,2.9,0.6,3.4,2346,52833,14.5,0.3,4.28070361313287,9.0,rural,0.7873779113448535,353.4704370179948,0
08117,0.7,0.4,5.5,30857,106255,7.4,2.3,50.7242503488489,5.0,suburban,0.30836175467482063,583.3360339631201,0
08119,2.4,0.4,2.9,24774,80666,7.6,3.2,44.46631407265252,2.0,urban,0.6818667169147666,28.255429078873014,0
08121,1.8,0.0,1.4,4839,65164,7.6,0.3,1.9216994391884006,9.0,rural,0.8810126582278481,1074.6021905352345,0
08123,3.0,0.5,5.2,340711,93287,9.0,1.3,85.49927180123684,2.0,urban,0.6076269396933016,262.09896363780445,0
08125,1.5,0.4,1.5,9921,60051,15.0,0.4,4.1959931657147855,9.0,rural,0.8339539978094195,251.9907267412559,0
09110,1.0,10.9,5.1,969029,91541,10.3,5.1,943.2329502586754,1.0,urban,0.713488819427747,353.4704370179948,1
09120,0.9,10.7,11.8,326296,87135,13.2,4.8,2327.671599393376,2.0,urban,0.713488819427747,353.4704370179948,1
09130,1.3,3.7,2.8,174983,101117,6.9,1.6,412.584035602443,1.0,urban,0.713488819427747,353.4704370179948,1
09140,1.4,11.1,6.8,452303,86365,10.3,4.6,1095.736996754308,2.0,urban,0.713488819427747,353.4704370179948,1
09150,2.1,2.8,1.6,95829,87564,8.6,1.2,173.00934937640315,4.0,suburban,0.713488819427747,353.4704370179948,1
09160,1.1,2.4,4.5,112848,91035,9.2,1.4,143.4553851926246,4.0,suburban,0.713488819427747,353.4704370179948,1
09170,1.0,9.6,6.1,566803,86266,11.6,4.0,1543.7118025350287,2.0,urban,0.713488819427747,353.4704370179948,1
09180,2.6,7.6,4.4,279025,84185,10.6,3.6,466.49154435208317,2.0,urban,0.713488819427747,353.4704370179948,1
09190,1.0,2.6,14.7,621232,124553,7.4,2.1,1167.4503258351515,2.0,urban,0.713488819427747,353.4704370179948,1
10001,1.6,3.8,2.3,185043,72872,11.3,2.7,315.7401553597428,3.0,urban,0.48982464236271345,353.4704370179948,1
10003,1.1,3.6,3.2,573030,89901,10.2,1.9,1344.078572823839,1.0,urban,0.3346049608201261,353.4704370179948,1
10005,1.7,1.3,6.5,247799,78162,11.5,1.0,264.7013701915426,4.0,suburban,0.5554946147359472,353.4704370179948,1
11001,1.6,0.8,8.2,672079,106287,14.5,2.1,10994.937946335858,1.0,urban,0.06685254439971959,353.4704370179948,0
12001,1.0,2.8,5.4,281751,59659,19.7,2.9,321.76384130748977,2.0,urban,0.3935487707873354,353.4704370179948,1
12003,3.4,1.0,1.3,28186,70833,13.1,0.7,48.16225376630796,1.0,urban,0.8670512476522673,353.4704370179948,1
12005,1.8,2.2,3.3,181368,70188,11.7,3.1,239.08303969353645,3.0,urban,0.7393844753769467,353.4704370179948,1
12007,1.8,2.9,1.0,27888,59740,19.1,2.7,94.86810225511564,6.0,suburban,0.7875378623972307,353.4704370179948,1
12009,1.2,4.3,4.1,620533,75817,9.9,3.5,611.3807028764213,2.0,urban,0.605236383557968,353.4704370179948,1
12011,1.3,4.6,19.1,1946127,74534,12.2,3.5,1617.8501827720845,1.0,urban,0.4143602530359699,353.4704370179948,1
12013,2.3,2.2,1.2,13593,46901,21.2,1.8,23.959328863130427,8.0,rural,0.8401690670006262,353.4704370179948,1
12015,1.0,2.1,2.9,195083,66154,9.6,1.5,286.415984208202,3.0,urban,0.6709509476938095,353.4704370179948,1
12017,1.4,2.5,2.2,158693,55355,15.5,1.0,272.709436401123,3.0,urban,0.7308669288757784,353.4704370179948,1
12019,1.4,4.0,3.7,223436,86094,9.1,3.5,369.5614357359433,1.0,urban,0.6981303278492801,353.4704370179948,1
12021,1.8,1.9,9.3,387681,86173,10.5,2.3,194.14652208678342,2.0,urban,0.666398433393647,353.4704370179948,1
12023,1.5,2.7,2.3,70755,55070,17.0,2.2,88.73468298272138,4.0,suburban,0.7526830145692188,353.4704370179948,1
12027,1.3,1.6,3.5,34719,50868,23.1,1.6,54.530056942813836,6.0,suburban,0.7160235237251269,353.4704370179948,1
12029,3.0,0.5,2.5,16952,47655,19.3,0.5,24.044213190859253,8.0,rural,0.854004689621128,353.4704370179948,1
12031,1.2,3.8,4.3,1007189,68447,14.6,2.9,1320.700564569554,1.0,urban,0.5074304735316225,353.4704370179948,1
12033,2.1,1.1,2.6,323275,65715,14.5,2.0,492.05166285502395,2.0,urban,0.5987714896154228,353.4704370179948,1
12035,1.1,3.8,3.7,121710,72923,9.4,2.7,250.333569510878,2.0,urban,0.6421297753162565,353.4704370179948,1
12037,1.0,2.2,1.6,12418,62734,17.3,2.2,22.78538037417134,8.0,rural,0.7209371735561857,353.4704370179948,1
12039,1.8,0.9,3.6,43642,46047,27.7,1.3,84.51608694679882,2.0,urban,0.3454235413402157,353.4704370179948,1
12041,2.1,1.7,2.9,18494,61070,11.2,0.8,52.886105198021355,2.0,urban,0.8431039365618805,353.4704370179948,1
12043,3.6,0.6,5.1,12324,38905,21.2,2.0,15.274744870301712,8.0,rural,0.767503805175038,353.4704370179948,1
12045,2.6,1.0,1.5,14772,67361,11.6,1.5,26.690236458168624,8.0,rural,0.7723596024959556,353.4704370179948,1
12047,2.5,1.9,2.2,13445,47696,27.3,2.1,26.142571486780398,8.0,rural,0.6965383939553681,353.4704370179948,1
12049,2.7,5.3,4.6,25508,54231,24.3,2.9,40.008197283568755,6.0,suburban,0.7834796587115123,353.4704370179948,1
12051,3.1,3.3,10.4,40798,53044,21.6,1.9,35.29391824333144,4.0,suburban,0.6931605363697655,353.4704370179948,1
12053,1.2,8.3,3.8,201512,63193,12.0,3.6,426.0606281621442,1.0,urban,0.6866405162135842,353.4704370179948,1
12055,1.6,6.9,3.2,103808,55581,15.4,4.2,102.00659283446298,3.0,urban,0.7049545621887655,353.4704370179948,1
12057,1.3,7.8,9.5,1489634,75011,13.2,5.1,1456.8524123897027,1.0,urban,0.5154957556611282,353.4704370179948,1
12059,2.0,0.4,1.1,19626,48236,14.4,1.1,40.98512971071307,8.0,rural,0.9028099173553719,353.4704370179948,1
12061,1.2,2.6,4.2,163856,71049,11.4,2.1,326.0637890781212,3.0,urban,0.6376294579788802,353.4704370179948,1
12063,1.6,1.1,1.6,47652,47327,18.8,1.3,51.89548176729581,6.0,suburban,0.7317672767003551,353.4704370179948,1
12065,0.9,1.0,0.8,14713,56984,20.3,2.0,24.60041137777524,2.0,urban,0.5937203791469194,353.4704370179948,1
12067,1.1,0.7,1.3,8035,60692,17.8,1.5,14.78803430069841,9.0,rural,0.881990901792882,353.4704370179948,1
12069,1.2,7.9,5.4,398696,69956,9.5,4.1,418.7411266029612,1.0,urban,0.6243168063418145,353.4704370179948,1
12071,1.4,4.5,7.8,792692,73099,11.7,2.6,1014.9362908362106,2.0,urban,0.642883706376747,353.4704370179948,1
12073,1.0,1.1,3.9,295335,65074,18.5,1.8,441.83534333719547,2.0,urban,0.38986683191644556,353.4704370179948,1
12075,1.4,2.8,2.5,44276,53805,17.2,2.2,39.593872143786186,2.0,urban,0.7527125706506044,353.4704370179948,1
12077,2.6,0.8,2.6,7650,53824,20.8,2.2,9.155499897059935,8.0,rural,0.8366050808314087,353.4704370179948,1
12079,1.5,1.0,2.5,18113,48176,20.9,0.5,26.004665213695574,8.0,rural,0.6451400329489292,353.4704370179948,1
12081,1.2,3.2,5.4,416020,75792,10.4,2.4,560.0988580995564,2.0,urban,0.6184451487938017,353.4704370179948,1
12083,1.4,7.3,4.2,387697,58535,14.6,4.5,244.07680182427808,2.0,urban,0.6592994652154894,353.4704370179948,1
12085,1.3,2.3,7.5,160464,80701,11.4,2.0,295.0669526238295,2.0,urban,0.6565738275650215,353.4704370179948,1
12086,0.6,3.2,28.3,2685296,68694,14.9,3.0,1413.3699004593777,1.0,urban,0.5576617600338876,353.4704370179948,1
12087,1.0,1.5,7.2,81840,82430,10.4,1.9,83.25249035060246,4.0,suburban,0.5924040275473328,353.4704370179948,1
12089,1.0,0.9,2.0,94653,88900,9.2,1.8,145.91614191819403,1.0,urban,0.7366181170108161,353.4704370179948,1
12091,1.9,1.8,4.9,214281,79097,9.3,4.6,230.4438908739812,2.0,urban,0.714600962779068,353.4704370179948,1
12093,1.6,1.4,3.7,40249,52288,19.0,2.1,52.31991559828848,4.0,suburban,0.7703615663705743,353.4704370179948,1
12095,1.3,13.9,13.6,1440471,77011,13.0,9.2,1595.220228254488,1.0,urban,0.43112174212049686,353.4704370179948,1
12097,1.3,27.8,22.0,406943,68711,12.5,15.7,306.5387291557095,1.0,urban,0.5073368515896511,353.4704370179948,1
12099,1.0,3.5,12.4,1507453,81115,11.1,2.6,767.428352563455,1.0,urban,0.49616148281999817,353.4704370179948,1
12101,1.3,6.2,6.2,588758,67384,11.1,3.4,788.5818165146741,1.0,urban,0.6274137214532927,353.4704370179948,1
12103,1.1,2.8,3.8,960565,70293,11.4,2.3,3508.5048213112127,1.0,urban,0.5263906361100475,353.4704370179948,1
12105,1.3,11.7,6.5,760961,63644,14.7,8.1,423.1984045842495,2.0,urban,0.6043078951096054,353.4704370179948,1
12107,1.3,2.8,1.2,74235,47256,23.9,2.0,101.92156815722278,4.0,suburban,0.7405558329172908,353.4704370179948,1
12109,0.8,2.2,4.1,292243,106169,6.7,2.4,486.55194352140927,1.0,urban,0.6582064297800339,353.4704370179948,1
12111,1.1,5.6,8.3,346237,69027,11.6,3.1,605.4434913692699,2.0,urban,0.54563407866819,353.4704370179948,1
12113,2.1,1.4,1.9,193719,88968,8.4,2.5,191.34612793786323,2.0,urban,0.757204824470808,353.4704370179948,1
12115,0.9,1.8,3.7,449011,80633,8.2,1.7,807.5646292872959,2.0,urban,0.5916154077575239,353.4704370179948,1
12117,1.2,9.5,9.2,474912,83030,9.2,5.5,1535.0498424415566,1.0,urban,0.5180034497628289,353.4704370179948,1
12119,0.7,1.2,2.1,137536,73297,9.1,1.9,246.85896977772086,3.0,urban,0.6890576491378898,353.4704370179948,1
12121,2.1,1.3,5.0,44484,55479,14.2,0.9,64.60193287197264,6.0,suburban,0.8063642207732574,353.4704370179948,1
12123,1.4,1.0,1.2,21422,44985,17.3,0.7,20.532197882237796,6.0,suburban,0.799798893916541,353.4704370179948,1
12125,5.3,2.1,1.0,15551,64922,18.7,1.6,63.85005563040159,8.0,rural,0.8432606941081517,353.4704370179948,1
12127,1.0,7.2,4.2,568229,66581,12.2,4.1,516.0483290358659,2.0,urban,0.6097367643093596,353.4704370179948,1
12129,1.6,1.2,2.2,34608,74183,5.6,1.8,57.06953430461432,2.0,urban,0.723624726977193,353.4704370179948,1
12131,3.2,1.0,2.3,79846,79281,11.4,1.9,76.90085842521803,2.0,urban,0.7911565868810524,353.4704370179948,1
12133,2.1,0.6,1.0,25259,52723,18.9,0.8,43.201645227400896,3.0,urban,0.8289368505195843,353.4704370179948,1
13001,1.5,0.3,1.3,18426,43728,23.8,0.3,36.252938107613666,7.0,rural,0.8125225333493571,353.4704370179948,1
13003,1.1,2.8,2.3,8261,38438,25.0,0.8,24.104332262040028,9.0,rural,0.7704918032786885,593.148529233749,1
13005,1.7,0.5,0.4,11129,50310,20.9,0.3,39.17524375390627,9.0,rural,0.8664872697164149,353.4704370179948,1
13007,1.4,0.3,0.8,2830,44405,29.4,0.2,8.275886704552132,8.0,rural,0.5994568906992532,353.4704370179948,1
13009,0.7,0.4,1.3,43669,55413,22.0,0.8,168.80217168755718,4.0,suburban,0.511076709549992,1248.0249146992144,0
13011,3.0,0.1,1.5,18757,68830,12.8,0.2,80.63486925665921,8.0,rural,0.891747665332571,353.4704370179948,0
13013,2.2,2.6,4.1,86982,77477,10.2,1.6,540.1380613418779,1.0,urban,0.7035417477506353,912.8325400657608,0
13015,1.3,1.1,2.1,111153,79431,10.1,0.8,242.20975933192318,1.0,urban,0.756314124412284,887.0655762777433,0
13017,0.9,0.4,1.8,17138,39081,25.7,1.1,68.51971405036596,7.0,rural,0.6606481481481481,583.4986579530868,0
13019,0.8,0.5,2.0,18257,50414,22.1,0.6,40.268965662833175,8.0,rural,0.8498136645962733,816.1253217943802,1
13021,1.2,0.7,1.4,156543,50747,24.8,1.1,627.722083670884,3.0,urban,0.3873020485253523,5123.19298850795,0
13023,0.4,0.8,1.3,12414,53005,20.5,0.3,57.504632637350916,6.0,suburban,0.7777224435590969,781.3758659577896,0
13025,2.3,0.0,0.0,18171,47801,16.9,0.5,40.99635127838603,3.0,urban,0.9132075471698113,353.4704370179948,1
13027,0.9,1.5,1.6,16285,47656,25.4,0.3,33.02011542555836,3.0,urban,0.6343024064543051,650.9057414798895,1
13029,1.1,3.9,1.7,46681,94234,7.2,4.3,106.68394682962649,2.0,urban,0.6827099563568136,490.5636126047,1
13031,1.5,1.1,1.3,81372,56832,22.5,1.6,120.37943291529699,4.0,suburban,0.6457121757592541,308.45991250061445,1
13033,1.0,0.5,0.5,24427,50739,19.2,0.4,29.53545642640885,2.0,urban,0.5468650757644496,892.4550702091947,1
13035,1.3,0.1,0.9,26074,59221,12.9,0.8,141.94570571187978,1.0,urban,0.7267119062307218,579.1209634118279,0
13037,1.6,0.1,0.7,5528,55714,22.7,0.2,19.71581081938907,8.0,rural,0.43838285435947394,353.4704370179948,0
13039,1.6,2.8,2.1,56036,72399,15.0,2.0,88.90761120552939,4.0,suburban,0.6794920683343502,205.2252123634806,1
13043,5.6,0.6,1.5,10972,50431,17.5,0.8,45.14123702820946,9.0,rural,0.7378342832091188,747.3569084943492,1
13045,1.3,0.8,3.7,122187,72327,15.6,1.0,244.79765670897908,1.0,urban,0.7069303639687552,476.3190846816765,0
13047,1.4,0.4,1.3,68356,72425,8.7,0.9,421.5278094476841,2.0,urban,0.7789636770528491,408.15729416583764,0
13049,2.5,0.9,1.9,12711,48534,22.5,1.0,16.294339697570326,8.0,rural,0.7817511920242739,353.4704370179948,1
13051,1.3,1.7,2.9,298143,69575,14.3,2.3,689.0041867531135,2.0,urban,0.4092680628720716,353.4704370179948,1
13053,2.9,2.1,4.5,9181,59221,16.2,4.3,36.910474024441164,2.0,urban,0.5827893175074184,353.4704370179948,0
13055,2.0,0.3,4.4,24975,47785,20.1,1.1,79.709137169892,6.0,suburban,0.8222222222222222,1005.005005005005,0
13057,2.1,1.0,5.2,274539,105442,6.5,1.2,652.0815110528242,1.0,urban,0.6966206982233818,348.22010716145974,0
13059,2.1,0.5,4.2,129267,52267,25.9,1.0,1083.545713040039,3.0,urban,0.30659458220303365,0.0,0
13061,0.4,0.0,0.0,2853,48715,23.0,0.4,14.600524063682933,9.0,rural,0.46234309623430964,1226.7788293024885,0
13063,1.4,0.9,3.5,298771,58507,16.8,1.7,2107.649377865639,1.0,urban,0.1519355419517465,353.4704370179948,0
13065,4.1,0.9,1.1,6722,55549,22.9,0.3,8.247896256539239,8.0,rural,0.7581811918704788,476.04879500148763,1
13067,1.6,1.6,5.7,769152,98712,8.5,1.9,2264.1666355095826,1.0,urban,0.42479531987015307,21.84223664503245,0
13069,1.7,0.1,2.9,43161,50175,19.8,0.5,72.87665340978415,7.0,rural,0.7261365810112861,820.1848891360256,1
13071,2.3,0.9,3.8,45907,49691,23.9,1.0,83.92007030240221,6.0,suburban,0.7516450347117416,353.4704370179948,1
13073,1.1,1.9,2.0,159638,96122,6.8,3.0,550.108046685623,2.0,urban,0.6291788323307653,658.3645497939087,0
13075,1.3,2.7,1.0,17363,50133,20.5,2.1,76.00329373212615,6.0,suburban,0.7331514324693043,558.659217877095,1
13077,1.3,1.4,2.7,150071,94142,8.2,1.4,340.2426252708163,1.0,urban,0.6705034284709606,733.6527377041534,0
13079,1.2,0.0,1.4,12183,60905,13.3,0.7,37.49604704595939,3.0,urban,0.7498418722327641,1009.6035459246491,0
13081,1.0,0.1,0.3,19995,42745,24.1,0.3,73.32771094990011,6.0,suburban,0.6301285219970341,995.2488122030508,0
13083,1.4,0.5,1.4,16196,58936,8.5,1.2,93.03975033425151,2.0,urban,0.8351540444335338,438.3798468757718,0
13085,1.2,0.3,2.4,28704,88986,9.2,1.2,136.14883810281526,1.0,urban,0.8278962239917801,1107.859531772575,0
13087,1.4,0.6,0.8,29118,50485,24.8,0.2,48.754321923861376,6.0,suburban,0.6202223766504517,655.9516450305653,1
13089,2.5,0.7,4.8,762105,77683,13.5,1.6,2847.0442233643207,1.0,urban,0.17286861080132063,2.6243102984496884,0
13091,0.9,0.1,0.9,19909,50152,22.2,0.2,40.14211584375531,7.0,rural,0.7501800720288115,353.4704370179948,0
13093,2.3,0.4,0.2,11026,56545,19.7,1.0,28.08237398038604,8.0,rural,0.5386647454370798,353.4704370179948,0
13095,0.9,0.6,1.2,83915,46784,26.4,0.6,255.33728378325478,3.0,urban,0.2935823328886913,17.875230888398974,0
13097,1.4,1.3,2.5,146141,80764,11.3,1.4,729.9546327855159,1.0,urban,0.3416481576399567,797.1753306738013,0
13099,1.3,0.0,1.2,10683,53750,21.1,0.4,20.840831660762174,8.0,rural,0.5574241181296145,402.5086586164935,1
13101,0.2,1.4,2.3,3705,61723,12.4,0.9,8.812885713887628,3.0,urban,0.9114365411436541,353.4704370179948,1
13103,1.5,1.3,1.0,67265,85465,7.4,2.6,140.47787393883831,2.0,urban,0.7466123534790922,286.92484947595335,1
13105,3.3,0.4,0.7,19725,49727,20.6,0.1,56.18012349531626,6.0,suburban,0.7175732217573222,353.4704370179948,0
13107,2.6,0.5,0.1,22961,50053,24.7,0.3,33.73768132785038,7.0,rural,0.7213302752293578,4.355211009973433,1
13109,2.1,1.4,0.6,10740,53908,18.4,1.5,58.722338084093046,8.0,rural,0.7126627218934911,353.4704370179948,1
13111,1.4,0.3,0.9,25605,58073,12.0,0.7,66.14483296388481,8.0,rural,0.8249890890953301,699.0822105057606,0
13113,1.2,1.3,2.6,120689,108986,5.5,2.2,620.2959497118688,1.0,urban,0.5159123771942864,197.20107052009712,0
13115,1.2,0.4,4.6,98985,62540,16.8,0.7,194.15175301739265,3.0,urban,0.7109208190052367,3.0307622367025306,0
13117,1.3,1.2,3.9,260062,138000,4.5,1.4,1157.7269406412124,1.0,urban,0.667307551721617,409.5177303873692,0
13119,1.3,0.2,0.3,23840,52264,20.4,0.3,91.2213764074057,8.0,rural,0.86395175945812,353.4704370179948,0
13121,1.0,0.9,3.4,1068507,91490,12.9,1.8,2028.5302883400677,1.0,urban,0.2732396813793546,2.3397132634601365,0
13123,4.6,0.5,5.7,31976,72542,14.7,0.6,75.02306047469911,6.0,suburban,0.8143999129914623,738.0535401551164,0
13125,0.3,0.0,0.0,2913,55250,12.2,1.3,20.26497626776009,9.0,rural,0.9202159568086383,892.5506350841057,0
13127,0.9,0.4,3.2,84987,68546,16.3,1.2,202.52565284292564,3.0,urban,0.6305889890622854,353.4704370179948,1
13129,3.0,1.7,5.1,58336,61997,12.9,1.7,163.6614951229692,4.0,suburban,0.8186847181278888,493.6917169500823,0
13131,1.2,0.7,1.2,26056,54312,20.6,0.4,57.333714657507244,6.0,suburban,0.6918032786885245,241.7869204789684,1
13133,1.3,1.1,3.2,19586,84530,8.8,1.0,50.542295285723824,8.0,rural,0.645376698876581,469.72327172470136,0
13135,1.3,1.9,10.5,966972,84823,10.5,2.3,2242.907760116521,1.0,urban,0.4164163947365888,2.895637102211853,0
13137,1.3,1.3,1.8,46948,65622,13.6,1.0,169.56898124335106,6.0,suburban,0.8258693588747951,419.61318906023683,0
13139,1.2,0.9,7.2,208395,77430,12.7,1.3,530.7693039995293,3.0,urban,0.720272750597012,685.7170277597832,0
13141,0.6,0.0,0.0,8630,33182,31.5,0.0,18.32011924974829,9.0,rural,0.3226111636707663,353.4704370179948,0
13143,1.1,1.1,0.5,30720,65016,15.1,0.7,108.87237960451232,1.0,urban,0.8733439646712463,1090.4947916666665,0
13145,1.1,1.4,1.9,35509,89184,7.4,2.5,76.55882948571815,2.0,urban,0.7315243272384204,104.19893548114561,0
13147,2.1,0.2,0.5,26484,57241,11.5,0.5,113.94783042861872,6.0,suburban,0.775115594787726,717.4142878719226,0
13149,3.4,0.4,0.0,11616,62907,18.7,0.4,39.246781918160906,1.0,urban,0.8613174039392961,774.7933884297521,0
13151,1.4,1.8,2.1,245417,81612,9.4,1.6,770.0532680427775,1.0,urban,0.35077786875657974,4.074697351854191,0
13153,1.4,0.8,2.6,166902,80743,10.1,2.2,443.83379342491673,3.0,urban,0.5566872847142487,353.4704370179948,0
13155,0.0,0.1,0.4,9385,53915,18.1,1.3,26.484162733075937,9.0,rural,0.77207582061951,607.352157698455,0
13157,0.9,1.3,3.7,80640,85012,8.3,1.8,237.47276341996954,4.0,suburban,0.7770444335625626,353.4704370179948,0
13159,1.0,0.8,1.3,15345,59574,14.0,0.5,41.652395246717006,1.0,urban,0.7929326287978864,964.4835451287064,0
13161,3.6,1.0,0.6,14838,40879,26.6,0.6,44.83878724730248,9.0,rural,0.8422939068100358,353.4704370179948,1
13163,1.1,0.0,0.5,15468,46561,18.8,0.4,29.375844999032683,8.0,rural,0.5061164134964377,801.6550297388156,0
13165,0.8,0.9,0.6,8674,36906,23.6,0.1,24.969888179598627,9.0,rural,0.6528268551236749,353.4704370179948,1
13167,1.4,0.6,0.8,9192,54183,17.5,0.8,30.334746061337263,9.0,rural,0.7320934908268409,353.4704370179948,0
13169,0.8,0.3,1.2,28526,68259,13.5,0.5,72.41174174252332,3.0,urban,0.6907968574635241,655.5423122765196,0
13171,0.6,0.1,0.2,19098,68457,10.5,0.6,104.0759470065004,6.0,suburban,0.7304725168756027,353.4704370179948,0
13173,1.0,1.6,3.3,10094,44361,27.7,1.6,51.35905550752375,3.0,urban,0.7325987637731792,1248.266296809986,1
13175,0.7,0.3,0.4,49619,49705,22.4,0.9,61.46017778251529,4.0,suburban,0.6640893470790378,796.0660230959915,0
13177,1.9,0.4,1.9,33337,88024,7.0,0.7,93.68418759895154,3.0,urban,0.7185441744265274,776.914539400666,0
13179,1.9,5.2,1.9,66826,59013,14.5,5.5,129.39174582069148,3.0,urban,0.4122707423580786,353.4704370179948,1
13181,1.2,0.2,0.5,7773,50688,18.1,0.2,36.94721985768459,2.0,urban,0.724847250509165,353.4704370179948,0
13183,2.9,5.4,1.3,17512,64747,16.0,4.8,43.73637382225057,3.0,urban,0.6479454002559363,353.4704370179948,1
13185,1.4,1.7,1.7,119055,55887,20.3,1.8,239.4322835209467,3.0,urban,0.5903338378742011,801.3103187602368,1
13187,1.5,1.1,0.7,33931,72388,15.7,1.8,119.92141831296783,1.0,urban,0.8103419044927945,565.8542335917008,0
13189,1.0,0.7,1.2,21687,54058,19.0,0.7,84.26310584406711,2.0,urban,0.6250119058957996,714.7138838935768,0
13191,3.4,0.8,1.3,11187,50348,22.4,1.0,25.935017589195706,3.0,urban,0.6436610169491526,1054.7957450612319,1
13193,1.1,0.1,1.6,11953,37177,25.5,0.4,29.833122672503496,8.0,rural,0.4101905373581674,353.4704370179948,0
13195,0.9,0.4,3.0,30914,58784,18.9,1.5,109.49849471955733,3.0,urban,0.775323275862069,870.1559164132756,0
13197,1.9,0.9,4.5,7474,50484,16.9,0.5,20.43632632536281,2.0,urban,0.6520410996945293,414.7712068504148,0
13199,1.3,0.7,0.3,20757,56458,19.7,0.5,41.43886456179891,1.0,urban,0.627766428328226,790.0949077419665,0
13201,1.4,0.0,0.9,5873,58407,24.1,0.0,20.795061525287384,9.0,rural,0.7532228360957642,353.4704370179948,1
13205,0.7,1.7,1.0,21441,51908,25.5,0.3,41.86403557985061,6.0,suburban,0.5818551576093097,718.2500816193275,1
13207,0.7,0.2,0.4,28919,82863,11.4,0.5,73.01089541208559,3.0,urban,0.7342288726407074,159.0649745841834,0
13209,1.9,1.5,0.5,8675,51188,16.4,1.2,35.97418472079374,9.0,rural,0.7659090909090909,714.6974063400576,1
13211,0.6,0.7,1.0,20614,85692,7.4,1.1,59.33601244583572,1.0,urban,0.7307575064776711,353.4704370179948,0
13213,2.6,0.3,3.9,40282,67880,13.0,0.6,116.9308889552672,3.0,urban,0.8588728191000918,171.29238865994736,0
13215,1.3,2.3,2.5,204383,56622,18.8,2.9,944.0335982984438,2.0,urban,0.3825613215209487,353.4704370179948,0
13217,1.6,0.7,2.3,115530,73732,12.3,1.7,421.9282401278377,1.0,urban,0.42384049581148264,1141.6947978879944,0
13219,2.8,0.3,1.4,42788,115925,6.1,0.9,232.1122972190078,3.0,urban,0.6812601686141103,1259.6989810227167,0
13221,0.9,0.7,1.0,15221,69784,11.2,1.1,34.667086673295856,3.0,urban,0.7132269099201825,353.4704370179948,0
13223,1.7,1.4,2.7,174292,94557,6.1,1.7,557.9400105838902,1.0,urban,0.6214272874348373,885.8696899456086,0
13225,1.3,0.9,1.2,28269,68365,17.7,1.9,188.10385095833854,3.0,urban,0.5302679704411435,0.0,0
13227,2.2,0.5,1.4,34197,75293,13.3,1.5,147.3631400710786,1.0,urban,0.8306974955535259,546.831593414627,0
13229,1.1,0.5,0.6,19996,56691,13.2,0.5,58.732977343224285,8.0,rural,0.8882389162561576,635.127025405081,1
13231,0.7,0.0,0.8,19540,84184,9.6,0.6,90.42690869799945,1.0,urban,0.8682864450127877,440.12282497441146,0
13233,1.6,1.1,4.2,43365,55308,19.4,0.7,139.7339162851436,4.0,suburban,0.8037275535312287,13.836042891732966,0
13235,3.0,0.4,3.2,9893,47688,18.3,2.5,39.68926441620047,8.0,rural,0.7032661570535094,353.4704370179948,0
13237,0.6,0.0,2.6,22524,64163,18.6,0.2,65.34722989692742,8.0,rural,0.7119700748129676,674.8357307760612,0
13239,0.7,0.7,0.5,2092,36838,15.5,0.0,13.832557000701213,8.0,rural,0.5774647887323944,353.4704370179948,0
13241,1.1,0.3,1.5,17107,61466,14.8,0.7,46.21833791151241,9.0,rural,0.7857900318133616,531.9459870228561,0
13243,1.2,0.2,0.3,6270,25425,26.8,0.0,14.641458356156479,8.0,rural,0.4616677874915938,353.4704370179948,0
13245,1.2,1.7,1.7,206040,53197,21.1,2.3,635.2593983432685,2.0,urban,0.31844482671510543,353.4704370179948,0
13247,1.7,0.8,1.4,94293,72349,10.7,1.0,726.3445396677668,1.0,urban,0.2609635439878777,906.7481149183926,0
13249,2.1,0.0,0.4,4539,59647,13.2,1.3,27.194529930058582,8.0,rural,0.8130416838629798,418.59440405375636,0
13251,2.4,1.3,0.4,14057,53017,18.1,0.6,21.76609430717262,8.0,rural,0.626267014190559,353.4704370179948,1
13253,0.6,0.1,0.1,9117,49559,19.0,0.2,38.37993873741428,8.0,rural,0.7023988005997002,353.4704370179948,1
13255,0.8,0.7,1.5,68215,60217,18.7,0.5,348.0881475561677,1.0,urban,0.5837568085689073,804.8083266143809,0
13257,1.3,0.0,1.5,26842,52264,13.9,0.8,150.07105283760373,7.0,rural,0.815587603559374,353.4704370179948,0
13259,2.3,0.2,7.8,4978,35000,27.8,2.2,10.851262611474969,2.0,urban,0.41847826086956524,353.4704370179948,0
13261,3.1,0.0,1.2,29174,41877,22.7,0.5,60.41701287124593,6.0,suburban,0.48887963348604746,616.9877287996161,0
13263,1.2,0.1,0.0,5753,45098,21.6,1.7,14.699367388757597,2.0,urban,0.43992880450904776,764.8183556405354,0
13265,0.9,1.6,0.1,1740,48036,21.4,0.3,8.941108612443864,8.0,rural,0.42517006802721086,353.4704370179948,0
13267,1.5,0.3,1.4,24215,52351,22.7,1.0,50.359802034121095,8.0,rural,0.7680971468993162,569.894693371877,1
13269,0.4,0.0,0.0,7786,41743,29.4,0.5,20.669717976477745,8.0,rural,0.6555723651033787,353.4704370179948,0
13271,0.7,1.3,2.4,12174,44948,31.0,0.7,27.83853792412111,9.0,rural,0.6969552806850619,353.4704370179948,1
13273,0.3,0.3,0.3,8941,43812,33.0,0.5,26.62664799709258,3.0,urban,0.4794362292051756,353.4704370179948,0
13275,1.4,0.3,1.8,45696,60140,17.9,0.4,83.90239393240887,4.0,suburban,0.6208838624699096,748.4243697478992,1
13277,1.6,0.4,1.7,41322,53165,20.9,0.5,158.38851695024957,5.0,suburban,0.6788709105940711,1585.112046851556,1
13279,2.6,0.7,1.1,26943,54130,19.7,1.3,74.01668835073436,7.0,rural,0.7542731115603749,353.4704370179948,1
13281,1.9,0.8,1.1,12739,58400,12.9,1.1,76.52025781228878,9.0,rural,0.8126987732848705,353.4704370179948,0
13283,1.6,0.0,0.2,6387,43750,25.0,0.3,32.02610343007542,9.0,rural,0.7225433526011561,353.4704370179948,1
13285,0.9,0.3,1.5,69821,54905,18.5,0.7,168.64611904012034,4.0,suburban,0.6225561013194645,650.234170235316,0
13287,2.5,0.0,0.6,8915,39565,21.6,0.2,31.234952667841988,9.0,rural,0.6428571428571429,448.681996634885,0
13289,1.9,0.0,0.3,7869,55439,14.9,0.4,21.903381226389858,3.0,urban,0.5735823582358236,1016.6476045240819,0
13291,1.9,0.7,0.6,25598,65697,10.4,1.0,79.47636018313273,8.0,rural,0.813954795906893,289.08508477224785,0
13293,0.9,0.3,0.2,27856,50904,21.3,0.3,86.11705933521327,6.0,suburban,0.6992514310876266,136.41585295807008,0
13295,0.8,1.0,0.3,68449,55887,13.8,0.6,153.37482995217968,2.0,urban,0.7982318640667126,353.4704370179948,0
13297,1.1,1.4,1.4,100361,82381,12.2,1.3,307.08307646847726,1.0,urban,0.7310039302213335,207.2518209264555,0
13299,1.2,0.4,1.7,35958,44833,22.8,0.4,39.98710378975163,5.0,suburban,0.7164564020352687,520.0511708103899,1
13301,0.7,0.4,0.1,5175,46776,21.8,0.5,18.198895839172568,8.0,rural,0.47641144624903325,353.4704370179948,0
13303,0.7,0.1,1.1,19893,44009,15.5,0.9,29.317967987614864,7.0,rural,0.5095595225520229,353.4704370179948,0
13305,1.1,0.8,1.5,30519,49562,20.5,1.2,47.55126148523191,6.0,suburban,0.7996893261335898,353.4704370179948,1
13307,4.3,0.0,0.0,2348,40764,26.4,0.1,11.199224849540503,8.0,rural,0.5922038980509745,353.4704370179948,0
13309,0.6,0.3,0.3,7434,45262,21.5,0.5,25.158251350595616,9.0,rural,0.7259911894273128,353.4704370179948,1
13311,1.1,0.4,0.4,28454,69747,11.7,0.8,118.19183777603729,8.0,rural,0.8441922962078232,397.13221339706195,0
13313,3.2,0.7,7.2,103118,64262,13.7,0.9,355.03471970532513,3.0,urban,0.7234649565744294,1017.281173025078,0
13315,1.9,0.1,1.3,8784,48036,23.1,0.2,23.249734825211657,9.0,rural,0.7464071856287425,353.4704370179948,0
13317,0.8,1.1,0.1,9553,52542,17.0,1.3,20.347144310189794,8.0,rural,0.5844973440881369,1350.3611430964095,0
13319,0.7,0.7,0.1,8795,46673,20.3,0.5,19.578625698519577,8.0,rural,0.5893877551020408,353.4704370179948,0
13321,4.5,0.1,0.1,20575,57201,20.2,0.6,36.05275958185222,3.0,urban,0.7524486061780218,758.2017010935601,1
15001,4.0,4.8,3.2,203684,77215,14.6,1.7,50.5616275995927,5.0,suburban,0.35530397597360064,353.4704370179948,1
15003,2.3,3.1,3.0,1003666,104264,9.1,3.6,1670.589188860685,1.0,urban,0.38976373248902296,353.4704370179948,1
15005,11.6,4.7,0.0,43,86250,31.7,0.0,3.5859009702068767,3.0,urban,0.713488819427747,353.4704370179948,1
15007,3.1,3.3,4.4,73610,93612,8.8,2.0,118.75651505426859,5.0,suburban,0.4004002985277156,353.4704370179948,1
15009,2.5,3.0,2.7,164632,95076,9.8,2.3,141.7359947340595,3.0,urban,0.3676657023047167,353.4704370179948,1
16001,2.2,0.4,2.1,508052,88907,8.5,1.3,482.93195155262026,2.0,urban,0.5531851851851852,148.4100052750506,0
16003,5.0,0.0,2.6,4599,59286,15.0,1.2,3.374657236631001,9.0,rural,0.779265493496557,1065.44901065449,0
16005,4.2,0.5,1.7,88457,64080,12.2,0.7,79.51270832344417,3.0,urban,0.6297139899055261,353.4704370179948,0
16007,2.7,0.1,0.5,6552,67304,10.2,0.2,6.714988172675739,9.0,rural,0.8936693300553166,91.57509157509158,0
16009,11.6,0.1,0.4,9913,56553,15.0,1.0,12.759171348449831,8.0,rural,0.8140783455955458,948.2497730253203,0
16011,6.5,0.0,2.6,48993,76842,11.0,0.9,23.399838733287393,6.0,suburban,0.8067377653742649,359.2349927540669,0
16013,1.9,0.5,4.2,24579,84470,7.4,0.9,9.318211847934881,7.0,rural,0.3369539551357733,134.26095447333088,0
16015,3.1,0.0,1.4,8045,77349,8.2,0.6,4.235201094568286,2.0,urban,0.7777545909849749,435.052827843381,0
16017,2.8,0.2,1.2,49456,65168,10.7,0.7,28.53408612107614,6.0,suburban,0.7362250879249707,481.23584600452926,1
16019,1.7,0.5,1.6,127056,76646,9.5,0.6,68.09148129278736,3.0,urban,0.7347691291665902,521.0300969651178,0
16021,3.2,0.1,1.0,12695,62438,17.2,1.5,10.006472998619726,9.0,rural,0.8349906326560023,385.978731784167,1
16023,2.3,0.0,0.0,2654,43281,21.3,0.3,1.1866826563675306,3.0,urban,0.8726772195457674,353.4704370179948,0
16025,2.6,0.0,5.6,1155,55536,6.7,0.6,1.0751845045584798,9.0,rural,0.7814285714285715,353.4704370179948,0
16027,2.9,0.5,3.2,242405,72355,10.1,1.4,412.9208219286313,2.0,urban,0.7391997886694303,148.51178812318227,0
16029,2.0,0.0,0.4,7118,66653,7.3,0.1,4.034704293081317,8.0,rural,0.8672038197552969,353.4704370179948,0
16031,3.5,0.4,3.2,25165,67042,10.3,0.9,9.808585766939254,6.0,suburban,0.8541532517707663,814.6234849990065,0
16033,0.5,0.0,0.5,776,52083,12.7,4.0,0.4401226321248414,8.0,rural,0.8484848484848485,353.4704370179948,0
16035,4.1,0.0,1.4,8921,57961,12.5,0.5,3.630387346490977,8.0,rural,0.8209990749306197,504.42775473601614,0
16037,3.4,0.0,2.0,4411,56957,11.5,2.0,0.8961482684577614,8.0,rural,0.7732198142414861,204.03536613012923,0
16039,3.6,1.0,2.6,29046,58976,12.4,3.3,9.445611783407767,6.0,suburban,0.7489905787348586,213.45452041589206,0
16041,2.8,0.0,2.7,14715,65991,8.4,1.0,22.193936523524997,3.0,urban,0.8993125179031796,101.93679918450562,0
16043,2.6,0.6,0.6,13701,72767,9.8,0.3,7.350481340764107,8.0,rural,0.8554326413092893,372.23560324063936,0
16045,2.0,0.0,1.8,19854,66245,10.4,0.6,35.468173398280044,2.0,urban,0.836728810301749,353.4704370179948,0
16047,3.1,0.0,2.7,15740,62395,15.3,1.0,21.581689367591785,8.0,rural,0.8095567867036011,266.83608640406607,0
16049,4.7,0.0,1.3,17120,60975,10.8,0.7,2.019463610806904,8.0,rural,0.8480432972522898,356.30841121495325,0
16051,2.4,0.2,1.4,32234,82952,9.2,0.9,29.47295876143889,3.0,urban,0.876984126984127,325.74300428119375,0
16053,2.7,0.1,3.2,24788,69338,13.9,0.6,41.483194554367735,3.0,urban,0.7753417590920815,548.6525738260449,0
16055,2.7,0.4,1.3,177736,77034,9.3,0.8,143.5925165228975,3.0,urban,0.7651849806736609,324.6387901156772,1
16057,2.0,0.1,1.8,40315,65179,15.3,1.3,37.47209992598939,4.0,suburban,0.5413537649685407,171.1521766092025,0
16059,4.4,0.0,0.1,8166,52057,11.8,0.2,1.789339744071265,9.0,rural,0.7816575515355491,134.7048738672545,0
16061,6.1,0.1,1.0,3649,49643,17.4,1.5,7.620794159540578,8.0,rural,0.8313053097345132,353.4704370179948,0
16063,5.4,0.2,2.7,5276,66038,9.4,0.5,4.391676165089845,8.0,rural,0.7890204520990313,644.4275966641395,0
16065,1.2,0.4,3.1,53578,58259,26.8,0.6,114.17377683813764,4.0,suburban,0.8342319674095375,110.11982530142969,0
16067,2.1,0.3,5.0,21922,70060,14.9,0.3,28.95919691029048,7.0,rural,0.8233856444558786,353.4704370179948,0
16069,6.5,0.4,0.9,42477,71466,13.1,0.6,50.071881382474416,3.0,urban,0.6980901451489687,98.87703933893637,0
16071,2.4,0.0,0.1,4681,72563,11.8,1.1,3.9042457766336165,8.0,rural,0.8933389544688027,1046.7848750267037,0
16073,7.1,0.7,1.2,12284,59773,13.4,0.9,1.6019398171663213,2.0,urban,0.8443483631871526,353.4704370179948,0
16075,3.2,0.0,2.0,26190,65723,9.0,0.3,64.36574247944348,6.0,suburban,0.8208644332581149,305.4600992745323,0
16077,4.0,0.0,3.8,8018,59760,8.1,0.0,5.711534436180068,8.0,rural,0.732173319686114,353.4704370179948,0
16079,3.7,0.0,1.4,13580,49975,15.1,0.3,5.1489621961853,8.0,rural,0.753516409912927,655.3755522827688,1
16081,2.6,0.6,2.9,12101,90740,9.4,1.0,26.94554991443549,9.0,rural,0.4645949288806432,347.0787538219982,0
16083,2.3,0.1,2.3,92121,65338,10.7,0.7,47.93689682899442,3.0,urban,0.7507699076110866,117.23711205913962,0
16085,0.4,2.4,1.5,12136,76125,14.2,0.7,3.311216283587676,9.0,rural,0.5949456445009177,601.5161502966381,0
16087,4.2,0.2,0.3,10866,53608,15.3,0.7,7.479080606951411,6.0,suburban,0.8143041000183857,110.43622308117064,0
17001,0.6,0.1,0.4,65166,64962,12.3,0.3,76.20407259742987,5.0,suburban,0.7406305960603735,306.9085105729982,0
17003,1.1,0.7,0.0,5042,43523,21.0,0.2,21.419403743252182,3.0,urban,0.5973273942093541,353.4704370179948,0
17005,2.0,0.1,0.7,16627,61603,12.7,0.3,43.716567191065835,1.0,urban,0.728902548341657,210.50099236182112,0
17007,1.9,1.5,1.4,53316,81638,10.5,0.5,189.91201974835823,2.0,urban,0.5737244041624706,258.834121089354,0
17009,1.9,1.1,0.7,6320,72288,8.9,0.4,20.672054934270587,9.0,rural,0.8058212058212059,0.0,0
17011,0.7,0.4,0.4,33027,65894,12.6,0.5,38.00263163071018,7.0,rural,0.6238204539658251,290.6712689617586,0
17013,0.6,0.8,0.0,4406,92095,5.8,0.0,17.358113853147632,1.0,urban,0.7861779305078274,385.8374943259192,0
17015,0.9,0.2,1.8,15621,60871,13.6,0.6,35.07133794364481,9.0,rural,0.6615464722728456,160.04097048844505,0
17017,0.8,2.0,3.4,12826,64907,10.9,1.6,34.13404114029174,6.0,suburban,0.7207766990291262,15.593326056447841,0
17019,0.9,1.0,2.0,206098,63091,18.0,1.7,206.90405813350253,3.0,urban,0.37769681137501576,191.1711904045648,0
17021,0.4,0.3,0.6,33684,59253,11.1,0.5,47.47681540464914,6.0,suburban,0.7369315211709357,353.4704370179948,0
17023,1.7,0.0,0.1,15328,70625,9.5,0.1,30.571936256058372,8.0,rural,0.7608290927144098,345.7724425887265,0
17025,2.0,0.2,0.0,13173,57266,16.7,1.2,28.126352533496416,9.0,rural,0.8418367346938775,353.4704370179948,0
17027,1.1,0.3,1.0,36899,82314,7.5,0.9,77.85564426579658,1.0,urban,0.7641349315795056,176.15653540746362,0
17029,0.7,0.2,0.6,46689,56040,18.4,0.7,91.85832486015605,5.0,suburban,0.6448035638121417,190.62305896463835,0
17031,1.7,2.7,3.4,5185812,81797,13.3,1.6,5488.065999221545,1.0,urban,0.28737498603367767,42.153475675554766,0
17033,3.1,0.4,0.9,18588,67614,11.6,0.2,41.89851112543144,6.0,suburban,0.7666096866096866,129.11555842479018,0
17035,0.9,0.0,0.1,10378,69826,9.9,0.1,29.999104181472564,9.0,rural,0.8137530777347872,28.907303912121797,0
17037,1.4,1.3,1.7,100512,69022,15.9,1.0,159.204971194177,1.0,urban,0.48994909843844364,127.34797835084369,0
17039,1.3,0.7,0.6,15461,64802,10.1,0.2,38.889627249839656,6.0,suburban,0.7287465401344405,353.4704370179948,0
17041,0.8,0.2,0.4,19686,74186,8.9,0.7,47.24865448263478,8.0,rural,0.7343485617597293,353.4704370179948,0
17043,1.0,1.2,2.5,927263,110502,6.4,1.3,2828.4438538864833,1.0,urban,0.43227842235769326,42.38279754503307,0
17045,0.5,0.3,0.3,16637,56909,11.8,0.7,26.690791796672883,6.0,suburban,0.7663106421309999,216.38516559475866,0
17047,1.0,0.3,0.7,6118,59386,17.0,0.3,27.509035102972685,9.0,rural,0.8594278683482005,49.03563255966002,0
17049,0.3,0.3,1.1,34505,75380,10.6,0.2,72.07025294856014,7.0,rural,0.8070006936662931,298.5074626865672,0
17051,3.3,0.1,0.8,21380,57113,16.5,0.3,29.841884211946702,6.0,suburban,0.8278299398670745,233.86342376052386,0
17053,0.8,0.3,1.8,13396,60782,12.7,0.5,27.586668523478036,3.0,urban,0.7441208534496184,231.41236189907437,0
17055,1.3,0.1,0.3,37541,53471,16.9,0.4,91.80376654850083,7.0,rural,0.7561436672967864,295.67672677872196,0
17057,2.4,0.2,0.2,33259,58617,12.6,0.2,38.419355379389785,6.0,suburban,0.6216865945467198,353.4704370179948,0
17059,2.7,0.0,0.0,4857,54626,15.6,0.1,15.039893574608433,8.0,rural,0.7741545893719807,353.4704370179948,0
17061,0.7,0.1,0.3,11837,60976,14.2,0.2,21.79348237733842,8.0,rural,0.7945782118201717,143.61747064289938,0
17063,0.7,2.1,0.7,52920,93060,6.3,0.7,126.56425264925531,1.0,urban,0.6502295332823259,183.29554043839758,0
17065,0.7,0.7,0.0,7972,61520,12.5,0.5,18.341304056317487,9.0,rural,0.8208050436469447,125.43903662819869,0
17067,0.7,0.0,0.5,17434,65044,12.7,0.2,21.964140945434988,9.0,rural,0.7544708131818693,80.30285648732362,0
17069,0.6,0.0,0.2,3623,57155,10.5,0.0,20.424053462772697,9.0,rural,0.8124014713610089,353.4704370179948,0
17071,2.3,0.2,0.1,6284,65651,11.6,0.2,16.589545367447958,9.0,rural,0.6977908689248895,95.48058561425843,0
17073,0.9,0.5,0.4,48948,69912,8.1,0.6,59.470652301469606,2.0,urban,0.6247305267439496,159.35278254474136,0
17075,1.1,0.2,0.6,26746,62439,13.4,0.3,23.936030405303814,8.0,rural,0.7906728644364855,542.1371420025424,0
17077,1.5,0.8,1.4,52706,45572,21.8,0.5,90.31648614137536,5.0,suburban,0.4822791712104689,449.6641748567526,0
17079,1.1,0.0,0.1,9233,71094,8.7,0.2,18.66709290947585,9.0,rural,0.82988248461108,454.89006823351025,0
17081,2.2,1.0,0.3,36808,61102,14.2,0.5,64.43588673833601,7.0,rural,0.7419197760058434,358.6176918061291,0
17083,1.5,0.0,0.2,21336,79104,10.0,0.3,57.73427371535081,1.0,urban,0.7551304347826087,384.3269591301087,0
17085,0.8,0.1,0.9,21918,74954,8.0,0.7,36.47384569842503,8.0,rural,0.5855419709526545,278.31006478693314,0
17087,4.8,0.6,1.0,13350,65203,16.7,0.4,38.83789191510802,8.0,rural,0.7945024010597781,353.4704370179948,0
17089,2.1,2.1,3.2,516097,100678,8.3,1.8,993.7104759975252,1.0,urban,0.4525456261369491,55.02841520101841,0
17091,1.1,0.4,1.2,106833,68325,12.5,0.4,157.92248515748534,3.0,urban,0.6058821009339388,201.2486778429886,0
17093,1.0,1.9,1.2,135053,110474,4.9,1.8,421.7274965953091,1.0,urban,0.49224752490492246,126.6169577869429,0
17095,0.7,0.6,1.2,49294,53291,15.9,0.7,68.80936070376308,4.0,suburban,0.5477821190530913,371.24193613827237,0
17097,1.9,1.9,3.4,711885,108917,8.1,1.5,1604.77105477627,1.0,urban,0.3947037148739198,353.4704370179948,0
17099,0.7,0.6,0.7,109049,72281,13.5,0.5,96.0667450816872,4.0,suburban,0.5936111003749082,353.4704370179948,0
17101,4.7,0.3,0.4,15137,53438,14.7,0.2,40.67133456351119,9.0,rural,0.7860953651217072,112.30759067186365,0
17103,1.0,0.8,1.2,34058,68459,11.7,0.3,46.99154959243314,6.0,suburban,0.6132404181184669,353.4704370179948,0
17105,0.4,0.6,1.1,35659,70796,10.0,0.4,34.16830814284949,6.0,suburban,0.7352128247650636,182.28217280349983,0
17107,1.1,0.4,0.7,27870,64188,13.7,0.4,45.093266989272415,6.0,suburban,0.7119512195121951,473.6275565123789,0
17109,0.8,0.3,0.5,27102,50434,19.9,0.8,45.98836168128413,7.0,rural,0.5960078478205237,353.4704370179948,0
17111,1.2,1.2,1.9,311366,102836,6.1,0.8,516.0220480475424,1.0,urban,0.5268764555595312,68.72940526582863,0
17113,0.8,0.4,1.1,170882,78329,13.0,0.8,144.41778363559075,3.0,urban,0.4752019814825736,67.29790147587224,0
17115,0.9,0.3,0.7,102591,62449,14.6,0.3,176.71399497098807,3.0,urban,0.5959480379619034,353.4704370179948,0
17117,0.8,0.1,0.4,44566,68518,14.4,0.2,51.64237382103127,1.0,urban,0.6997865574770222,172.77745366422835,0
17119,1.0,0.2,0.9,264631,74800,11.3,0.6,369.8466587021384,1.0,urban,0.5674926688468211,289.081778022983,0
17121,0.5,0.3,0.5,37294,60839,16.2,0.4,65.13807797292229,7.0,rural,0.7509228441754917,391.4838848072076,0
17123,0.6,0.1,0.2,11715,69818,11.7,0.6,30.285219416305786,2.0,urban,0.6828580901856764,443.8753734528383,0
17125,0.7,0.1,0.8,12878,62127,14.0,0.2,23.876807472075775,8.0,rural,0.7157287157287158,46.591085572293835,0
17127,1.0,0.2,0.5,13958,62584,14.9,0.0,58.85700942754346,3.0,urban,0.7458471760797342,353.4704370179948,0
17129,1.3,0.2,0.5,12169,81334,9.8,0.5,38.70655987394903,3.0,urban,0.710405810832149,172.5696441778289,0
17131,0.6,0.1,0.4,15619,71710,7.9,0.4,27.829459393521038,2.0,urban,0.6387017758726271,353.4704370179948,0
17133,0.5,0.2,0.2,34969,101635,4.6,0.3,90.75770412659486,1.0,urban,0.6846745908028059,25.737081414967545,0
17135,1.8,0.3,0.5,28078,61863,13.8,0.6,39.89678961378317,6.0,suburban,0.7241139680333565,313.41263622765155,0
17137,0.9,0.2,0.5,32621,65175,12.5,0.2,57.334583855563544,4.0,suburban,0.6646143203043929,64.37570889917538,0
17139,0.4,0.2,0.6,14469,71676,9.8,0.3,43.06787638073938,8.0,rural,0.7488726481107137,124.40389798880365,0
17141,1.3,0.8,0.8,51536,79244,8.9,0.4,67.93087310505202,6.0,suburban,0.6493506493506493,197.91990065197146,0
17143,1.0,0.3,1.5,179831,64938,15.4,0.8,290.66175297779614,2.0,urban,0.4763232636199329,377.576724813853,0
17145,0.5,0.0,0.3,20810,59286,16.9,0.5,47.08915900920419,7.0,rural,0.7640461792193513,86.49687650168188,0
17147,0.7,0.1,0.6,16702,87516,5.9,0.4,38.02925913203428,3.0,urban,0.6557799742157284,401.14956292659565,0
17149,0.5,0.1,0.6,14625,58029,15.3,0.2,17.59183507830772,9.0,rural,0.8237682728749324,143.5897435897436,0
17151,3.0,0.0,0.0,3757,62500,14.3,0.0,10.185233379646562,8.0,rural,0.8032166508987701,353.4704370179948,0
17153,1.3,0.0,0.1,5074,43227,26.1,0.8,25.463251327728024,8.0,rural,0.6730442176870748,394.1663381947182,0
17155,0.4,0.3,0.8,5600,77526,9.9,0.0,34.97879507168606,8.0,rural,0.6162790697674418,142.85714285714286,0
17157,0.8,0.4,1.1,30142,68870,12.3,0.4,52.387418369715895,6.0,suburban,0.75427760028399,9.952889655630017,0
17159,1.4,0.3,0.5,15675,60404,11.9,0.2,43.53754083536212,7.0,rural,0.7712152959664746,472.0893141945773,0
17161,1.4,0.4,1.0,142995,66768,15.4,0.9,334.4942889837719,2.0,urban,0.45123578883046295,251.75705444246302,0
17163,2.3,0.6,1.0,254777,70178,13.6,1.6,387.3549523690396,1.0,urban,0.45993325046401146,144.0475396130734,0
17165,1.1,0.4,0.5,23387,54945,17.1,0.3,61.546223588573454,7.0,rural,0.7482798165137615,346.34626074314787,0
17167,0.7,0.5,0.9,195217,74114,12.9,0.6,224.84485395742885,3.0,urban,0.5252696980000618,448.7314117110702,0
17169,0.5,0.1,1.2,6826,66059,19.3,0.2,15.609408239892872,9.0,rural,0.73892963868514,353.4704370179948,0
17171,0.6,0.0,0.2,4847,73013,10.6,0.8,19.326959108725028,9.0,rural,0.8093005080109418,165.05054672993606,0
17173,1.3,0.2,0.3,20867,68457,10.0,0.2,27.510548557431218,8.0,rural,0.8053358825063005,244.4050414530119,0
17175,0.5,0.2,0.8,5324,62284,12.0,0.5,18.47933969918647,2.0,urban,0.732274741506647,353.4704370179948,0
17177,0.7,0.9,0.5,44042,61943,13.1,0.3,78.05452049378799,4.0,suburban,0.5986424242424242,233.86767176785793,0
17179,0.6,0.3,0.4,130555,76704,8.7,0.4,201.95096067052762,2.0,urban,0.6357224152390081,186.1284516104324,0
17181,1.4,0.0,1.5,16972,56420,19.4,0.2,41.053511331634624,6.0,suburban,0.718665353361241,353.4704370179948,0
17183,0.6,0.3,0.5,73179,54537,17.2,0.4,81.46217392663952,4.0,suburban,0.6812372980606938,655.9258803755175,0
17185,0.8,0.4,0.8,11199,53650,14.1,0.4,50.14708948204462,7.0,rural,0.773371104815864,353.4704370179948,0
17187,1.9,0.7,0.9,16576,64650,12.8,0.9,30.561369424753345,6.0,suburban,0.6281207133058985,410.2316602316602,0
17189,1.4,0.1,0.4,13682,75652,7.8,0.5,24.319351163841098,8.0,rural,0.7902360515021459,353.4704370179948,0
17191,1.4,0.2,1.0,15994,53107,13.8,0.3,22.405905038749346,9.0,rural,0.858698311720088,500.1875703388771,0
17193,0.7,0.0,0.3,13708,53097,16.4,0.8,27.693899139003918,6.0,suburban,0.8007454128440367,459.5856434199008,0
17195,1.2,1.4,0.9,55192,64536,12.1,0.5,80.6783520240546,4.0,suburban,0.5749903512157468,228.29395564574577,0
17197,1.6,1.2,1.7,698450,107799,7.0,1.1,835.5917592844122,1.0,urban,0.4918857199902666,104.08762259288424,0
17199,2.1,0.5,0.5,66902,65521,14.3,0.4,159.21085871605447,5.0,suburban,0.6964022593320236,353.4704370179948,0
17201,1.7,1.0,1.7,283289,64363,16.0,0.9,552.1668036653189,2.0,urban,0.4971266537470952,141.198564010604,0
17203,0.6,0.1,0.4,38348,85629,7.6,0.4,72.68974779079869,2.0,urban,0.713488819427747,353.4704370179948,0
18001,1.2,0.0,0.3,35995,63128,12.4,0.3,106.2032915720055,6.0,suburban,0.7680747063544174,83.34490901514098,0
18003,1.3,0.6,1.8,388791,68839,12.2,1.0,591.6355797099475,2.0,urban,0.5634130664053968,189.81920877798098,1
18005,0.8,1.1,1.1,82881,80365,12.0,1.1,203.66901953938276,3.0,urban,0.6395164771909627,27.750630421930236,0
18007,0.7,0.2,1.4,8708,61811,12.1,0.7,21.426243404274945,3.0,urban,0.7398918362091167,353.4704370179948,0
18009,0.9,0.9,0.0,12007,47560,17.5,0.1,72.73372261343725,6.0,suburban,0.7564509726081778,353.4704370179948,0
18011,0.7,0.3,1.2,72827,104865,5.1,0.4,172.2157857529109,1.0,urban,0.5816737126267,353.4704370179948,0
18013,1.6,0.0,0.3,15543,72644,8.6,0.6,49.81930781772377,1.0,urban,0.6659983488618941,636.9426751592357,0
18015,0.7,0.2,0.9,20443,64003,8.4,0.4,54.921134761808425,3.0,urban,0.7650188428286411,353.4704370179948,0
18017,1.6,0.8,6.0,37703,56525,12.7,1.3,91.4801331875247,4.0,suburban,0.7342757192832156,353.4704370179948,0
18019,1.5,0.8,1.2,122800,72298,9.3,1.0,329.67565175252344,1.0,urban,0.6036076741276241,171.0097719869707,0
18021,1.0,0.2,0.6,26431,67676,10.7,0.3,73.91212018268102,3.0,urban,0.7894337074858638,204.30555030078318,0
18023,0.6,0.1,1.4,32967,63690,8.5,0.8,81.38649841100658,6.0,suburban,0.7439353099730458,133.46680013346682,0
18025,3.3,0.0,0.0,10494,48993,23.8,0.2,34.33751162681357,8.0,rural,0.7481133999592087,353.4704370179948,0
18027,1.0,0.2,1.0,33442,68561,10.4,0.4,77.8600457272527,7.0,rural,0.8260522817899867,353.4704370179948,0
18029,0.7,0.0,0.2,50828,82693,8.1,0.3,166.60175224303748,1.0,urban,0.7962107032354176,353.4704370179948,0
18031,2.8,0.2,0.7,26411,74228,9.3,0.6,70.88911360412602,6.0,suburban,0.7977641422207279,151.45204649577826,0
18033,0.5,0.3,0.7,43584,70080,10.1,0.3,120.12103966429271,4.0,suburban,0.7395195720384754,149.1372980910426,1
18035,2.3,0.2,0.6,112109,56932,19.9,0.5,285.91251622019786,3.0,urban,0.580362907714572,183.7497435531492,0
18037,0.7,0.8,4.8,43563,71918,9.5,0.3,101.95733219777749,5.0,suburban,0.7159650212643953,353.4704370179948,0
18039,1.3,1.7,5.3,206868,65617,12.5,1.5,446.6442871989693,3.0,urban,0.6641836645619345,450.5288396465379,0
18041,0.9,0.0,0.4,23390,56659,16.7,0.1,108.78012311762629,6.0,suburban,0.7853537954475229,353.4704370179948,0
18043,1.0,0.5,1.3,80512,78179,10.0,0.6,542.2270532287232,1.0,urban,0.5789330497366013,157.7404610492846,0
18045,0.9,0.5,0.7,16546,62526,12.4,0.4,41.81793165300951,8.0,rural,0.8052826336608396,353.4704370179948,0
18047,0.5,0.0,0.3,22929,79702,8.5,0.2,59.64479802881889,1.0,urban,0.8263836239575436,300.9289545989795,0
18049,2.6,0.1,0.2,20411,62878,12.6,0.3,55.40551361139325,7.0,rural,0.7597938144329897,353.4704370179948,0
18051,0.9,0.2,0.4,32986,67763,10.2,0.4,67.68054192440844,6.0,suburban,0.7616852349852734,439.58042806038924,0
18053,4.2,0.5,1.1,66377,54007,18.8,0.6,160.2966301114384,4.0,suburban,0.7128086607468678,150.65459421185048,0
18055,0.9,0.2,0.4,30954,59753,13.3,0.4,57.06150089969748,6.0,suburban,0.7729482016386613,353.4704370179948,0
18057,0.7,0.5,1.9,357176,117957,4.3,1.1,905.6627137972986,1.0,urban,0.5309373573000125,35.276726319797525,0
18059,0.7,0.3,1.4,82013,91326,4.5,0.5,268.05391124017615,1.0,urban,0.671743119266055,199.96829770889983,0
18061,1.6,0.3,0.2,39785,72468,7.5,0.4,82.18672205455054,1.0,urban,0.7391716094302946,588.1613673495036,0
18063,0.9,0.3,2.4,179379,99988,5.0,1.1,440.84995528985604,1.0,urban,0.6093390452876377,246.96313392314596,0
18065,0.9,0.3,0.2,48896,60144,13.0,0.5,124.77370219846087,6.0,suburban,0.7427004594634652,175.88350785340313,0
18067,1.8,0.4,0.8,83610,62496,12.5,0.6,285.2861420723049,3.0,urban,0.6795996637595881,168.64011481880158,0
18069,1.0,0.5,0.5,36757,62734,10.1,0.2,96.06175673434207,6.0,suburban,0.7462943812478455,353.4704370179948,0
18071,1.9,1.8,4.1,46319,70208,11.2,1.0,90.82552010236023,4.0,suburban,0.7810557312684044,45.33776635937736,0
18073,0.8,1.0,1.5,33198,79634,6.9,0.2,59.31607028375261,1.0,urban,0.7759296127416351,353.4704370179948,0
18075,1.6,0.1,0.2,20281,54114,13.2,0.5,52.82813439291703,6.0,suburban,0.7806378704168759,64.09940338247621,0
18077,1.9,0.3,0.4,33074,59987,11.2,0.7,91.69436557004003,6.0,suburban,0.6839783722253842,353.4704370179948,0
18079,1.3,0.0,0.3,27584,68476,12.5,0.4,73.2453623316415,6.0,suburban,0.7993276441686061,271.8967517401392,0
18081,0.8,0.8,0.8,163983,87227,7.2,0.9,511.7833407770789,1.0,urban,0.6746351414970968,137.2093448711147,0
18083,2.1,0.5,0.8,36108,58863,13.4,0.5,69.99971951687073,7.0,rural,0.75607294260144,293.5637531848898,0
18085,0.8,1.4,1.6,80357,73922,9.7,1.1,151.2043925254717,4.0,suburban,0.7662827408793265,393.2451435469219,0
18087,1.0,0.2,0.5,40596,83741,5.7,0.4,106.93547391934416,8.0,rural,0.7887640449438202,353.4704370179948,0
18089,1.4,3.0,1.6,498990,68985,14.6,1.2,1000.2014142870997,1.0,urban,0.471369865669038,44.48986953646366,0
18091,1.1,0.9,1.4,112141,70452,14.0,0.6,187.43623013273896,3.0,urban,0.5718871033316928,353.4704370179948,0
18093,1.2,0.1,0.2,45077,65551,11.3,0.1,100.36159955013885,6.0,suburban,0.7595969289827256,188.56623111564656,0
18095,2.5,0.8,0.7,130949,62632,12.9,1.0,289.760777868789,1.0,urban,0.6373282596366696,138.22175045246624,0
18097,1.6,0.8,3.6,971822,63450,15.1,1.1,2454.1588561639637,1.0,urban,0.3592788242025627,353.4704370179948,0
18099,1.1,0.1,3.0,46225,68041,10.9,0.4,104.19958978662713,6.0,suburban,0.7209399260146928,353.4704370179948,0
18101,0.8,0.0,0.4,9854,65345,16.4,0.3,29.348299804525496,9.0,rural,0.8093583980384144,353.4704370179948,0
18103,1.6,0.3,0.9,35772,61130,15.2,0.6,95.68742177620112,6.0,suburban,0.7779235928842229,353.4704370179948,0
18105,1.0,0.6,1.6,139822,63372,20.2,0.9,354.4087642255096,3.0,urban,0.36078808595427453,284.64762340690305,0
18107,1.2,1.2,0.5,38155,66571,11.9,1.2,75.60727520101318,6.0,suburban,0.7456938976377953,353.8199449613419,0
18109,1.0,0.5,0.3,72202,79088,8.5,0.9,178.79169602870624,1.0,urban,0.7764180823495537,353.4704370179948,0
18111,1.4,0.2,2.2,13859,68596,13.5,0.3,34.49617623428668,1.0,urban,0.7892631902784187,353.4704370179948,0
18113,0.8,0.6,0.7,47417,70908,8.5,0.6,115.41313067320063,6.0,suburban,0.761019763269241,246.7469472973828,0
18115,0.7,0.0,0.0,5993,67942,8.9,0.2,69.56491588492291,1.0,urban,0.7814243518214637,353.4704370179948,0
18117,1.5,0.5,0.0,19746,64758,13.3,0.5,49.5659191505691,8.0,rural,0.7648728562980485,353.4704370179948,0
18119,1.5,0.2,0.4,21434,59586,11.9,0.6,55.63012429056386,3.0,urban,0.7576693432159769,353.4704370179948,0
18121,0.8,0.4,0.1,16346,66776,17.2,0.2,36.75562332983673,8.0,rural,0.7900137846530862,353.4704370179948,0
18123,2.1,0.0,0.9,19218,61099,12.8,0.2,50.343149726278945,7.0,rural,0.6513675314003992,228.95202414403164,0
18125,2.3,0.0,0.0,12187,66250,12.2,0.5,36.44976247013672,8.0,rural,0.7781904118838623,353.4704370179948,0
18127,0.9,1.9,1.0,174150,85828,9.2,0.7,416.514193090893,1.0,urban,0.5533832601233768,63.738156761412576,0
18129,1.2,0.5,0.2,25163,79124,9.9,0.6,61.465375417331025,2.0,urban,0.7204570355298169,313.95302626872785,0
18131,0.9,0.5,0.2,12441,59956,11.8,0.0,28.687388499989,8.0,rural,0.7735314932767162,353.4704370179948,0
18133,0.6,0.1,0.9,37091,76182,8.1,0.5,77.18651653197078,6.0,suburban,0.764494737482509,353.4704370179948,0
18135,1.2,0.2,1.7,24425,61121,15.0,0.4,53.99231336218488,6.0,suburban,0.7731968716809887,353.4704370179948,0
18137,0.6,0.2,0.4,29039,71084,9.6,0.3,65.04754232884702,6.0,suburban,0.8112331081081081,353.4704370179948,0
18139,0.7,0.0,0.4,16734,64393,13.0,0.4,41.00096650218242,6.0,suburban,0.7762788833978896,353.4704370179948,0
18141,1.3,0.7,1.7,272574,64885,14.6,1.0,595.4247690694601,2.0,urban,0.4925091911764706,276.6221283027728,0
18143,2.0,0.4,0.4,24468,54583,14.7,0.4,128.50670251493943,6.0,suburban,0.7616244262622232,353.4704370179948,0
18145,0.6,0.2,1.3,45104,71301,11.5,0.5,109.70568462608253,1.0,urban,0.7444954364977053,383.5579992905286,0
18147,0.7,0.0,0.7,19871,70890,6.6,0.5,50.067041591238606,8.0,rural,0.7207595184496427,353.4704370179948,0
18149,1.0,0.5,0.5,23300,62933,14.8,0.2,75.36935680278461,8.0,rural,0.7640677966101694,353.4704370179948,0
18151,1.7,0.2,0.7,34648,71483,8.8,0.7,112.20926009272111,7.0,rural,0.7141436120609264,470.4456245670746,1
18153,1.7,0.1,0.9,20766,54985,13.5,0.4,46.43603122512488,3.0,urban,0.7679583574320417,353.4704370179948,0
18155,0.8,0.0,0.8,9914,65148,11.1,0.8,44.92731957973681,8.0,rural,0.7917461832061069,353.4704370179948,0
18157,0.9,0.5,2.0,187399,58622,19.0,0.7,375.6261722039227,3.0,urban,0.5007637552317233,192.6371005181458,0
18159,0.6,0.3,0.7,15329,78309,11.5,0.2,58.8353126878716,1.0,urban,0.7585151167240719,353.4704370179948,0
18161,1.9,0.8,0.2,7028,79500,6.4,0.7,43.6006895122031,8.0,rural,0.7833914053426249,353.4704370179948,0
18163,0.9,0.2,1.0,179908,60938,14.4,0.5,770.8100835394054,2.0,urban,0.5640877677479631,364.07497165217774,0
18165,1.7,0.1,0.0,15452,59363,13.3,0.1,60.14926764323198,3.0,urban,0.7285271754435371,353.4704370179948,0
18167,1.0,0.4,0.8,106201,52525,20.0,0.6,263.113885813431,3.0,urban,0.5923245832917456,578.1489816480071,0
18169,1.0,0.7,0.6,30901,68414,10.7,0.5,74.90443467369076,6.0,suburban,0.7576308139534884,353.4704370179948,0
18171,3.1,0.0,0.4,8469,74635,12.7,0.5,23.22243407041212,3.0,urban,0.7911627906976744,353.4704370179948,0
18173,1.8,0.0,0.8,64650,95027,6.4,0.3,168.08380141735154,2.0,urban,0.6533218715461132,836.8136117556071,0
18175,0.7,0.2,0.4,28167,61358,13.5,0.5,54.83284015968812,1.0,urban,0.7789330560665441,269.8192920793837,0
18177,1.8,0.2,0.9,66377,56652,16.9,0.6,165.217814817221,5.0,suburban,0.6650223874933596,353.4704370179948,0
18179,0.6,0.3,1.6,28261,69741,7.2,0.4,76.7780181828128,2.0,urban,0.7943129330254042,56.61512331481547,0
18181,0.7,0.1,5.1,24709,66143,10.0,0.2,48.915509439652936,6.0,suburban,0.7301630932746931,353.4704370179948,0
18183,1.2,0.5,0.3,34388,75790,10.7,0.5,102.46062019997142,2.0,urban,0.7542679772374548,353.4704370179948,0
19001,1.1,0.0,0.6,7471,66176,10.3,0.1,13.123810468527209,8.0,rural,0.7286356821589205,160.62106813010305,0
19003,3.0,0.0,0.4,3641,68828,9.5,0.0,8.598764398399,9.0,rural,0.7247969421882465,82.39494644328481,0
19003,3.0,0.0,0.4,3641,68828,9.5,0.0,8.598764398399,9.0,rural,0.7247969421882465,192.25487503433123,0
19005,1.3,0.7,2.6,14038,66000,12.1,1.4,21.966256822562492,8.0,rural,0.6739281254336063,156.71748112266704,0
19007,1.5,0.3,0.7,12242,51146,20.4,0.2,24.616992305178456,7.0,rural,0.7361502347417841,441.1043947067473,0
19009,0.9,0.0,0.2,5622,54152,11.8,0.1,12.691877819621613,9.0,rural,0.6953517587939698,353.4704370179948,0
19011,0.6,0.1,0.2,25698,84742,7.9,0.5,35.885937184053894,2.0,urban,0.6683230683090705,361.8958673826757,0
19013,1.7,0.4,1.6,130693,64581,14.7,1.1,231.00564824960367,3.0,urban,0.4941248727190445,79.57579977504534,0
19015,0.7,0.1,0.2,26669,79741,6.7,0.3,46.74991650507804,3.0,urban,0.6094474625679078,101.24114140012749,0
19017,0.5,0.4,0.8,25118,83343,7.5,0.4,57.67897318562955,3.0,urban,0.6123173277661795,103.51142606895455,0
19019,0.6,0.0,0.3,20645,78430,7.0,0.1,36.150893054047664,6.0,suburban,0.6432360742705571,324.5337854201986,0
19021,0.7,0.1,5.5,20684,66564,8.2,1.3,35.97848642393679,7.0,rural,0.6683728448275862,169.2129181976407,0
19023,0.7,0.0,0.0,14301,69651,10.7,0.3,24.651026305088845,8.0,rural,0.7295660948536832,97.89525208027412,0
19025,1.0,0.1,0.6,9858,66875,8.6,0.3,17.29940805175062,9.0,rural,0.7362986497220015,353.4704370179948,0
19027,0.8,0.2,0.8,20677,68528,8.3,0.3,36.31026630305095,7.0,rural,0.7125011397829853,353.4704370179948,0
19029,1.1,0.0,0.2,13115,61657,17.4,0.3,23.24289862487326,6.0,suburban,0.7068040654997176,396.49256576439194,0
19031,0.5,0.0,0.3,18427,79080,7.2,0.2,31.800207373156283,8.0,rural,0.610606784519828,249.6336896944701,0
19033,0.9,0.4,0.8,42785,65537,9.4,0.9,75.2859553531785,5.0,suburban,0.5591621645558409,81.80437069066262,0
19035,0.7,0.1,1.7,11587,64478,15.2,1.0,20.084708170142722,9.0,rural,0.7319021467798302,43.151808060757745,0
19037,0.5,0.1,1.1,11868,73421,7.1,0.1,23.532500919102578,8.0,rural,0.6881196164472615,210.65048870913384,0
19039,2.3,0.1,0.9,9690,66821,13.8,0.2,22.476784957116003,6.0,suburban,0.7128263337116912,237.3581011351909,0
19041,1.4,0.3,0.2,16446,64082,11.5,0.3,28.993125642369673,7.0,rural,0.7186831471357261,79.04657667517938,0
19043,0.5,0.1,0.8,17069,62326,13.6,0.4,21.926524506385,8.0,rural,0.6746117342536669,123.03005448473841,0
19045,1.1,0.6,0.7,46383,65177,13.1,0.6,66.74209831409789,4.0,suburban,0.5411668959637258,204.81641980898175,0
19047,1.4,0.0,14.4,16289,65039,16.4,0.9,22.807387373173896,7.0,rural,0.7196348444994585,85.94757198109154,0
19049,0.8,0.2,2.1,104136,102349,5.8,1.1,177.03191121358907,2.0,urban,0.524054649054649,85.46516094338173,0
19051,1.7,0.0,0.6,9127,79505,7.2,0.2,18.174454873656384,9.0,rural,0.7751600512163892,43.826010737372634,0
19053,1.0,0.2,0.7,7669,57146,15.2,0.3,14.418597484687611,9.0,rural,0.7390948745910578,353.4704370179948,0
19055,1.5,0.1,0.3,17549,76205,7.9,0.2,30.378226329100865,8.0,rural,0.7010640433647862,142.45825972989914,0
19057,0.9,0.3,0.9,38597,60662,14.1,0.5,92.7524817194981,5.0,suburban,0.5763254845426878,259.08749384667203,0
19059,0.5,0.1,0.4,17844,74570,6.3,0.4,46.892188949490176,7.0,rural,0.7022218208092486,353.4704370179948,0
19061,0.5,0.4,1.0,98948,75919,9.4,0.4,162.66354662477013,3.0,urban,0.5979090976495884,141.4884585843069,0
19063,0.4,0.2,3.2,9316,65181,10.4,1.5,23.531813640936466,7.0,rural,0.7223981422841461,21.468441391155004,0
19065,1.4,0.1,0.4,19393,58764,12.5,0.3,26.536062993155202,6.0,suburban,0.6548296925147531,92.81699582323519,0
19067,0.5,0.1,0.8,15502,64500,11.4,0.1,30.968658070368406,7.0,rural,0.630348126494818,148.3679525222552,0
19069,1.7,0.0,3.6,9977,63648,15.1,0.7,17.143438073053066,9.0,rural,0.7112354892205639,150.34579532925727,0
19071,0.9,0.4,0.3,6570,73750,7.6,0.1,12.852925271294042,8.0,rural,0.7260310658810927,821.917808219178,0
19073,1.9,0.6,0.5,8722,59159,10.4,0.1,15.313633503899943,8.0,rural,0.6670128791026174,447.1451501949094,0
19075,0.4,0.3,0.5,12352,83617,6.4,0.4,24.612663942419736,3.0,urban,0.7122702009405729,412.88860103626945,0
19077,0.8,0.1,1.2,10646,79981,9.3,0.2,18.025621652471575,2.0,urban,0.6801284993116108,234.82998309224124,0
19079,1.0,0.3,1.9,14893,71750,8.0,1.0,25.823146232972444,6.0,suburban,0.6684477691691156,221.58060833948832,0
19081,0.6,0.0,0.6,10718,70212,12.1,0.7,18.770427654220338,9.0,rural,0.740058030380611,317.2233625676432,0
19083,2.6,0.4,0.7,16729,64906,8.6,1.4,29.384855072258638,6.0,suburban,0.693994965839626,430.3903401279216,0
19085,0.7,0.0,0.3,14645,77027,7.5,0.3,21.01526637426386,2.0,urban,0.7125848162847267,353.4704370179948,0
19087,2.5,1.0,1.0,20228,64604,12.1,1.2,46.577409885643775,6.0,suburban,0.6825312698749205,158.19655922483688,0
19089,1.6,0.0,1.2,9459,67336,8.4,1.0,19.98746901205679,8.0,rural,0.6610134003350083,353.4704370179948,0
19091,0.8,0.0,3.1,9573,66994,13.7,0.3,22.03871955743705,7.0,rural,0.7530962844586496,543.1944009192521,0
19093,1.4,0.0,0.3,6944,62841,10.4,0.4,16.092203552016166,8.0,rural,0.7703641923825411,403.22580645161287,0
19095,0.5,0.0,0.5,16547,72185,9.2,0.1,28.21528963028127,8.0,rural,0.6408956485002112,271.95261981023754,0
19097,0.6,0.0,0.1,19429,71605,10.3,0.2,30.54673668519507,6.0,suburban,0.6647871440654074,252.20031911060786,0
19099,0.7,0.3,1.2,37864,70128,8.2,0.8,51.83823034529882,2.0,urban,0.6401068440681383,192.79526727234312,0
19101,2.1,0.6,1.7,15676,56824,14.6,0.3,35.99340964218772,7.0,rural,0.5347008966957376,102.06685378923194,0
19103,1.3,0.6,2.2,154881,74721,16.7,1.1,252.66178584062044,3.0,urban,0.3071479872369986,111.69865897043536,0
19105,1.3,0.1,0.7,20799,73071,10.4,0.6,36.13331448095021,2.0,urban,0.6337112060955212,144.23770373575653,0
19107,1.0,0.1,0.3,9964,60856,12.0,0.2,17.203776109543625,8.0,rural,0.7127199042092659,481.7342432757929,0
19109,0.6,0.1,1.1,14610,65656,9.6,0.2,15.019568105265515,7.0,rural,0.7237208177089633,150.5817932922656,0
19111,0.9,0.1,0.1,33175,59803,13.0,0.4,64.10007677829134,7.0,rural,0.6420846246284232,244.15975885455913,0
19113,1.2,0.2,0.9,229463,76421,9.9,0.6,320.02743265284823,2.0,urban,0.44974501430407565,64.93421597381713,0
19115,3.4,0.1,0.5,10710,80223,9.9,0.8,26.656600024867075,8.0,rural,0.707740916271722,504.20168067226894,0
19117,0.8,0.0,1.3,8685,67921,16.5,0.1,20.16574484345745,8.0,rural,0.7441453272050776,898.1001727115718,0
19119,0.8,0.0,0.7,12087,72881,5.3,0.3,20.569788006857944,8.0,rural,0.8522103438312626,157.1936791594275,0
19121,0.7,0.5,1.2,16760,89542,6.8,0.4,29.874899652016083,2.0,urban,0.6952998379254457,256.563245823389,0
19123,1.0,0.2,0.5,22045,69019,11.9,0.6,38.6177909841256,7.0,rural,0.6659904244096405,95.25969607620776,0
19125,0.4,0.1,0.4,33551,78059,7.1,0.7,60.50782946335203,6.0,suburban,0.6915231305614821,184.7932997526154,0
19127,1.9,0.8,2.3,39971,72785,11.1,1.7,69.81796966482743,4.0,suburban,0.5790902118119063,353.4704370179948,0
19129,1.6,0.2,2.3,14563,87810,6.9,0.5,33.29212509035558,2.0,urban,0.6977974652393257,391.4028702877154,0
19131,0.3,0.9,0.4,10548,68704,6.9,0.5,22.47812166682187,9.0,rural,0.6578622997006516,123.24611300720517,0
19133,2.7,0.1,0.4,8619,62944,11.2,0.5,12.418014170988124,8.0,rural,0.7293628202320999,533.7046061027961,0
19135,2.2,0.0,0.2,7546,72518,9.2,1.0,17.398794535900908,9.0,rural,0.7559668777398928,353.4704370179948,0
19137,0.9,0.0,0.8,10254,63190,12.0,0.3,24.1784400896933,6.0,suburban,0.6980376451742091,353.4704370179948,0
19139,1.1,0.3,4.1,42735,69512,11.6,0.6,97.69339095330685,4.0,suburban,0.5759140673414583,138.06013806013806,0
19141,0.6,0.8,3.4,14103,68216,13.8,1.9,24.61106017179932,7.0,rural,0.807702666307568,347.44380628235126,0
19143,1.6,0.0,2.1,6114,69138,16.3,0.4,15.335349929985972,9.0,rural,0.8253618628067967,196.27085377821393,0
19145,1.7,0.1,0.4,15168,57752,13.4,0.2,28.354389378401848,6.0,suburban,0.7144045473450714,138.4493670886076,0
19147,0.9,0.0,1.3,8902,68963,11.7,0.5,15.787500290832881,9.0,rural,0.7277167277167277,415.63693552010784,0
19149,1.0,0.2,1.9,25699,81600,6.8,0.9,29.78460195347626,6.0,suburban,0.7745005448601525,132.30086773804427,0
19151,0.9,0.5,0.7,7040,63423,8.7,1.0,12.195946928361826,9.0,rural,0.7740562021004825,156.25,0
19153,1.2,0.5,2.4,497441,81621,10.1,0.8,869.073167329171,2.0,urban,0.4448407744287894,131.87493592204905,0
19155,1.4,0.1,0.8,93407,71446,10.9,0.9,98.19165260878978,2.0,urban,0.6012145286852498,177.71687346772725,0
19157,0.7,0.3,1.2,18582,64837,11.1,1.0,31.76828973994178,6.0,suburban,0.5860559796437659,344.41933053492625,0
19159,2.6,0.7,0.1,4664,69821,9.0,1.2,8.709868514707164,9.0,rural,0.7595175273275537,353.4704370179948,0
19161,0.5,0.1,0.4,9759,70991,7.9,0.3,16.971523906676754,9.0,rural,0.7608090554833921,163.95122451070804,0
19163,1.1,0.3,0.7,174302,76363,11.6,0.6,380.4921902392801,2.0,urban,0.519767113221412,105.56390632350747,0
19165,1.2,1.0,0.2,11757,67690,8.5,1.0,19.90093429249935,8.0,rural,0.7175167680549056,153.1002806838479,0
19167,1.3,0.0,3.5,35984,84736,6.4,0.6,46.85957084724611,6.0,suburban,0.8594143155415173,138.95064473099154,0
19169,1.0,0.2,1.4,98592,69006,18.6,1.0,172.1998198126479,3.0,urban,0.4473466859384679,77.08536189548848,0
19171,8.8,0.5,1.8,16982,67955,15.4,0.3,23.55303143137792,6.0,suburban,0.6366433897502664,217.87775291485104,0
19173,1.8,0.0,2.2,5901,67279,10.4,0.1,11.094156795599602,9.0,rural,0.7814243518214637,321.9793255380444,0
19175,0.6,0.0,0.3,12038,56813,12.6,0.0,28.415293239845496,6.0,suburban,0.683338965866847,132.91244392756272,0
19177,1.3,0.0,0.8,7236,60183,12.2,0.6,14.925986973604601,9.0,rural,0.7816446814482177,359.31453841901606,0
19179,2.4,0.2,3.7,35265,60034,16.7,0.5,81.66171931047423,5.0,suburban,0.6594086956521739,334.60938607684676,0
19181,1.2,0.1,0.9,53484,92990,5.4,0.7,93.88798676916558,2.0,urban,0.6051928691223057,185.10208660533993,0
19183,1.1,0.1,1.9,22539,71339,8.5,0.2,39.623555802816824,3.0,urban,0.6235984583041345,408.18137450641115,0
19185,0.5,0.2,0.2,6518,59118,15.0,0.5,12.404165380315007,9.0,rural,0.7904855001629195,414.2374961644676,0
19187,1.3,0.3,2.3,36848,68054,11.7,0.5,51.48494231283261,5.0,suburban,0.6579346310108544,257.81589231437255,0
19189,0.3,0.7,0.4,10648,63719,9.8,0.7,26.5874914327741,9.0,rural,0.6557258791704238,353.4704370179948,0
19191,0.9,0.0,1.7,19972,75652,7.9,0.2,28.95148961077697,7.0,rural,0.5470718420156623,145.20328459843782,0
19193,3.1,0.4,4.8,105760,70147,13.3,1.0,121.15987249531373,3.0,urban,0.6166357980719,87.93494704992436,0
19195,0.5,0.3,0.4,7380,76875,7.3,0.2,18.444308498232587,9.0,rural,0.6429078853895335,121.95121951219512,0
19197,2.8,0.2,3.9,12817,64033,14.8,0.3,22.082588432127242,9.0,rural,0.6852214120576204,117.03206678629944,0
20001,2.6,0.0,1.0,12491,57618,13.1,0.5,24.96715112839181,7.0,rural,0.7360248447204969,328.23633015771355,0
20003,4.1,0.0,0.0,7819,64925,10.9,0.5,13.489377782934941,8.0,rural,0.8037533512064343,281.3659035682312,0
20005,1.6,0.1,1.2,16211,62164,12.8,0.8,37.597316059572066,6.0,suburban,0.6905230596175478,234.40873480969714,0
20007,3.8,0.0,0.4,4153,57615,17.6,0.6,3.6620152836615696,9.0,rural,0.865546218487395,409.34264387189984,0
20009,3.1,0.2,0.9,25275,56733,14.7,0.7,28.232111210843343,7.0,rural,0.788033038801383,257.17111770524235,0
20011,2.3,0.1,0.5,14384,67555,11.8,0.1,22.635532523541183,6.0,suburban,0.7760198541957499,597.8865406006674,0
20013,11.0,0.3,0.3,9415,58886,14.2,0.4,16.492331587164536,8.0,rural,0.7446655478302565,138.07753584705256,0
20015,2.6,0.3,1.6,67916,80375,9.0,1.2,47.503147009388464,2.0,urban,0.7102229541423867,251.78161258024616,0
20017,2.9,0.0,1.2,2579,54518,10.5,1.5,3.336121985376107,8.0,rural,0.7579972183588317,1163.241566498643,0
20019,9.8,0.0,0.9,3370,54592,16.9,0.0,5.2748479319260095,9.0,rural,0.8602649006622517,353.4704370179948,0
20021,7.5,0.0,1.5,19236,58274,13.1,0.2,32.73840505749753,3.0,urban,0.7696983867196633,649.8232480765232,0
20023,3.3,0.5,0.7,2628,55765,17.4,0.6,2.5767494976304053,9.0,rural,0.8519051042415529,761.03500761035,0
20025,4.7,0.0,0.4,1987,65515,9.4,0.5,2.038706073989271,9.0,rural,0.8704819277108434,855.5611474584801,0
20027,1.3,0.8,0.3,8071,63136,12.9,1.1,12.507397679454586,8.0,rural,0.784167289021658,210.63065295502415,0
20029,1.1,0.0,0.6,8973,57333,10.2,0.7,12.543654664838275,7.0,rural,0.8075282308657465,353.4704370179948,0
20031,2.0,0.1,0.4,8304,67377,9.6,0.5,13.246455134235152,8.0,rural,0.7830429732868758,517.8227360308285,0
20033,1.7,0.0,0.3,1685,49417,11.2,0.4,2.1375179469201795,9.0,rural,0.8483080513418904,353.4704370179948,0
20035,4.4,0.5,4.3,34487,58263,13.9,0.7,30.635013143866402,4.0,suburban,0.7048723548459974,139.1828805056978,0
20037,2.7,0.4,1.8,38963,50311,20.8,1.0,66.06465192534624,4.0,suburban,0.6286783042394015,290.01873572363525,0
20039,0.8,0.0,0.7,2746,52030,13.0,0.4,3.073247531239769,9.0,rural,0.8498603351955307,353.4704370179948,0
20041,2.1,0.8,1.1,18423,67982,8.8,0.8,21.749146228208573,6.0,suburban,0.7790736421192935,206.26390924387994,0
20043,2.7,0.3,0.4,7492,72833,9.8,0.4,19.040586136991003,3.0,urban,0.8224113475177305,353.4704370179948,0
20045,4.3,0.7,1.6,119547,68756,15.2,1.3,262.2991673946702,3.0,urban,0.30685579196217494,78.6301621956218,0
20047,3.6,0.2,1.9,2817,53792,16.4,0.4,4.5297075457366525,9.0,rural,0.8302788844621514,674.4763933262335,0
20049,4.3,0.0,0.0,2464,56087,16.7,1.0,3.8245170158506854,8.0,rural,0.8546423135464232,353.4704370179948,0
20051,1.1,0.1,1.3,28870,59889,17.7,0.4,32.08090186089606,5.0,suburban,0.7350988380866154,214.75580187045375,0
20053,3.6,1.2,0.2,6366,66792,8.5,0.4,8.896340551147023,9.0,rural,0.765659543109801,565.5042412818096,0
20055,1.7,0.6,8.2,38001,72437,11.7,0.9,29.186693633384696,5.0,suburban,0.6766122179208762,397.35796426409837,0
20057,3.2,1.5,8.4,34133,70495,14.4,1.1,31.07885668880256,5.0,suburban,0.6953076637365359,108.399496088829,0
20059,2.3,0.4,0.7,25994,72142,9.6,1.4,45.46219198655896,6.0,suburban,0.7047152381717408,427.0216203739324,0
20061,3.0,3.9,3.9,35895,57344,19.3,5.6,93.31821863604699,3.0,urban,0.5900468645391653,108.65022983702465,0
20063,2.0,0.8,0.1,2796,63203,4.1,0.4,2.6090220812938165,9.0,rural,0.8910675381263616,357.653791130186,0
20065,3.2,0.1,1.4,2406,52909,11.3,0.0,2.67771631441581,9.0,rural,0.83399209486166,353.4704370179948,0
20067,7.3,0.0,1.7,7284,72484,5.4,0.2,12.67205687795411,7.0,rural,0.8194698354661791,353.4704370179948,0
20069,1.0,0.0,1.6,5696,77885,6.9,0.9,6.555661027552671,9.0,rural,0.8500694123091161,526.685393258427,0
20071,2.3,0.0,0.2,1296,78819,10.0,0.8,1.6649445313924263,9.0,rural,0.8717948717948718,308.641975308642,0
20073,4.8,0.2,0.6,5956,58276,14.9,0.6,5.209463327077369,8.0,rural,0.8095070422535211,1292.8139691067831,0
20075,1.3,0.0,7.6,2485,61929,3.7,0.0,2.493694056797349,9.0,rural,0.8366583541147132,925.5533199195171,0
20077,3.0,0.0,2.4,5446,55417,15.3,0.1,6.796675585108693,8.0,rural,0.8258270227182144,128.53470437017995,0
20079,2.9,0.4,1.0,33823,73269,8.0,0.7,62.66351971937951,2.0,urban,0.607294370923827,118.26272063388818,0
20081,2.5,0.0,1.1,3695,69138,10.8,0.6,6.398035324414458,9.0,rural,0.825434439178515,433.0175913396482,0
20083,1.8,2.0,0.1,1676,63125,6.0,0.2,1.9488552556763457,9.0,rural,0.857292759706191,353.4704370179948,0
20085,9.5,0.0,2.2,13277,72703,9.1,0.9,20.232563588671045,3.0,urban,0.7169603524229075,557.3548241319575,0
20087,2.3,0.0,0.2,18391,77393,6.3,0.6,34.528934073885516,3.0,urban,0.688399835458659,951.5523897558588,0
20089,1.2,0.0,0.2,2909,52344,12.8,0.3,3.19680585307679,9.0,rural,0.8861578266494179,353.4704370179948,0
20091,1.4,0.5,2.2,614764,107261,5.3,1.1,1298.0288099736222,1.0,urban,0.45676018217460573,41.64199595291852,0
20093,1.5,0.2,3.5,3910,74135,6.1,0.7,4.4914483150879585,9.0,rural,0.8492935635792779,997.4424552429667,0
20095,4.2,0.8,1.4,7284,59819,9.4,1.2,8.436227830567137,8.0,rural,0.8055268595041323,353.4704370179948,0
20097,1.5,0.2,1.1,2422,73214,5.7,1.0,3.351601842156004,9.0,rural,0.8617216117216118,454.1701073492981,0
20099,4.9,0.9,0.7,19949,55439,16.1,0.4,30.909839302234708,7.0,rural,0.6940346375881976,170.43460825104015,0
20101,2.2,0.0,1.1,1497,53042,8.1,0.0,2.086676430294274,9.0,rural,0.8646341463414634,353.4704370179948,0
20103,2.5,1.1,1.9,82493,86906,8.6,2.8,178.01418165127052,1.0,urban,0.6162852432447536,86.06790879226116,0
20105,1.1,0.3,0.2,2924,53546,11.9,0.9,4.0645216200413765,9.0,rural,0.8314227916385705,353.4704370179948,0
20107,2.6,0.3,0.0,9723,59200,10.7,0.3,16.366455328013497,1.0,urban,0.8273701233070547,637.6632726524736,0
20109,4.2,0.0,1.3,2720,71389,13.2,0.1,2.534964720304601,9.0,rural,0.8663257852447042,353.4704370179948,0
20111,3.2,0.2,4.1,32145,59078,15.2,0.5,37.93018320715378,4.0,suburban,0.5750173383678816,353.4704370179948,0
20113,1.2,0.3,0.9,30130,77701,9.1,1.5,33.54169389134625,7.0,rural,0.7094023270940233,353.4704370179948,0
20115,1.9,0.1,0.8,11795,63438,10.0,0.6,12.490749439902268,8.0,rural,0.7510886605121059,618.9063162356931,0
20117,1.2,0.2,1.6,10001,70828,9.4,0.6,11.11002383820674,8.0,rural,0.7514951536399258,289.97100289971,0
20119,1.9,0.0,0.9,3949,74868,6.6,0.7,4.037491169592905,9.0,rural,0.8524492234169654,353.4704370179948,0
20121,2.3,0.1,0.7,34625,88000,6.7,0.6,60.12548374623654,1.0,urban,0.7014078358616174,337.9061371841155,0
20123,3.3,0.0,0.3,5767,58233,12.5,0.2,8.217534565887293,9.0,rural,0.8316326530612245,353.4704370179948,0
20125,7.3,0.5,1.3,31143,53242,16.3,0.8,48.38922286678628,7.0,rural,0.7599214466901235,870.1794945894743,0
20127,3.5,0.1,1.0,5388,56716,12.8,1.5,7.748697468922005,8.0,rural,0.7370532458059811,241.2769116555308,0
20129,2.2,0.0,0.8,2647,65625,14.8,0.0,3.6273659398075684,9.0,rural,0.8740384615384615,353.4704370179948,0
20131,1.6,0.0,0.5,10213,77375,7.7,0.1,14.235586609750515,9.0,rural,0.8397979433519754,166.45451875061198,0
20133,3.1,0.0,1.3,15715,55704,15.4,0.3,27.498714081365396,7.0,rural,0.7452305843473036,369.07413299395483,0
20135,4.7,0.0,0.3,2659,66107,11.4,0.2,2.4740881622837674,9.0,rural,0.9032983508245878,353.4704370179948,0
20137,4.2,0.0,0.5,5392,50305,8.5,0.1,6.140924502133496,9.0,rural,0.8447037701974865,259.64391691394655,0
20139,1.8,0.0,0.3,15780,70216,11.0,0.5,22.36691083698792,3.0,urban,0.746680551939599,424.5880861850444,0
20141,2.2,0.0,1.4,3473,59408,12.5,0.2,3.891248280873518,9.0,rural,0.8498273878020713,353.4704370179948,0
20143,1.0,0.3,0.6,5782,76755,12.1,0.2,8.022417218175004,9.0,rural,0.838698746187733,353.4704370179948,0
20145,2.7,0.2,4.0,6220,63625,11.2,1.6,8.24646282370937,9.0,rural,0.7621765601217656,755.6270096463023,0
20147,1.3,0.5,0.2,4874,61235,13.8,0.5,5.501929046172885,9.0,rural,0.8768142910308895,353.4704370179948,0
20149,1.5,0.2,0.9,25808,87694,7.1,0.9,30.69695830154714,3.0,urban,0.7429761453994699,488.22070675759454,0
20151,3.8,0.2,1.6,9120,64348,9.5,0.9,12.407513526467467,7.0,rural,0.7619760479041916,353.4704370179948,0
20153,3.0,1.4,0.4,2533,65000,10.1,0.8,2.3685816403065028,9.0,rural,0.8715328467153285,353.4704370179948,0
20155,2.4,0.2,1.7,61693,60498,12.4,0.6,49.14571990169135,4.0,suburban,0.6759971213211621,233.41383949556675,0
20157,1.8,0.1,0.6,4662,53611,14.6,0.3,6.498673094332578,9.0,rural,0.8347934918648311,353.4704370179948,0
20159,2.9,0.7,1.6,9389,63947,7.4,0.8,12.92834898857274,9.0,rural,0.7883530015392509,202.36446905953775,0
20161,2.3,0.7,2.6,71710,59560,22.0,1.9,117.6230375766662,3.0,urban,0.4908622799983117,353.4704370179948,0
20163,1.2,0.0,0.0,4869,61596,5.3,0.8,5.467549345367619,9.0,rural,0.8605115907274181,677.7572396796057,0
20165,2.9,0.1,1.4,2957,60288,11.4,0.1,4.1197444599908035,9.0,rural,0.8328055731475618,845.4514710855597,0
20167,3.5,0.6,0.9,6717,53902,15.3,0.9,7.579040025256429,9.0,rural,0.8123456790123457,521.0659520619324,0
20169,1.7,0.8,1.6,53801,63316,12.3,1.9,74.69805868182065,5.0,suburban,0.6608341007762136,156.1309269344436,0
20171,1.2,0.0,0.0,5071,67788,8.8,0.3,7.066757801194168,9.0,rural,0.8813964610234337,19.7199763360284,0
20173,3.1,0.7,2.1,524810,67675,14.0,1.1,526.38867207644,2.0,urban,0.5702958827104224,153.96048093595778,0
20175,2.4,0.5,6.6,21640,62269,13.0,0.6,33.83085004261648,7.0,rural,0.6982393581457544,353.4704370179948,0
20177,2.8,1.0,1.2,178315,66043,12.4,1.1,327.7694335244522,3.0,urban,0.4974628782306225,325.26708353195187,0
20179,0.9,0.0,0.1,2442,70000,10.4,0.2,2.7255768467726007,9.0,rural,0.9070110701107011,163.8001638001638,0
20181,3.2,0.0,0.5,5919,64444,10.0,0.0,5.604773855553067,9.0,rural,0.8507874015748031,353.4704370179948,0
20183,2.5,0.1,0.0,3579,57024,7.8,0.1,3.996809451093127,9.0,rural,0.8481012658227848,353.4704370179948,0
20185,3.7,0.0,0.5,4004,63786,10.8,0.1,5.055261859482543,9.0,rural,0.8260405549626467,353.4704370179948,0
20187,6.4,0.0,0.0,2018,70361,12.9,0.6,2.9661120025870535,9.0,rural,0.8236196319018405,353.4704370179948,0
20189,2.1,0.0,3.5,5212,61909,15.3,0.0,7.16662857723959,9.0,rural,0.8836565096952909,353.4704370179948,0
20191,3.7,0.3,0.6,22386,60348,10.8,0.2,18.944409804694622,2.0,urban,0.7555383573570669,375.234521575985,0
20193,0.4,0.0,0.4,7913,73575,6.9,0.6,7.363077852629776,7.0,rural,0.8343507214206437,278.02350562365723,0
20195,0.4,0.0,0.2,2778,73375,5.5,0.3,3.123193794323626,9.0,rural,0.8614496472097498,353.4704370179948,0
20197,3.7,0.6,0.2,6961,70536,7.1,1.3,8.763293825686251,3.0,urban,0.7489361702127659,976.8711392041373,0
20199,1.7,0.9,0.1,1459,60263,12.8,0.9,1.5968877776953647,9.0,rural,0.9295392953929539,353.4704370179948,0
20201,0.5,0.1,0.3,5519,62452,8.1,0.4,6.168143594079452,9.0,rural,0.8510718315156074,362.3844899438304,0
20203,2.8,0.0,3.1,2115,71282,16.3,0.4,2.9433609315414277,9.0,rural,0.8736717827626919,353.4704370179948,0
20205,4.1,0.2,0.9,8559,57056,15.8,0.6,15.00466212555231,9.0,rural,0.8172832533182717,455.66070802663864,0
20207,4.3,0.0,0.0,3118,48152,12.3,0.0,6.263325233588608,9.0,rural,0.8103564223268326,769.7241821680565,0
20209,3.7,0.8,4.8,167277,60582,17.5,0.9,1103.1372480910763,1.0,urban,0.37881738781246865,41.24894635843541,0
21001,0.9,0.0,1.0,19016,50316,18.0,0.5,46.919209765048244,7.0,rural,0.8587640449438202,36.8111064366849,0
21003,2.1,0.2,0.3,21029,59029,15.0,0.2,61.17990579608123,3.0,urban,0.8386750991531783,256.7882448047934,0
21005,0.9,0.1,1.1,24098,71747,12.5,0.8,119.14394781956985,6.0,suburban,0.7494563529046288,128.64138102747117,0
21007,1.3,0.0,0.8,7678,64740,13.8,0.8,31.07309125353176,3.0,urban,0.826961271102284,781.4535035165408,0
21009,1.1,0.4,0.9,44670,49171,21.0,0.7,91.65611936452676,6.0,suburban,0.7669015522875817,257.4434743675845,0
21011,0.6,0.0,0.1,12812,54128,23.5,0.2,46.08758644593392,8.0,rural,0.7597292724196277,109.27255697783328,0
21013,1.2,0.0,0.6,23878,32403,27.1,0.0,66.51269931060008,7.0,rural,0.8465945945945946,146.57844040539408,0
21015,1.0,0.7,1.3,137676,94752,6.6,1.0,559.0502716370007,1.0,urban,0.68904620307618,434.3531189168773,0
21017,1.2,0.2,1.0,20174,56322,13.7,0.5,69.62557645035099,2.0,urban,0.6705078958600086,163.57688113413303,0
21019,0.7,0.1,0.4,48043,60659,17.7,1.0,300.5198771362692,2.0,urban,0.6954100900551952,312.22030264554667,0
21021,0.8,0.7,0.9,30708,61635,14.2,0.4,170.28221722450948,7.0,rural,0.6473248992861687,68.38608831574834,0
21023,1.6,0.5,0.1,8427,59521,20.1,0.5,41.580893123455596,1.0,urban,0.8288222384784198,296.66548000474666,0
21025,0.5,0.1,0.4,13438,41101,28.2,0.4,27.28961444294037,9.0,rural,0.8011115522032553,81.85741925881828,0
21027,0.9,0.1,0.4,20722,53673,21.3,0.7,36.37195135258874,8.0,rural,0.7945564516129032,188.20577164366372,0
21029,1.1,0.5,0.4,83209,77640,9.5,0.6,280.08566494586375,1.0,urban,0.7585664294605322,277.61420038697736,0
21031,1.7,0.1,4.1,12373,52003,18.6,0.3,29.036992605098515,3.0,urban,0.8356047700170358,202.05285702739835,0
21033,0.7,0.0,1.4,12631,57618,13.9,0.3,36.62914011297877,7.0,rural,0.7946370176586004,269.17900403768505,0
21035,1.0,0.6,0.5,37882,51854,17.2,0.9,98.43326263947796,7.0,rural,0.693033033033033,282.45604772715274,0
21037,0.7,0.3,0.7,93193,77271,10.8,0.6,615.8673412932504,1.0,urban,0.6001856461752668,0.0,0
21039,1.2,0.0,0.3,4763,62019,16.7,0.4,25.139491395408506,3.0,urban,0.8424710424710424,188.95653999580097,0
21041,1.2,0.0,1.7,10878,57753,18.9,0.1,84.52222763086444,6.0,suburban,0.7578576816696002,413.6789851075565,0
21043,0.8,0.2,0.3,26515,50389,19.6,0.6,64.75009634218472,2.0,urban,0.7957646641857168,135.77220441259664,0
21045,0.7,0.2,0.2,15951,41689,24.4,0.5,35.90484183084233,9.0,rural,0.8854700854700854,131.6531878879067,0
21047,1.3,1.6,1.2,72599,54190,17.2,2.6,101.16070953671617,2.0,urban,0.6701267124888951,195.59498064711636,0
21049,1.1,0.6,0.8,37004,67824,12.9,0.7,146.56106644875865,2.0,urban,0.6794018989140941,229.70489676791698,0
21051,0.8,0.0,1.0,20105,39607,31.8,0.1,42.84079337827427,9.0,rural,0.9067511117100121,397.9109674210396,0
21053,2.0,0.1,0.3,9240,42168,18.4,0.0,46.88847478248169,9.0,rural,0.8862176165803108,183.982683982684,0
21055,1.0,0.0,0.2,8972,47003,18.1,0.3,24.952284151758985,8.0,rural,0.8463482436189033,178.33259028087383,0
21057,1.7,0.2,0.8,5948,39662,33.9,1.3,19.49226306619018,9.0,rural,0.8581497797356828,151.31136516476127,0
21059,1.5,0.4,1.0,103195,65323,15.2,0.6,225.12159098844498,3.0,urban,0.6620595972228212,288.7736808953922,0
21061,1.0,0.0,0.8,12243,54512,16.8,0.2,40.43183756998269,3.0,urban,0.8186831008757703,400.2287021154946,0
21063,2.0,1.0,0.9,7336,40074,27.2,0.3,31.3074956916701,8.0,rural,0.8144401813742588,54.525627044711015,0
21065,0.7,0.0,0.0,14079,43905,22.0,0.1,55.6303915402781,8.0,rural,0.820467365028203,92.33610341643582,0
21067,1.0,0.7,2.4,321122,67631,15.7,1.1,1131.2879543308795,2.0,urban,0.4074850427046769,0.3114081252608043,0
21069,0.4,0.0,0.0,15221,49663,22.9,0.2,43.65416379705531,9.0,rural,0.8070023148148148,118.25767032389462,0
21071,0.5,0.1,0.6,35342,41582,26.6,0.3,89.86009127265692,7.0,rural,0.8010658347956067,203.72361496236772,0
21073,1.1,0.3,2.1,51563,66470,13.4,0.7,248.0081054801538,4.0,suburban,0.5247603201014183,223.02814033318464,0
21075,1.3,0.3,0.2,6440,36834,25.7,0.0,31.272485809854118,9.0,rural,0.7009873060648801,155.27950310559004,0
21077,1.0,0.0,1.1,8749,62247,14.4,0.4,89.01992301160355,1.0,urban,0.803359173126615,400.0457195108012,0
21079,0.7,0.3,1.1,17346,62572,17.1,0.1,75.44215844417519,8.0,rural,0.8047700170357751,213.30566124754986,0
21081,0.6,0.5,1.1,25238,67940,12.3,1.3,97.83088264126268,1.0,urban,0.8282078472958643,364.52967747048103,0
21083,1.1,0.3,0.7,36612,50576,20.5,0.3,66.35535155716212,6.0,suburban,0.8116240975550567,349.6121490221785,0
21085,0.8,0.0,0.6,26586,49893,19.3,0.3,53.22139506516597,6.0,suburban,0.8128924236082042,263.2964718272775,0
21087,0.7,0.3,2.0,11278,41087,21.5,0.5,39.438693714099394,8.0,rural,0.8655202063628546,53.20092214931725,0
21089,0.9,0.0,0.1,35639,59613,15.1,0.2,103.46531914812385,2.0,urban,0.7560961381402403,64.53604197648643,0
21091,1.8,0.0,0.1,9032,66836,15.9,0.4,48.12572440436148,8.0,rural,0.7420844327176781,210.36315323294951,0
21093,1.8,2.0,1.4,111452,67608,11.7,2.7,178.63780822702378,3.0,urban,0.649225298450597,149.84028999030974,0
21095,1.9,0.0,0.0,26185,37198,27.2,0.3,56.21152534449218,7.0,rural,0.8836825766395033,103.11246897078479,0
21097,1.5,0.1,0.7,18971,63205,16.4,0.3,61.90407604268002,6.0,suburban,0.7456199460916442,163.40730588793423,0
21099,0.8,0.3,0.4,19470,49653,21.2,1.3,47.18060857045392,8.0,rural,0.8029521180847234,231.12480739599386,0
21101,1.8,0.2,0.6,44493,58239,15.4,0.2,101.96382968713809,4.0,suburban,0.6481033506613825,229.2495448722271,0
21103,1.2,0.2,0.4,15774,60736,16.6,0.3,55.105520877873914,1.0,urban,0.7664150943396226,76.07455306200076,0
21105,0.7,0.0,0.6,4470,63750,20.8,0.8,18.44585268830613,8.0,rural,0.8078048780487805,357.94183445190157,0
21107,1.5,0.1,0.7,45143,57610,19.2,0.5,83.26092742568713,5.0,suburban,0.7575578241357203,332.2774295018054,0
21109,0.9,0.0,0.0,13003,41410,23.0,0.6,37.66503026394244,9.0,rural,0.9137107776261937,199.95385680227642,0
21111,1.2,0.4,1.8,777392,67849,14.5,1.1,2041.311310382462,1.0,urban,0.4158326692997874,0.2572704632926503,0
21113,0.9,0.1,1.9,53792,74886,10.5,0.6,312.54136712435854,2.0,urban,0.682570631188592,217.50446162998216,0
21115,0.7,0.1,0.2,22464,43014,23.4,0.2,85.75161707664999,7.0,rural,0.8578947368421053,115.74074074074073,0
21117,0.8,0.4,2.3,169817,79421,11.9,0.9,1058.900546659392,1.0,urban,0.6108722242538114,0.5888691944858289,0
21119,0.6,0.3,0.3,14046,37736,25.9,0.2,39.95744900654833,9.0,rural,0.8002705902249281,21.358393848782573,0
21121,0.9,0.0,0.4,30034,33153,36.7,0.0,77.74179216940719,7.0,rural,0.8599123009462266,126.52327362322701,0
21123,1.7,0.0,1.3,15028,67770,18.9,0.6,57.56971832551732,3.0,urban,0.8060597598436191,153.04764439712537,0
21125,1.1,0.4,0.4,62731,56999,21.3,0.5,144.64038271287814,5.0,suburban,0.8534823794142199,519.6792654349524,0
21127,0.7,0.0,0.1,16171,45584,22.0,0.1,38.9102665148968,2.0,urban,0.8395820528580209,241.1724692350504,0
21129,2.2,0.0,0.3,7375,34182,28.9,0.0,35.31738405597422,9.0,rural,0.8458032662362325,94.91525423728814,0
21131,1.3,0.0,0.0,10261,40176,27.3,0.3,25.59630973957204,9.0,rural,0.9109557109557109,87.71074943962577,0
21133,0.7,0.6,0.1,21146,40501,26.8,0.2,62.57442182979505,9.0,rural,0.8245635159542445,47.29026766291497,0
21135,0.1,0.0,0.1,13028,41632,22.6,0.2,26.98103928186753,8.0,rural,0.8823944905527106,237.9490328523181,0
21137,1.1,0.0,0.4,24415,50862,18.5,0.3,73.33964927283449,9.0,rural,0.8094016310821955,335.85910301044436,0
21139,1.2,0.8,0.0,8941,59713,18.9,0.0,28.56917856936752,3.0,urban,0.8194416140207866,637.5125824851806,0
21141,2.5,0.2,0.6,27731,61535,14.0,1.0,50.21767150861015,6.0,suburban,0.7786951594625222,183.90970394143739,0
21143,1.0,0.1,0.8,8831,64464,10.6,0.2,41.30785819425701,8.0,rural,0.7703649987913948,520.8923111765372,0
21145,1.0,0.5,0.9,67584,62385,15.3,0.8,271.6556738703434,3.0,urban,0.6768864933417882,545.9872159090909,0
21147,1.6,0.1,1.2,16905,37355,35.1,0.2,39.617573919377534,9.0,rural,0.8961438755670771,94.64655427388347,0
21149,0.9,0.3,0.2,9127,70549,9.3,0.6,36.14293848573264,3.0,urban,0.7834464637617692,273.91256710857897,0
21151,1.2,0.4,0.6,94064,62407,15.8,1.0,214.79278862164065,4.0,suburban,0.6574136763710223,170.09695526450076,0
21153,1.1,0.0,0.4,11495,33632,33.4,0.1,37.26777238851546,9.0,rural,0.8250913988839715,86.9943453675511,0
21155,0.6,0.1,1.2,19680,55404,19.5,0.7,57.28406911881441,6.0,suburban,0.7203427553972847,91.46341463414635,0
21157,0.6,0.2,0.7,31728,63611,13.4,0.5,105.01615647160578,8.0,rural,0.7870748690798182,434.94704992435703,0
21159,0.8,0.2,1.5,11181,46185,29.2,0.4,48.693135208979335,8.0,rural,0.9209366391184572,8.943743851176102,0
21161,1.9,0.6,0.7,16995,51473,18.4,0.2,70.77501143382887,6.0,suburban,0.7214734950584007,205.94292438952633,0
21163,1.6,1.1,1.8,30032,70163,13.7,2.3,98.31624211360698,1.0,urban,0.7642533611330793,243.07405434203514,0
21165,0.8,0.0,0.6,6203,44672,28.2,0.0,30.475811582507735,9.0,rural,0.7942361326309265,193.45477994518782,0
21167,1.0,0.1,0.8,22824,63115,11.4,0.1,91.5219915915262,6.0,suburban,0.7566872427983539,92.00841219768665,0
21169,0.7,0.5,0.5,10372,48572,25.7,0.9,35.808583990641885,9.0,rural,0.8260185002952175,221.75086772078674,0
21171,0.5,0.0,0.7,11318,49430,22.2,0.6,34.35164461957405,8.0,rural,0.8903901046622265,123.69676621311187,0
21173,0.9,0.0,0.6,28271,57468,15.2,0.5,143.2340774084221,6.0,suburban,0.7364420869289843,378.47971419475783,0
21175,0.8,0.1,2.1,13938,47493,18.2,0.4,36.572734739179054,9.0,rural,0.822562358276644,114.79408810446262,0
21177,0.9,0.2,0.3,30712,52672,17.8,0.1,65.72504512814248,6.0,suburban,0.7748725902947042,257.228444907528,0
21179,1.1,0.3,0.6,47102,67888,9.7,1.0,112.49977227492286,1.0,urban,0.7113041166304781,333.31917965266865,0
21181,1.6,0.0,0.3,7655,53616,18.5,0.0,39.194932208871265,8.0,rural,0.7483969465648855,78.3801436969301,0
21183,1.0,0.4,1.6,23704,54369,13.1,0.6,40.375065831233144,6.0,suburban,0.8056251740462267,375.4640566992913,0
21185,1.1,0.5,0.8,68600,121491,4.0,0.8,366.26909699740315,1.0,urban,0.6151975846314158,2.915451895043732,0
21187,0.8,0.3,1.9,11270,59706,17.2,1.2,32.15545618821977,8.0,rural,0.8177794171892291,115.35048802129546,0
21189,0.5,0.0,0.0,4021,31064,24.9,1.4,20.369602389076736,9.0,rural,0.8889496717724289,0.0,0
21191,0.8,0.0,0.6,14683,66601,14.3,0.3,52.97889797742213,1.0,urban,0.8221372923710127,272.4238915752911,0
21193,2.0,0.1,0.2,27847,45261,25.5,0.1,81.96955467478224,7.0,rural,0.8009920032391943,183.14360613351528,0
21195,0.6,0.2,0.2,57466,42179,25.0,0.3,73.09131509737796,7.0,rural,0.8302332447593741,41.763825566421886,0
21197,1.1,0.0,1.1,13057,39811,21.7,0.3,72.95969955021192,8.0,rural,0.777060387390809,53.611089836869105,0
21199,1.0,0.2,0.8,65503,50943,20.3,0.2,99.53358088771981,5.0,suburban,0.8295968409655436,300.7495839885196,0
21201,1.6,0.2,0.0,2239,52337,27.4,0.2,22.482026910493442,8.0,rural,0.8097345132743363,0.0,0
21203,1.0,0.0,0.2,16144,48367,24.4,0.1,50.99714578179506,9.0,rural,0.8706206534575515,260.1585728444004,0
21205,0.8,0.4,0.2,24525,53657,24.5,0.5,87.62654889402191,6.0,suburban,0.6411207251751133,187.5637104994903,0
21207,1.1,0.0,0.7,18117,50520,23.4,0.0,71.5318368999348,9.0,rural,0.8639764225799138,115.91323066732903,0
21209,1.2,0.5,1.2,58269,83660,10.4,0.8,206.48550966399648,2.0,urban,0.6409669037199125,144.15898676826444,0
21211,2.9,0.9,3.5,48599,82671,8.6,1.2,127.96275538234431,1.0,urban,0.6764827529158739,364.20502479474885,0
21213,3.8,0.2,1.0,19786,57392,15.1,0.3,84.49226131543487,6.0,suburban,0.7223890942698706,136.46012331951886,0
21215,1.9,0.9,0.3,19875,98333,7.4,0.1,106.47116160860665,1.0,urban,0.787074590019397,357.2327044025157,0
21217,1.6,1.0,0.7,26205,61871,16.6,0.0,98.36186745216813,7.0,rural,0.7870898421357136,297.6531196336577,0
21219,0.8,0.7,0.4,12330,57759,21.7,0.7,32.922747269256526,8.0,rural,0.792292490118577,251.41930251419302,0
21221,1.3,0.7,0.1,14211,54630,20.4,1.1,32.192915838621715,2.0,urban,0.7653104322117416,450.3553585250862,0
21223,0.6,1.4,0.4,8531,67813,13.2,2.4,57.73141610197836,8.0,rural,0.7805515929624346,93.7756417770484,0
21225,0.7,0.3,0.9,13379,60989,17.4,0.4,39.019704062058125,8.0,rural,0.7952532174494401,171.9112041258689,0
21227,1.1,0.2,2.5,137549,64801,16.8,1.2,253.90987282852032,3.0,urban,0.6233482933109231,346.785509164007,0
21229,3.6,0.0,0.0,12091,59762,12.6,0.2,40.67150230857888,8.0,rural,0.754837677914601,281.2008932263667,0
21231,0.9,1.2,1.7,19592,41933,24.3,0.8,42.77325445789444,7.0,rural,0.8330056667052157,81.66598611678236,0
21233,0.4,0.0,5.0,12873,58786,13.9,0.2,38.77100460692107,9.0,rural,0.7900582665695557,217.50951604132678,0
21235,0.9,0.7,0.3,36755,41719,25.1,0.9,83.9305594072105,7.0,rural,0.8501072098633075,329.2069106244049,0
21237,1.1,0.0,0.0,6484,29052,38.1,0.0,29.186258842025957,9.0,rural,0.7584151472650772,246.76125848241827,0
21239,0.9,0.2,1.9,27017,80006,10.0,0.8,142.5146621227232,2.0,urban,0.5726821304673152,22.20823925676426,0
22001,1.9,0.0,1.1,57218,45266,24.4,0.4,87.3232139596865,2.0,urban,0.8266094420600858,1039.88255444091,1
22003,3.8,0.0,5.4,22552,51138,20.4,0.4,29.59253353999644,6.0,suburban,0.8052734874989333,353.4704370179948,1
22005,1.4,0.2,4.3,128593,92266,10.3,0.6,443.47026879282095,2.0,urban,0.6751484220393709,1414.5404493246133,1
22007,1.1,0.0,2.4,20720,52546,13.9,0.0,60.22890453422845,2.0,urban,0.6698743267504488,353.4704370179948,1
22009,4.2,0.1,1.3,39176,39439,27.4,0.2,47.10492676537253,6.0,suburban,0.7157200229489387,353.4704370179948,1
22011,1.8,0.7,0.7,36646,64995,14.1,0.9,31.66022846885679,6.0,suburban,0.8475340286370868,308.3556186214048,1
22013,1.5,0.0,0.3,12769,34992,32.1,0.6,15.738090823048703,8.0,rural,0.5766158315177923,830.1354843762238,0
22015,1.4,0.3,2.6,129134,66336,16.4,1.5,153.80861063144354,2.0,urban,0.7280294846540001,418.1702727399445,0
22017,1.1,0.3,1.0,232973,50067,22.3,0.5,264.9020824959614,2.0,urban,0.4830117654116394,245.95124756946083,0
22019,1.5,0.3,2.2,208668,67849,17.8,0.8,196.10154511525468,2.0,urban,0.7074828202716558,1559.4149558149788,1
22021,0.1,0.0,0.4,9563,44957,25.4,0.8,18.051224056588023,8.0,rural,0.8716014458588716,1244.3793788560074,0
22023,10.5,0.0,0.2,5222,72500,6.3,0.6,4.064955125918592,2.0,urban,0.9333059716806895,1838.3761011106858,1
22025,0.4,0.2,0.3,8738,47753,28.1,0.4,12.342643652008304,9.0,rural,0.7727122563594317,1201.6479743648433,0
22027,0.4,0.1,0.7,14019,31784,35.0,0.6,18.57326979669095,9.0,rural,0.6274509803921569,413.7242314002425,0
22029,1.0,0.1,1.1,18325,37349,34.8,0.1,26.285971456965086,6.0,suburban,0.6735676019249978,1036.8349249658936,0
22031,2.0,0.3,1.5,26897,46077,21.8,0.6,30.6886071008612,2.0,urban,0.686026936026936,829.0887459567981,0
22033,1.1,0.4,4.5,452821,63075,18.6,0.7,994.1140825290222,2.0,urban,0.4502609549122926,1213.7246284955866,1
22035,1.4,0.0,1.6,7195,28321,35.7,0.2,17.094847187621884,8.0,rural,0.4381301558203483,1209.1730368311328,0
22037,2.8,0.0,1.6,19378,72899,13.5,0.3,42.7494117134322,2.0,urban,0.6101694915254238,353.4704370179948,1
22039,1.3,0.0,2.9,32162,42273,23.0,0.0,48.55150114120791,6.0,suburban,0.7517616050777258,391.7666811765437,1
22041,3.8,0.6,0.7,19590,44103,25.6,0.0,31.379222871712855,6.0,suburban,0.7711537004772365,888.208269525268,0
22043,1.9,0.4,3.8,22123,61112,16.1,0.4,34.36581025422506,3.0,urban,0.8802858844550328,863.3548795371332,0
22045,2.1,0.6,2.9,69194,57811,22.6,0.4,120.39161133113853,4.0,suburban,0.6793088916982722,758.7363066161806,1
22047,2.0,0.7,2.5,29950,57459,15.5,0.3,48.4064298342413,2.0,urban,0.5220887472419711,904.8414023372288,1
22049,3.4,0.6,1.1,14939,43345,24.3,0.1,26.23741688873129,6.0,suburban,0.7494688043268302,307.9188700716246,0
22051,2.2,0.9,13.7,432484,65246,16.3,1.5,1437.4747210104956,1.0,urban,0.5607803787870149,1883.5378881068434,1
22053,1.2,0.0,1.2,32083,56500,17.8,0.1,49.24327621876348,2.0,urban,0.8105427235369137,395.8482685534395,1
22055,0.8,0.3,3.8,245075,67660,17.4,0.6,911.6472548044275,2.0,urban,0.665652938590063,419.87146791798426,1
22057,4.6,0.1,2.6,96670,63439,18.0,0.4,90.53252405084255,3.0,urban,0.8198954386301501,1665.45981173063,1
22059,1.5,0.9,3.5,14804,67077,15.5,0.2,23.691951893212742,8.0,rural,0.9188411752619684,353.4704370179948,0
22061,3.1,0.1,0.8,48160,38035,30.7,0.2,102.1125823482458,4.0,suburban,0.629144818740805,406.9767441860465,0
22063,1.2,0.2,4.0,145583,78617,13.1,0.5,224.61956565872583,2.0,urban,0.8476580543836418,1608.7043130035786,1
22065,0.8,0.0,1.5,9757,37267,36.7,0.1,15.639098064184656,6.0,suburban,0.47326059738866033,645.6902736496875,0
22067,1.4,0.1,0.6,24967,36981,30.7,0.2,31.407011779797344,3.0,urban,0.6144936512852276,1049.3851884487524,0
22069,2.5,0.3,1.3,37047,46798,24.1,0.7,29.566441923489513,6.0,suburban,0.6094910846953938,1195.7783356277162,0
22071,1.6,0.4,5.3,376035,55339,22.6,1.1,2218.502208674617,1.0,urban,0.14900975211582249,353.4704370179948,1
22073,1.0,0.2,1.4,158916,51241,24.0,0.7,260.36885274691684,3.0,urban,0.6508878762490549,1658.1086863500213,0
22075,3.0,1.9,3.3,23070,82874,13.4,0.8,29.554381354354337,1.0,urban,0.7103065842309899,836.5843086259212,1
22077,1.8,0.0,1.3,20438,59351,17.8,0.5,36.701219268459795,2.0,urban,0.6355706324206445,353.4704370179948,1
22079,1.9,0.3,1.2,128470,55946,18.9,0.6,97.02369038240849,3.0,urban,0.6811792892319979,1266.44352767183,1
22081,0.7,0.0,0.2,7529,44539,29.4,0.3,19.355760295401467,8.0,rural,0.6366634335596508,353.4704370179948,0
22083,0.8,0.3,0.7,19908,52960,23.5,0.1,35.830686833659605,3.0,urban,0.7148710166919575,353.4704370179948,0
22085,12.7,0.1,1.7,22085,52047,22.7,0.4,25.48392621372955,8.0,rural,0.8602112173540745,353.4704370179948,0
22087,2.4,0.4,11.1,44172,57638,22.6,0.6,117.00680193666057,1.0,urban,0.6530628417465726,2415.557366657611,1
22089,2.7,0.2,5.3,51863,82172,9.8,0.7,186.7310026984815,1.0,urban,0.6670176429800457,1255.2301255230125,1
22091,1.9,0.0,1.9,10849,50193,30.0,0.2,26.55641363391781,2.0,urban,0.4988244029204306,1954.097151811227,1
22093,0.5,0.0,0.4,19797,64536,10.5,0.1,83.22917934898892,1.0,urban,0.5229839169613323,1242.6125170480375,1
22095,0.9,1.2,5.2,41342,67418,12.6,1.1,192.76009549385915,1.0,urban,0.35101196113508015,1562.5755889894056,1
22097,1.1,0.0,1.7,82128,45637,24.0,0.3,88.8803315194885,4.0,suburban,0.5910195354261834,353.4704370179948,1
22099,1.3,0.1,1.6,51559,53394,16.6,0.2,69.91334144425569,2.0,urban,0.7210035535843108,1283.9659419306038,1
22101,2.8,0.3,4.7,48455,51768,22.1,0.4,86.75495562072184,4.0,suburban,0.6726546906187625,1077.2882055515427,1
22103,2.0,0.5,5.1,269331,79277,12.2,0.8,318.62914037583306,2.0,urban,0.7210915990773124,534.6580972854963,1
22105,0.9,0.2,2.8,135218,57256,19.4,0.8,170.9085850309239,3.0,urban,0.6939739901323926,1521.247171234599,1
22107,0.5,0.0,0.4,3992,36074,32.8,0.6,6.6169153375200915,9.0,rural,0.5394449641409417,1828.6573146292585,0
22109,7.8,0.7,2.9,107362,64819,16.5,0.8,87.2941165960663,3.0,urban,0.7673633715949975,1819.0793763156423,1
22111,0.9,0.1,2.0,20914,45743,28.6,0.3,23.849573183360068,3.0,urban,0.7933035416527713,353.4704370179948,0
22113,0.7,0.0,2.4,57031,57537,19.2,0.4,48.65899964366141,2.0,urban,0.8260161719216367,348.9330364187898,1
22115,2.3,2.1,2.0,47764,58281,18.3,2.7,36.00139477047778,4.0,suburban,0.8318290821887944,353.4704370179948,1
22117,1.1,1.0,1.3,45238,42776,24.2,0.5,67.55599627765774,6.0,suburban,0.7064356619697364,992.5284053229585,1
22119,1.0,0.2,0.2,36189,37396,26.9,0.5,60.99420880089674,6.0,suburban,0.6879605844948835,613.4460747741026,0
22121,0.7,0.1,1.8,27666,87320,16.0,0.8,143.83430794212273,2.0,urban,0.5724235294117647,2190.4142268488395,1
22123,0.4,0.0,0.8,9622,48514,15.7,0.0,26.751119085575542,8.0,rural,0.8866270851003676,394.9282893369362,0
22125,1.7,0.2,1.0,15381,74277,11.6,0.1,38.13632719289682,2.0,urban,0.6682087143625605,377.08861582471883,1
22127,1.2,0.0,4.3,13506,46368,22.0,0.1,14.21679031384475,8.0,rural,0.7892122072391767,407.2264178883459,0
23001,1.8,0.6,0.6,112323,67298,13.0,1.0,240.02997879281585,3.0,urban,0.5311155074274608,138.88517934884217,1
23003,2.8,0.3,0.6,67227,54254,14.4,1.5,10.077294246832443,7.0,rural,0.6329596540146816,132.38728487066209,1
23005,1.0,0.5,1.5,305940,92983,7.1,1.2,365.87251099295423,2.0,urban,0.31906776279032645,108.51801006733348,1
23007,1.6,0.4,0.6,30145,58522,11.8,0.4,17.7636324208022,8.0,rural,0.5420941028139148,235.52827998009622,1
23009,1.2,1.0,0.5,56084,69630,10.2,1.1,35.33678312450384,8.0,rural,0.439691246324361,153.34141644675844,1
23011,1.6,0.5,1.1,125614,65062,12.3,1.0,144.8046329977533,4.0,suburban,0.5140781746143255,190.26541627525594,1
23013,1.4,0.3,1.0,40860,71903,8.8,1.5,111.90051551563651,7.0,rural,0.40500434130554896,391.5810083210965,1
23015,1.1,0.2,0.4,35840,72026,8.5,1.5,78.61949625408255,8.0,rural,0.44257834091585524,332.03125,1
23017,1.5,0.4,0.5,58728,57933,14.2,0.7,28.275980248407983,6.0,suburban,0.5656458682669961,454.63833265222723,1
23019,2.3,0.4,0.6,153571,63248,13.5,1.1,45.20540795095047,3.0,urban,0.555590691355422,204.46568688098665,1
23021,1.5,0.1,0.5,17125,55234,16.5,0.6,4.323570509776422,8.0,rural,0.6488946684005201,210.21897810218977,1
23023,1.0,0.5,0.7,37093,82080,11.1,1.5,146.04768219544485,2.0,urban,0.4149546006109042,164.45151376270454,1
23025,1.4,0.4,0.5,50852,56199,15.6,0.4,12.958334546150441,6.0,suburban,0.6375536480686695,800.3618343427986,1
23027,1.3,0.6,0.6,40006,68441,12.8,1.2,54.80414783125642,8.0,rural,0.4827177643405785,57.49137629355597,1
23029,6.7,0.6,0.7,31261,52237,17.8,2.0,12.1983433987173,9.0,rural,0.619286196802522,351.8761395988612,1
23031,1.3,0.6,0.8,214731,82904,7.8,1.4,216.6382280622734,2.0,urban,0.446588083617276,102.45376773730854,1
24001,0.8,0.2,1.3,67762,57393,17.2,0.6,160.49784872890902,4.0,suburban,0.7057567257427005,141.6723237212597,0
24003,1.7,1.7,5.8,590936,120324,5.5,2.2,1424.6066634229499,1.0,urban,0.428444639455918,353.4704370179948,1
24005,1.2,1.1,4.8,849586,90904,10.0,1.7,1419.8618578034072,1.0,urban,0.3743510930671459,353.4704370179948,1
24009,1.4,1.5,2.3,93791,132059,4.0,1.8,439.94171381478276,3.0,urban,0.5560900774635883,653.5808339819386,1
24011,2.7,0.7,6.5,33406,66368,12.4,0.9,104.57619670620925,6.0,suburban,0.6945893294790423,481.94935041609295,1
24013,0.7,0.7,2.6,174318,115876,5.3,1.0,389.43777954519885,1.0,urban,0.6281319346378859,436.5584735942358,0
24015,1.0,1.7,1.4,104366,91146,10.9,1.3,301.3746461718939,1.0,urban,0.6577020913027437,431.1749037042715,1
24017,3.0,1.3,4.2,168710,120592,6.6,1.8,368.50823718421015,1.0,urban,0.2918001316978984,1298.0854721119078,1
24019,1.5,2.1,2.1,32612,60495,16.3,0.9,60.30720793098858,6.0,suburban,0.5745227606461086,417.0244081933031,1
24021,1.3,1.3,8.9,280341,120458,6.3,1.6,424.35981911551016,1.0,urban,0.4548299175718765,432.6873343535194,0
24023,1.2,0.1,0.7,28713,69031,11.0,0.6,44.23664312265425,8.0,rural,0.776151305136343,466.687563124717,0
24025,1.1,1.2,2.6,262509,111317,7.0,2.1,600.5349211182612,1.0,urban,0.5707786093757518,729.4987981364449,1
24027,1.3,1.1,5.3,333916,146982,5.1,2.2,1330.608387249747,1.0,urban,0.2837435199696881,0.0,1
24029,0.9,0.3,2.2,19265,74402,9.5,1.1,69.55182250040721,6.0,suburban,0.5143359230484646,166.10433428497274,1
24031,1.5,1.1,17.6,1057586,128733,7.1,2.1,2144.581637527789,1.0,urban,0.22562688044100973,0.0,0
24033,1.9,0.9,17.3,955584,100708,10.2,1.6,1979.8969428731173,1.0,urban,0.11480285476704265,353.4704370179948,1
24035,0.9,0.3,4.2,50951,113347,7.0,0.8,137.08698956652287,1.0,urban,0.6418199726749912,620.2037251476909,1
24037,1.7,0.8,2.6,114372,114580,7.4,1.6,318.972396995799,3.0,urban,0.5879922259380527,1262.5467771832266,1
24039,3.4,0.2,2.8,24685,52462,20.1,0.3,77.2012550156959,3.0,urban,0.5888021097474389,353.4704370179948,1
24041,1.7,0.3,6.2,37707,84378,10.2,1.1,140.40662132728508,6.0,suburban,0.5001348678295271,315.59126952555226,1
24043,1.1,1.5,4.1,155033,74157,12.5,1.4,338.6596781003511,2.0,urban,0.6177468659730208,603.0974050685983,0
24045,1.1,0.7,3.1,104117,72861,14.0,1.1,278.0683482352133,3.0,urban,0.5279959629645882,500.3985900477348,1
24047,0.8,0.4,2.0,53279,81455,8.1,1.1,113.7462349230573,4.0,suburban,0.6122945451143063,371.62859663281967,1
24510,1.3,1.0,4.8,577193,59623,20.1,1.1,7130.588117960626,1.0,urban,0.12543647716423195,353.4704370179948,1
25001,1.4,0.8,2.0,230073,94452,7.4,1.3,583.6452038893499,3.0,urban,0.394635252095068,353.4704370179948,1
25003,1.2,1.8,2.9,128047,72565,11.0,1.3,138.14933450299668,3.0,urban,0.29604328913735634,353.4704370179948,1
25005,1.2,4.9,4.3,578436,84198,11.6,2.9,1045.7874569799683,1.0,urban,0.49340029854916867,353.4704370179948,1
25007,1.9,0.9,1.5,20751,102348,5.4,1.0,201.07090226121267,7.0,rural,0.23102171351624307,353.4704370179948,1
25009,1.0,4.6,17.5,807258,99431,9.4,2.9,1639.0589112386256,1.0,urban,0.3963057454842331,353.4704370179948,1
25011,1.3,2.1,2.2,70922,72584,12.2,1.5,101.43193350604115,4.0,suburban,0.30510887977806694,353.4704370179948,1
25013,1.3,21.5,4.1,462853,70535,15.7,9.9,750.1611045212732,2.0,urban,0.4546165153310293,353.4704370179948,1
25015,0.8,3.3,2.9,156595,86391,10.9,2.1,297.0114442473728,3.0,urban,0.2840496867099044,353.4704370179948,1
25017,0.8,2.3,5.7,1622896,126779,7.5,2.1,1984.3045631279615,1.0,urban,0.29777263867657733,353.4704370179948,1
25019,0.0,0.3,10.3,14299,119750,3.0,2.6,309.5542529965316,7.0,rural,0.3121495327102804,353.4704370179948,1
25021,0.6,1.3,3.3,724540,126497,6.6,1.6,1829.1691823435506,1.0,urban,0.35312852303649434,353.4704370179948,1
25023,0.9,1.7,2.3,531889,109698,7.1,1.4,807.7266486156536,1.0,urban,0.45499580928498906,353.4704370179948,1
25025,1.3,4.4,16.8,782172,92859,16.5,3.4,13427.079688603733,1.0,urban,0.23022579304612828,353.4704370179948,1
25027,1.1,7.2,5.2,861664,93561,10.3,3.7,570.3828139400724,2.0,urban,0.448864663159797,353.4704370179948,1
26001,2.1,0.1,0.3,10310,53568,14.3,0.7,15.281877716729369,9.0,rural,0.7106935244017845,669.2531522793405,1
26003,6.6,0.1,0.3,8813,59406,10.2,0.4,9.631334035791333,9.0,rural,0.6002696975534579,79.42811755361397,1
26005,1.5,0.4,0.8,120913,80255,9.3,0.7,146.51626454081133,4.0,suburban,0.6381152689750575,560.7337507133228,0
26007,1.4,0.4,0.1,28908,51909,17.0,0.4,50.54739372715701,7.0,rural,0.6449279623640106,283.65850283658506,1
26009,2.4,0.2,1.2,23876,71421,9.4,0.3,50.1935243076863,8.0,rural,0.6202987223321936,353.4704370179948,1
26011,2.4,0.1,0.5,15054,56989,13.4,0.3,41.4507064441843,8.0,rural,0.7055635438557681,704.1317922146937,1
26013,18.4,0.5,0.1,8249,55117,13.5,0.4,9.18160363073276,9.0,rural,0.6512772439653152,353.4704370179948,1
26015,1.4,0.4,0.5,62982,77873,8.1,0.7,113.87004741031953,1.0,urban,0.6742724954654189,531.8980026039186,1
26017,1.7,0.1,0.5,103235,60523,14.0,0.3,233.34724135965234,3.0,urban,0.5745141102065754,436.86734150239744,1
26019,2.8,0.4,0.5,18177,72603,10.2,0.4,56.857153346386475,3.0,urban,0.5439842209072978,528.1399570886285,0
26021,1.8,0.5,0.9,153411,63152,15.2,1.0,270.1939110766041,3.0,urban,0.5399289298662633,376.7656817307755,0
26023,1.6,0.3,1.3,44914,61958,15.4,1.4,88.69085873458258,6.0,suburban,0.7152560335276266,353.4704370179948,1
26025,2.1,0.5,0.9,133846,60385,14.2,0.7,189.51324070348204,3.0,urban,0.5711453679320649,419.88554009832194,1
26027,2.2,0.2,0.3,51606,68011,13.2,0.6,105.29506035961772,2.0,urban,0.6715659589911087,713.0953765066077,0
26029,2.6,0.3,0.4,26143,76495,8.7,0.5,62.793993397381044,7.0,rural,0.58590333716916,267.75809968251536,1
26031,5.1,0.3,0.5,25778,61619,12.8,0.7,36.03908615718392,7.0,rural,0.6577550012348728,159.05035301419815,1
26033,20.2,0.2,0.7,36448,60631,15.6,1.4,23.3864711492306,7.0,rural,0.6233859794957052,65.84723441615452,1
26035,2.5,0.1,0.1,31109,49805,21.1,0.6,55.121935733634075,8.0,rural,0.6906424171311235,353.4704370179948,0
26037,1.3,0.5,0.6,79419,85928,9.4,0.5,139.98257712629606,2.0,urban,0.543708461210138,215.31371586144374,1
26039,1.4,0.1,0.8,13271,58614,14.8,0.4,23.85089951275588,9.0,rural,0.6710101613867304,346.6204506065858,1
26041,4.3,0.2,0.3,36829,54829,14.0,0.3,31.448364737434925,5.0,suburban,0.6540725974688238,73.31179233756008,1
26043,1.8,0.0,0.8,25940,61882,9.8,0.2,34.08907700573845,7.0,rural,0.6842977397759661,353.4704370179948,0
26045,1.5,0.5,1.0,109000,78025,7.7,0.5,189.4964932157383,2.0,urban,0.5159450107546993,747.7064220183486,1
26047,5.1,0.5,0.4,34159,73724,9.3,0.9,73.06006066205192,7.0,rural,0.554739652870494,272.2562135893908,1
26049,1.7,0.3,0.5,404087,60673,15.9,0.6,634.4165170907555,2.0,urban,0.4787087506193942,88.34731134631899,1
26051,1.3,0.0,0.4,25543,55576,13.2,0.4,50.904145304952316,8.0,rural,0.706009144350098,407.156559527072,1
26053,4.0,0.2,0.4,14348,49672,15.0,0.3,13.018362529282836,7.0,rural,0.5865901319003419,62.72651240591023,1
26055,2.2,0.2,0.6,95757,79486,8.6,0.7,206.22344489302867,3.0,urban,0.5087756225510832,353.4704370179948,1
26057,1.2,0.5,1.0,41478,61128,14.3,0.5,72.97575365393486,6.0,suburban,0.6586636697997548,448.4304932735426,1
26059,1.3,0.2,0.4,45658,60869,15.5,0.3,76.33173899871326,6.0,suburban,0.7602627927854403,367.9530421831881,1
26061,1.4,0.1,0.5,37428,56573,15.9,0.5,37.09045689070207,5.0,suburban,0.5865596474661631,112.21545367104842,1
26063,0.9,0.3,0.3,31258,56963,12.2,0.6,37.38917383224758,9.0,rural,0.7054304918382588,195.15004158935312,1
26065,1.7,0.5,1.2,282015,64354,16.4,0.8,507.1422787038092,2.0,urban,0.34846250327346906,198.57099799656046,1
26067,3.0,0.4,0.6,66706,73436,11.4,0.7,116.757773360568,1.0,urban,0.661723901303816,371.7806494168441,1
26069,2.0,0.3,0.4,25333,47777,16.6,0.8,46.103849720031555,7.0,rural,0.6552035615200981,19.737101803971107,1
26071,2.1,0.3,0.4,11650,53614,16.9,0.3,9.990599661781543,9.0,rural,0.6483722270239124,353.4704370179948,0
26073,5.2,0.4,1.2,64475,53759,23.2,0.8,112.58067854419983,4.0,suburban,0.5380633675117866,335.01357115160914,0
26075,1.2,0.4,0.3,160187,65004,12.2,0.3,228.22009866768852,3.0,urban,0.6081262795740608,332.73611466598413,1
26077,1.6,0.4,1.5,261437,70525,13.3,0.8,465.2272567669587,2.0,urban,0.4097938144329897,875.5455425207603,0
26079,2.0,0.4,0.3,18116,60365,14.1,0.6,32.36482158092858,3.0,urban,0.7176574196389256,1324.795760653566,1
26081,1.6,1.1,2.6,658844,80390,10.6,1.0,776.0870235307101,1.0,urban,0.47270298969862173,391.5949754418345,0
26083,2.5,0.0,0.2,2106,53893,8.7,0.7,3.899192438578086,9.0,rural,0.5649432534678437,353.4704370179948,1
26085,3.0,2.4,2.0,12393,49680,20.6,0.7,21.83427666338644,9.0,rural,0.6630992523090455,353.4704370179948,0
26087,1.4,0.9,0.6,88703,76228,9.8,0.5,137.1025539625555,1.0,urban,0.7015127155802396,261.54696008026787,1
26089,4.3,0.0,1.2,22607,91943,7.1,0.5,65.11247054176386,3.0,urban,0.4606960610056763,274.2513380811253,1
26091,1.7,0.7,0.8,98823,67013,11.6,0.4,131.8276399241481,4.0,suburban,0.6168294930875576,231.72743187314694,1
26093,1.1,0.2,0.7,195143,101315,4.9,0.7,345.21298221884956,1.0,urban,0.6213050795593635,263.3965860932752,1
26095,11.2,0.1,0.1,6325,54338,17.2,0.7,7.0350081998487495,9.0,rural,0.7383463763184757,727.2727272727273,1
26097,19.6,0.1,0.6,10865,58598,16.9,0.5,10.632372912598056,9.0,rural,0.6259264438540064,635.0667280257709,1
26099,1.2,0.4,0.7,877624,76399,9.8,0.9,1830.8710906258962,1.0,urban,0.5697336266129209,121.46431729305489,1
26101,3.4,0.2,0.8,25247,60879,11.8,0.2,46.55323069193366,6.0,suburban,0.5809922295277944,352.5171307482077,0
26103,3.2,0.2,0.6,66430,64675,13.6,0.6,36.72090736659717,5.0,suburban,0.4555512067840835,221.28556375131717,1
26105,1.8,0.3,0.7,29177,62296,14.6,0.5,58.947154482074225,7.0,rural,0.608324439701174,500.3941460739624,0
26107,2.2,0.3,0.4,40321,57774,19.2,0.8,72.6302305627504,6.0,suburban,0.6526453711652284,863.0738324942338,0
26109,3.9,0.1,0.4,23295,55688,12.2,0.4,22.31234317415916,7.0,rural,0.6701542276989847,353.4704370179948,0
26111,1.0,0.2,0.9,83641,77538,10.9,0.6,161.51305531993518,3.0,urban,0.5772269026405641,278.5715139704212,1
26113,1.5,0.1,0.5,15156,61868,10.8,0.3,26.83485755603874,8.0,rural,0.7841527022528021,725.7851675903933,0
26115,1.3,0.3,0.9,155001,75272,11.1,0.6,282.15182167202386,3.0,urban,0.637642040721117,751.6080541415862,1
26117,1.1,0.6,0.7,67174,64892,12.0,0.5,95.23783835613456,1.0,urban,0.6978492743486624,330.4850090808944,0
26119,3.0,0.2,0.2,9372,47803,17.9,1.1,17.14364982128477,9.0,rural,0.7298841453737502,128.04097311139563,1
26121,2.0,0.5,0.7,175378,63495,12.6,0.6,348.0319065554865,3.0,urban,0.5090922665073965,157.37435710294338,0
26123,1.5,0.3,1.0,50414,61931,14.3,0.4,60.0963217954312,6.0,suburban,0.7172907757032092,353.4704370179948,0
26125,1.0,0.6,1.3,1272294,95296,7.7,1.1,1466.8027381037045,1.0,urban,0.4460405910393366,6.838042150634994,1
26127,2.0,0.1,1.5,26788,63624,13.3,0.5,49.78207578727952,8.0,rural,0.6524740295243302,716.7388382857996,0
26129,2.2,0.2,0.5,20853,51983,17.5,0.4,37.006000065828154,9.0,rural,0.7127719354579755,441.18352275451974,1
26131,2.9,0.3,0.3,5870,51844,12.6,0.4,4.477574885873092,9.0,rural,0.6537447257383966,68.14310051107326,1
26133,1.9,0.4,0.3,23122,57050,15.8,0.3,40.83094709666598,9.0,rural,0.7434631700732742,618.4586108468126,0
26135,2.2,0.5,0.3,8338,50581,15.8,0.2,14.739947315494577,9.0,rural,0.7243664717348928,635.6440393379706,1
26137,1.8,0.1,0.3,25352,67285,9.6,0.4,49.226574252618704,7.0,rural,0.6791362337249921,205.11202272010098,1
26139,1.2,0.6,1.5,298614,87144,8.2,0.7,529.9088802860558,1.0,urban,0.6037625294392045,749.4625168277441,0
26141,1.4,0.1,0.4,13142,56713,12.2,0.2,19.950899203859937,9.0,rural,0.6471408647140865,205.448181403135,1
26143,1.6,0.3,0.3,23639,54106,15.4,0.3,45.46864896765027,7.0,rural,0.6667086693548387,456.8721181099031,1
26145,1.2,0.5,1.0,189210,58347,18.1,0.5,236.2743678694035,3.0,urban,0.5165825417126344,353.4704370179948,1
26147,1.3,0.2,0.6,160089,69349,11.0,0.8,221.88729653711388,1.0,urban,0.6757393214957791,361.6738189382156,1
26149,1.8,0.3,0.6,60870,64707,12.0,0.5,121.58448962557019,4.0,suburban,0.6724311211228556,476.4251683916544,0
26151,1.1,0.2,0.5,40574,59074,14.0,0.9,42.15167785060201,8.0,rural,0.7414159829838954,273.5742100852763,1
26153,12.6,0.2,0.3,8093,57708,14.8,0.4,6.906019026956924,9.0,rural,0.6621089703749741,353.4704370179948,1
26155,1.2,0.2,0.5,68061,64464,11.7,0.6,128.18312399783025,4.0,suburban,0.6171322997028936,289.4462320565375,1
26157,1.5,0.1,0.4,53071,62847,12.6,0.4,65.93978285383405,6.0,suburban,0.7176680076502011,327.86267453034617,1
26159,2.3,0.5,1.2,75681,66902,13.8,0.3,124.5176744089191,6.0,suburban,0.5767828101128579,353.4704370179948,0
26161,1.3,0.6,2.1,368394,87156,13.8,1.3,521.802159941545,2.0,urban,0.2724309709439064,460.37666194346275,1
26163,1.5,0.8,1.1,1773767,59521,20.1,1.2,2899.0945885768115,1.0,urban,0.3497551737999642,3.551762999311634,1
26165,1.6,0.4,0.7,33868,63123,12.9,0.7,59.951335601304265,6.0,suburban,0.6756982075864943,481.2802645565135,0
27001,3.1,0.3,0.2,15930,59498,12.3,0.4,8.74616921046561,8.0,rural,0.656697515830492,1224.105461393597,1
27003,1.7,0.3,2.2,367095,98764,6.6,0.7,869.9489087529265,1.0,urban,0.522739822420727,141.65270570288345,0
27005,9.9,0.1,0.7,35260,71117,11.0,0.7,26.812940780812827,6.0,suburban,0.6682305630026809,351.67328417470225,0
27007,23.5,0.2,0.9,46421,67257,16.0,0.5,18.533980648436476,7.0,rural,0.5288016071501783,437.3020831089378,1
27009,3.8,0.2,0.9,41458,71480,9.8,0.7,101.53733987092384,3.0,urban,0.6829573934837093,151.96102079212696,0
27011,1.0,0.2,0.1,5152,65475,11.5,0.3,10.321978697794592,9.0,rural,0.6507246376811594,1164.5962732919254,0
27013,0.8,0.1,1.2,69386,72623,16.3,0.3,92.78235324790641,3.0,urban,0.5062290840574819,145.5625054045485,0
27015,0.5,0.2,0.8,25826,68690,7.7,0.1,42.260849258657565,6.0,suburban,0.6792823100644799,131.65027491675056,0
27017,7.1,0.0,0.5,36457,80042,11.1,0.6,42.33324322390642,2.0,urban,0.5130285152409046,318.18306498066215,1
27019,1.0,0.3,2.0,108622,123144,4.2,0.8,306.9469770319406,1.0,urban,0.5275517011340894,359.04328773176707,0
27021,12.7,0.0,0.3,30688,64937,12.7,0.4,15.181078389384044,9.0,rural,0.6694475051156934,495.3076120959333,1
27023,2.1,0.1,5.1,12388,69192,14.4,0.6,21.313660999529656,7.0,rural,0.6732785034671828,8.072328059412333,0
27025,1.4,0.4,0.6,57434,98260,5.9,0.7,138.42869156070108,1.0,urban,0.6595976073953236,210.67660270919666,0
27027,2.6,0.4,0.9,65628,77664,14.4,0.7,62.791345818891834,3.0,urban,0.4975690332232126,83.8056926921436,0
27029,12.8,0.0,0.1,8579,64934,11.2,0.5,8.587558984131732,8.0,rural,0.7535834738617201,221.4710339200373,1
27031,10.6,0.7,1.4,5633,71643,11.3,2.0,3.877938944617979,9.0,rural,0.3209668353007307,692.348659684005,1
27033,1.2,1.0,2.7,11458,68239,14.2,1.3,17.903881850763785,9.0,rural,0.7091436369839645,69.82021295164951,0
27035,1.6,0.0,0.4,67113,71343,9.7,0.4,67.22330478744087,4.0,suburban,0.6592701221271277,198.17323022365267,0
27037,1.4,0.5,2.3,442204,105212,5.6,1.0,786.0611728968115,1.0,urban,0.43431308289439396,6.105779233114128,0
27039,0.8,0.1,1.2,20962,92943,5.4,0.7,47.70635938514493,3.0,urban,0.6633614684913546,271.92061826161626,0
27041,0.9,0.1,0.2,39354,77264,8.3,0.2,61.79206337532745,6.0,suburban,0.6781543950697373,289.67830461960665,0
27043,1.2,0.2,0.7,13909,64391,11.8,0.7,19.521967876471784,8.0,rural,0.690485590209238,280.39398950319935,0
27045,0.5,0.0,0.5,21346,75225,8.9,0.7,24.782506752122973,3.0,urban,0.6297303982191442,74.95549517474,0
27047,1.4,0.2,1.4,30752,69012,9.8,0.6,43.48138894943688,7.0,rural,0.6080481429700322,312.17481789802287,0
27049,1.9,0.0,1.3,47844,82749,9.3,0.3,63.226067059973076,6.0,suburban,0.583889046538025,282.16704288939053,0
27051,1.3,0.2,0.5,6108,72957,10.7,0.3,11.150055610577231,9.0,rural,0.6562409498986389,196.46365422396855,0
27053,2.0,0.3,2.7,1268903,96339,10.0,1.2,2290.4127317830635,1.0,urban,0.2817956608577135,4.8861102858138095,0
27055,0.9,0.0,0.8,18768,77087,6.5,0.2,33.99302514741489,3.0,urban,0.5838237916889603,303.7084398976982,0
27057,3.8,0.1,1.5,21700,70622,9.7,0.4,23.433822243824334,9.0,rural,0.6600974147620832,534.5622119815669,1
27059,1.6,0.0,0.9,41934,86573,7.8,0.2,96.22720744852077,1.0,urban,0.7094171815355554,302.8568703200267,0
27061,5.1,0.2,0.6,45141,66380,12.7,0.3,16.922506569863685,6.0,suburban,0.6024686669198632,292.4170931082608,1
27063,1.1,0.0,0.9,9964,69955,9.1,1.0,14.174100432858884,9.0,rural,0.7141048824593128,441.5897230028101,0
27065,1.9,0.4,0.7,16261,71915,9.8,0.4,31.17465163476914,8.0,rural,0.7149748322147651,805.6085111616752,0
27067,0.9,0.1,4.5,43757,75097,10.0,0.7,54.87699486006719,4.0,suburban,0.6577010688628001,381.6532211988939,0
27069,1.1,0.8,0.5,4163,69615,9.7,0.9,3.7879909200047788,9.0,rural,0.6275551921504497,264.2325246216671,1
27071,3.9,0.1,0.5,11950,69115,10.7,1.9,3.848996376156851,7.0,rural,0.6303793672214725,150.62761506276152,1
27073,0.7,0.1,0.5,6694,71639,8.0,0.4,8.750087737849768,9.0,rural,0.6642820643842616,253.95876904690766,0
27075,2.1,0.2,0.3,10911,75621,8.3,0.2,5.173278133901094,8.0,rural,0.48021767907045154,91.65062780680049,1
27077,5.2,0.0,0.4,3800,70091,8.2,0.0,2.9283635724609542,9.0,rural,0.7389801210025929,353.4704370179948,1
27079,0.8,0.1,1.6,28936,90218,7.1,0.5,64.48380044719592,1.0,urban,0.6711593441857752,134.78020458943877,0
27081,1.8,0.5,0.9,5594,67715,9.2,0.7,10.421281244194336,9.0,rural,0.6925996204933587,53.628888094386845,0
27083,1.1,0.2,0.8,25498,72761,12.5,0.7,35.690956815467054,7.0,rural,0.6622516556291391,156.87504902345282,0
27085,1.0,0.2,0.7,36771,78468,7.7,0.6,74.81233605126654,4.0,suburban,0.6930855161787365,195.80647793097822,0
27087,52.3,0.3,0.4,5371,53925,20.9,0.1,9.627748223679534,8.0,rural,0.544392523364486,1340.5324892943586,1
27089,1.2,0.1,1.0,8961,71701,7.4,0.4,5.048280156456926,8.0,rural,0.7622702484346596,111.59468809284678,1
27091,0.9,0.4,1.3,19864,62969,11.1,1.2,27.88592321997768,6.0,suburban,0.7012154904362574,105.71888844140153,0
27093,1.1,0.0,0.9,23422,75037,8.3,0.1,38.525074777244036,6.0,suburban,0.7172603554696215,256.1694133720434,0
27095,6.3,0.0,0.4,26912,71455,10.5,0.3,47.02379957178929,1.0,urban,0.7073072805139187,724.5838287752675,0
27097,0.9,0.5,0.3,34131,68640,10.0,0.6,30.33612552881853,6.0,suburban,0.7843981574203885,506.8705868565234,0
27099,0.8,0.1,3.2,40069,71495,12.1,1.1,56.334216842517165,4.0,suburban,0.5533344080821108,222.11684843644713,0
27101,0.8,0.2,2.4,8119,74475,8.1,0.2,11.5217492440375,9.0,rural,0.7157219251336898,295.6029067619165,0
27103,1.1,0.1,1.4,34350,80362,9.6,0.9,76.58573600932924,3.0,urban,0.5026078710289237,29.11208151382824,0
27105,3.5,1.0,17.7,22067,65509,12.6,1.4,30.85789997358542,7.0,rural,0.6807125307125307,108.75968640957085,0
27107,3.9,0.5,0.6,6411,69833,10.3,0.6,7.345419084269299,8.0,rural,0.6142052565707133,46.79457182966776,0
27109,0.7,0.4,1.8,163425,93494,7.9,0.8,250.0731802297609,3.0,urban,0.4455118074682801,107.08275967569222,0
27111,1.2,0.1,1.4,60281,70912,8.9,0.6,30.574120708887005,6.0,suburban,0.6738092594648607,290.30706192664354,0
27113,2.1,0.1,1.3,13877,72561,9.9,0.6,22.508601820660598,6.0,suburban,0.6610145934676859,223.3912228867911,1
27115,4.4,0.1,1.4,29411,69666,10.5,0.3,20.83911293283499,8.0,rural,0.6786251730572443,1326.0344768963994,0
27117,2.5,1.0,1.7,9352,66073,11.4,0.2,20.109541537454522,8.0,rural,0.7443181818181818,384.94439692044483,0
27119,3.4,0.2,1.1,30905,69136,11.7,1.0,15.679863299406621,3.0,urban,0.6716901315354616,171.49328587607184,1
27121,1.3,0.3,0.3,11363,72205,9.8,0.4,16.84520630132275,8.0,rural,0.6610600706713781,290.4162633107454,0
27123,2.0,0.4,2.4,544438,81004,12.4,0.9,3575.963639922312,1.0,urban,0.27836362829633354,194.87985776158166,0
27125,4.1,0.1,0.9,3922,77500,7.8,0.1,9.070155577207833,8.0,rural,0.6894049346879536,305.9663437021928,1
27127,6.3,0.1,0.7,15383,67024,12.0,0.2,17.509071709880207,9.0,rural,0.7193410616229409,208.02184229344078,0
27129,1.7,0.0,1.8,14587,69086,10.7,0.2,14.840707552638424,9.0,rural,0.7110266159695817,287.9276067731542,0
27131,1.5,0.1,2.3,67389,82792,9.3,1.2,135.9072813487134,4.0,suburban,0.5127888367914198,59.35686833162682,0
27133,1.3,0.2,1.8,9628,70698,9.5,0.3,19.956112586109843,2.0,urban,0.6995260663507109,353.4704370179948,0
27135,2.8,0.5,0.3,15301,73611,11.0,1.0,9.152747093034172,9.0,rural,0.75,353.4704370179948,1
27137,3.4,0.2,0.7,200056,69455,13.4,0.6,32.01861457489494,2.0,urban,0.4301116838487973,250.9297396728916,1
27139,1.8,0.5,1.9,152957,120247,4.1,0.8,429.52180624904673,1.0,urban,0.5432874129765703,28.112476055361967,0
27141,1.7,0.2,0.9,99178,102965,4.8,0.4,229.07664840254816,1.0,urban,0.677419922562478,174.43384621589465,0
27143,0.7,0.6,1.5,14933,76082,9.9,0.8,25.359984305353144,8.0,rural,0.7189479976090855,194.20076340989755,0
27145,0.9,0.6,1.1,159358,76447,12.2,0.7,118.66918185465555,3.0,urban,0.6362831962813086,82.20484694838038,0
27147,1.1,0.4,0.7,37413,83448,7.4,0.7,87.0984541828176,5.0,suburban,0.6248528834837191,171.0635340656991,0
27149,2.7,0.3,2.0,9686,71060,10.3,1.2,17.18415674229613,7.0,rural,0.6375,887.8794135866199,0
27151,1.2,0.3,1.6,9787,62601,10.8,0.6,13.189552050569809,9.0,rural,0.6736587333602259,20.435271278226217,0
27153,0.7,1.3,2.1,25402,63039,11.8,1.6,26.87764448842278,8.0,rural,0.7718360071301248,377.92299818911897,0
27155,9.0,1.0,0.1,3279,65931,10.1,0.4,5.7138203436291,9.0,rural,0.6611804767309876,335.4681305275999,0
27157,0.8,0.4,0.7,21519,80133,8.4,0.6,41.15142382514464,3.0,urban,0.6435366958622772,69.70584134950509,0
27159,1.7,0.2,0.4,14135,56882,11.4,0.4,26.354199153553918,9.0,rural,0.7605349482715115,49.522461973823845,0
27161,2.5,0.0,1.1,18958,75052,7.2,0.4,44.779539407115294,6.0,suburban,0.6655524970507275,258.46608292013923,0
27163,1.1,0.3,1.2,272298,114457,5.0,0.8,707.7858140347118,1.0,urban,0.4545487484525499,168.9325665263792,0
27165,0.6,0.5,8.3,11169,70593,13.0,0.8,25.678965048753323,8.0,rural,0.6417879417879417,259.64723789059,0
27167,2.8,0.0,0.8,6413,69635,14.7,0.4,8.538847298225798,8.0,rural,0.699023199023199,62.373304225791365,0
27169,1.0,0.3,0.8,49705,70198,13.4,0.6,79.37850722378256,4.0,suburban,0.5249660138883786,90.53415149381351,0
27171,1.0,0.1,0.9,145270,106666,4.9,0.6,219.7239469796955,1.0,urban,0.6494312893046065,421.28450471535757,0
27173,5.4,0.3,2.2,9509,71573,8.5,0.5,12.526657284876588,9.0,rural,0.7071509648127128,326.006940792933,0
28001,0.7,0.1,1.8,29098,40250,28.2,0.5,62.93588546959465,7.0,rural,0.4297192151556157,353.4704370179948,0
28003,2.8,0.1,1.5,34500,49404,17.4,0.7,86.24041320194863,7.0,rural,0.8446446446446446,530.4347826086956,0
28005,0.6,0.0,0.0,12611,35385,27.0,0.1,17.27297129076439,8.0,rural,0.6662704309063893,353.4704370179948,0
28007,1.0,0.1,0.2,17685,48098,20.7,0.0,24.062639774267303,6.0,suburban,0.6171436038154972,254.4529262086514,0
28009,1.0,0.0,0.1,7592,42139,17.6,0.3,18.671164189969133,1.0,urban,0.6579288865818842,353.4704370179948,0
28011,0.3,0.2,0.2,30163,37315,33.7,0.4,34.412747002250754,7.0,rural,0.3805249951746767,353.4704370179948,0
28013,0.6,0.4,0.7,13029,43942,18.7,0.1,22.21205159448541,9.0,rural,0.7417362270450751,214.90521145137768,0
28015,0.2,0.1,0.0,9828,55275,22.4,0.0,15.640021638014943,8.0,rural,0.7227281534586321,353.4704370179948,0
28017,0.5,0.7,0.4,16994,43041,24.1,0.2,33.867323164732866,9.0,rural,0.5689775421955643,353.4704370179948,0
28019,0.5,0.2,0.9,8172,48321,15.9,0.4,19.541028310375548,9.0,rural,0.749089963598544,353.4704370179948,0
28021,1.0,0.2,0.1,8908,34371,27.2,0.6,18.27599305052295,8.0,rural,0.15906499429874574,830.713964975303,0
28023,0.9,0.0,0.4,15424,46054,19.2,0.3,22.302689829708545,9.0,rural,0.6769905622756879,353.4704370179948,0
28025,1.1,0.0,0.1,18462,39904,24.8,0.0,45.0213370178931,7.0,rural,0.44747688537373287,353.4704370179948,0
28027,1.6,0.0,1.0,20808,36259,36.3,0.1,37.620576630928475,6.0,suburban,0.29885399613037655,148.98116109188774,0
28029,0.9,0.0,1.9,27994,47994,23.0,0.2,36.01510628955996,2.0,urban,0.5306228373702422,853.754375937701,0
28031,1.6,0.2,1.4,18226,47001,17.7,0.3,44.0434652948024,8.0,rural,0.6676905574516496,353.4704370179948,1
28033,0.7,0.4,1.1,188598,82980,10.0,0.9,395.92657873970614,1.0,urban,0.6235033144369349,112.40840305835694,0
28035,0.8,0.6,1.4,78027,52821,21.5,0.9,167.42487330228133,3.0,urban,0.5909674199757611,360.1317492662796,1
28037,0.9,0.0,0.9,7655,45618,23.3,0.9,13.573572886037038,9.0,rural,0.7000494559841741,353.4704370179948,0
28039,1.5,0.2,1.2,24870,54822,18.7,0.2,51.95364228718768,8.0,rural,0.8965078210258276,1475.6735022114997,1
28041,1.6,0.0,0.0,13595,55838,20.5,0.8,19.07432038620471,8.0,rural,0.8511851719836037,353.4704370179948,1
28043,0.6,0.0,0.0,21342,47998,22.3,0.7,50.558836563642245,7.0,rural,0.5819174132427144,838.7217692812294,0
28045,1.8,0.2,2.1,46057,67728,13.3,0.8,97.17403965709515,2.0,urban,0.7965243960660746,681.7639012527954,1
28047,1.7,0.8,3.4,209443,57233,17.4,1.7,365.1152490355345,2.0,urban,0.646178649469701,257.3492549285486,1
28049,0.8,0.2,0.6,222494,49966,21.6,0.4,255.78573251750493,2.0,urban,0.2663677967684692,353.4704370179948,0
28051,1.0,0.0,0.2,16491,29434,38.0,0.1,21.794060052240745,2.0,urban,0.1865526039321627,353.4704370179948,0
28053,0.3,0.0,0.1,7570,32976,26.4,0.0,18.08064419380032,8.0,rural,0.2883775123798427,353.4704370179948,0
28055,1.6,1.3,0.0,1095,29271,17.2,0.0,2.6514577212203334,9.0,rural,0.5077186963979416,353.4704370179948,0
28057,0.6,0.0,0.0,23942,59508,10.8,0.2,44.93659864251134,9.0,rural,0.9026540284360189,353.4704370179948,0
28059,1.2,2.6,2.7,144437,64756,14.1,2.6,199.82280597913905,2.0,urban,0.7016298582312662,353.4704370179948,1
28061,0.5,0.0,0.6,16211,47157,18.9,0.0,23.969758968715848,8.0,rural,0.5252551020408164,444.1428659552156,0
28063,4.6,0.0,4.0,7127,36207,28.5,0.1,13.707532686278899,9.0,rural,0.16554467564259487,645.4328609513119,0
28065,0.5,0.0,0.1,11183,37183,25.0,0.2,27.37935858913579,8.0,rural,0.43084409507767174,353.4704370179948,1
28067,1.4,0.1,0.7,66839,51143,20.8,0.5,96.19274390954399,4.0,suburban,0.7359189454188909,353.4704370179948,1
28069,4.7,0.0,0.5,8855,43595,24.6,0.2,11.557301097054143,9.0,rural,0.41527504911591356,530.7735742518352,0
28071,0.5,0.2,0.8,56920,64334,18.7,0.4,90.1064473713589,4.0,suburban,0.6107102495001304,214.33591004919188,0
28073,0.6,1.0,1.2,65081,69106,16.1,1.3,131.06114022474262,3.0,urban,0.7469528637687413,353.4704370179948,1
28075,1.1,0.2,0.8,71984,50033,25.1,0.5,102.29731718329904,5.0,suburban,0.6069430128110734,353.4704370179948,0
28077,0.9,0.0,0.6,11883,43368,23.8,0.4,27.596250336827975,8.0,rural,0.6841317365269461,353.4704370179948,0
28079,6.5,0.0,4.3,21288,48418,19.9,0.5,36.52101042371151,8.0,rural,0.6177777777777778,657.6475009394964,0
28081,1.0,0.0,0.4,83138,67144,13.8,0.4,184.76543909861033,5.0,suburban,0.6962952367329424,501.5756934253891,0
28083,0.2,0.0,0.9,27432,33188,31.9,0.1,46.17603251982963,6.0,suburban,0.30589496248660236,353.4704370179948,0
28085,0.5,0.0,1.0,34830,48316,21.3,0.3,59.41584862218101,6.0,suburban,0.7284312476105518,643.1237438989377,0
28087,1.3,0.0,0.7,58187,54460,16.9,0.5,115.11957587037327,5.0,suburban,0.541165281396022,632.4436729853747,0
28089,0.4,0.0,0.9,110303,78794,11.0,0.7,154.44096085675875,2.0,urban,0.5875202151436411,172.25279457494358,0
28091,0.7,0.4,1.1,24303,42320,20.4,0.1,44.80658723362426,6.0,suburban,0.7100730453602669,518.4545117886681,1
28093,2.6,0.2,0.3,33899,51875,22.8,0.1,48.00299045785228,1.0,urban,0.5366296670030273,353.4704370179948,0
28095,0.5,0.0,0.2,33928,51231,16.7,0.3,44.34501992177935,7.0,rural,0.6808977493574071,621.9052110351332,0
28097,1.5,0.1,0.2,9708,45057,25.6,0.0,23.85371876114932,9.0,rural,0.604778156996587,353.4704370179948,0
28099,17.7,0.1,0.1,28927,53087,25.1,0.3,50.73716625691206,7.0,rural,0.7566815144766147,259.2733432433367,0
28101,3.4,0.2,0.1,21151,50426,22.0,0.2,36.60798441653499,8.0,rural,0.7184119428818693,353.4704370179948,0
28103,0.3,0.0,0.1,10136,38814,25.6,1.7,14.580850058445325,9.0,rural,0.26040723981900454,463.6937647987372,0
28105,1.1,0.0,1.0,51473,43482,28.6,0.6,112.32777573702393,5.0,suburban,0.501408292023434,499.2908903697084,0
28107,0.5,0.1,0.4,32965,43990,24.1,0.2,48.11179273924601,6.0,suburban,0.5750543363948678,979.8270893371758,0
28109,2.0,0.3,2.5,56781,56535,16.4,0.2,69.98601225208546,6.0,suburban,0.8369369369369369,353.4704370179948,1
28111,0.7,0.0,0.5,11459,50435,18.1,0.3,17.70326178056042,3.0,urban,0.8041068508086499,353.4704370179948,1
28113,1.0,0.1,0.7,39930,41578,27.5,0.5,97.58427052582473,6.0,suburban,0.5176278918214402,861.5076383671426,1
28115,0.7,0.1,3.3,31312,52741,14.9,0.7,62.89906396940773,9.0,rural,0.8413358176866849,568.4721512519162,0
28117,1.6,0.0,0.3,24999,51466,13.5,1.8,60.24070950018626,7.0,rural,0.8324602250679084,460.0184007360294,0
28119,0.6,0.2,0.2,5908,32131,33.5,0.0,14.58723219462985,8.0,rural,0.34335744194899126,353.4704370179948,0
28121,0.7,0.1,1.2,158218,77454,10.0,0.7,204.0216088517156,2.0,urban,0.7380938569522594,353.4704370179948,0
28123,0.8,0.2,7.7,27754,48492,20.7,1.1,45.55576086363797,2.0,urban,0.6205352599979648,353.4704370179948,0
28125,0.0,0.0,0.0,3848,35741,31.8,0.1,8.913184334701292,8.0,rural,0.3144977168949772,353.4704370179948,0
28127,0.5,0.1,0.2,25817,54111,19.4,0.3,43.81962788681974,2.0,urban,0.6846160819508658,666.2276794360305,0
28129,0.3,0.0,0.3,14193,51396,19.3,0.0,22.306644550555284,8.0,rural,0.8052935010482181,197.28034946804763,0
28131,1.0,0.4,0.6,18515,59307,17.9,0.7,41.5614706788642,2.0,urban,0.7932090885882053,1080.2052389954092,1
28133,0.5,0.3,0.2,25328,40265,29.9,0.4,36.299076126094995,7.0,rural,0.32132362335505305,236.8919772583702,0
28135,1.0,0.3,0.2,12363,37383,26.5,0.2,19.149934998475004,9.0,rural,0.4700785815031231,914.0176332605355,0
28137,0.5,0.0,0.2,28135,63995,16.8,0.7,69.50973449464425,1.0,urban,0.7209576138147566,625.5553580948996,0
28139,1.6,0.6,0.6,21621,51141,18.9,0.1,47.22573232029151,8.0,rural,0.8376875459028433,353.4704370179948,0
28141,2.2,0.0,0.1,18738,46257,19.9,0.5,44.16242321734049,8.0,rural,0.8974958263772955,699.1140996904685,0
28143,0.1,0.0,0.7,9586,38402,33.8,0.1,21.108487103918687,1.0,urban,0.30311077389984825,4527.435843939078,0
28145,0.6,0.0,0.2,28009,56807,14.3,0.5,67.39295450828644,7.0,rural,0.853873524179201,574.8152379592274,0
28147,1.9,0.0,0.7,13864,45444,18.1,0.0,34.32293034704159,9.0,rural,0.635956098315041,613.0986728216965,1
28149,1.1,0.1,0.6,43623,56648,20.3,0.5,74.12146181889858,4.0,suburban,0.5200110558319514,353.4704370179948,0
28151,0.3,0.0,0.2,43674,40117,28.8,0.1,60.32557876007209,5.0,suburban,0.323206340378198,353.4704370179948,0
28153,0.7,0.0,2.4,19699,36791,22.9,0.1,24.298265337616836,9.0,rural,0.6650812963167791,1000.0507639981724,1
28155,0.4,0.0,0.7,9942,59964,15.1,0.1,23.606352823445256,9.0,rural,0.8279060588119203,261.5167974250654,0
28157,1.0,0.0,0.4,8376,35930,28.2,0.4,12.352043687397591,8.0,rural,0.37171507607192256,353.4704370179948,0
28159,1.4,0.0,0.2,17609,49071,30.4,0.1,28.99788780923869,9.0,rural,0.5920134712533077,573.5703333522631,0
28161,2.4,0.1,0.2,12439,49171,22.7,0.2,26.627383516662128,9.0,rural,0.6058205613914242,353.4704370179948,0
28163,0.7,0.2,4.7,26837,40974,31.4,1.0,29.096673592973683,2.0,urban,0.5121348314606742,353.4704370179948,0
29001,1.0,0.1,1.2,25224,56583,21.2,0.3,44.46137690080841,7.0,rural,0.6700643245917862,353.4704370179948,0
29003,1.1,0.0,0.7,18086,74007,7.4,0.8,41.80463061198186,3.0,urban,0.7621154439757176,492.0933318588964,0
29005,0.7,0.2,0.7,5216,59260,12.5,0.9,9.530676657642363,9.0,rural,0.8026855650876539,353.4704370179948,0
29007,1.5,0.0,0.6,24688,56232,18.0,0.5,35.66343839848757,6.0,suburban,0.7412149802637913,137.71872974724562,0
29009,4.1,0.7,2.8,34831,56611,16.7,1.4,44.762904683633984,6.0,suburban,0.8205608644057211,918.7218282564382,0
29011,4.2,0.6,1.5,11685,49503,22.2,0.6,19.737170753929934,8.0,rural,0.8628533199531694,830.1240907145914,0
29013,1.8,0.1,0.8,16121,57914,18.7,0.4,19.267445351056665,1.0,urban,0.8108892921960072,589.2934681471373,0
29015,2.2,0.0,0.5,19887,52200,16.7,0.5,28.247245324842186,9.0,rural,0.7974186307519641,353.4704370179948,0
29017,2.2,0.1,0.6,10591,57286,12.2,0.7,17.14019698034731,3.0,urban,0.8764907694821108,613.7286375224247,0
29019,1.1,0.2,1.1,185874,69913,17.1,1.0,271.1309208009129,3.0,urban,0.4501900709219858,262.00544454845755,0
29021,1.6,0.6,1.7,83855,59423,16.9,0.9,205.4013674102466,3.0,urban,0.6421429383024656,164.5697930952239,0
29023,1.7,0.1,0.9,42166,49213,20.3,1.0,60.691774102343985,5.0,suburban,0.8215596589304873,1209.5052886211638,0
29025,1.9,0.4,0.4,8890,62520,13.0,0.3,20.849297279354648,1.0,urban,0.8094011590470058,337.4578177727784,0
29027,1.8,0.1,0.4,44541,72645,11.5,0.9,53.37014491828101,3.0,urban,0.7195722127579027,419.8379021575627,0
29029,1.4,0.2,0.9,43416,62927,13.2,0.6,66.17934683050315,7.0,rural,0.7739425773073734,555.0948958909158,0
29031,1.2,0.4,0.8,82180,68912,14.1,0.5,142.05295816017417,3.0,urban,0.7351539773297221,205.64614261377466,0
29033,0.8,0.0,0.7,8459,61712,10.8,0.2,12.177851992901699,8.0,rural,0.8245496997998666,353.4704370179948,0
29035,3.2,0.0,0.3,5269,45083,19.2,2.6,10.385161913013151,9.0,rural,0.8723702664796634,759.1573353577529,0
29037,1.7,0.8,1.4,109393,87413,6.5,0.9,157.03520002466811,1.0,urban,0.6626014177128704,353.4704370179948,0
29039,3.4,0.0,0.3,14440,45577,17.0,0.8,30.433976601690272,8.0,rural,0.8512071869736103,678.6703601108032,0
29041,1.0,0.0,0.7,7406,63307,11.9,0.2,9.859181658280875,8.0,rural,0.784163788850518,540.1026194977046,0
29043,1.7,0.2,0.6,91229,81245,8.7,0.6,162.155324296703,2.0,urban,0.7640805112584363,214.84396409036597,0
29045,1.6,0.0,0.5,6680,51458,9.4,0.1,13.238039062702681,9.0,rural,0.8100997883277895,808.3832335329341,0
29047,1.6,0.8,1.9,255566,86150,8.5,0.8,642.6926368675361,1.0,urban,0.5286762006670155,88.82245682132991,0
29049,1.6,0.0,1.1,21259,70625,12.8,1.0,50.7447301131056,1.0,urban,0.742560865644725,353.4704370179948,0
29051,1.2,0.3,0.6,76924,73273,9.3,0.5,196.46133660768226,3.0,urban,0.6745702730030334,137.79834641984297,0
29053,1.4,0.1,1.0,16835,67548,10.8,0.6,29.80966101008604,3.0,urban,0.7314645308924486,353.4704370179948,0
29055,1.6,0.0,0.6,22890,56345,13.6,0.7,30.829249221852358,8.0,rural,0.8132849567401619,353.4704370179948,0
29057,4.1,0.0,0.8,7627,49899,14.1,0.1,15.564977379934223,8.0,rural,0.8383522042881233,1534.0238625934182,0
29059,3.6,0.1,0.1,17344,53177,21.4,0.9,32.062032948590534,2.0,urban,0.8257023311416617,353.4704370179948,0
29061,1.2,0.3,0.6,8449,60665,13.2,0.2,14.999592023989955,8.0,rural,0.8196088522902728,674.6360516037402,0
29063,2.0,0.1,0.4,11176,69093,8.7,0.4,26.52375785725483,3.0,urban,0.8170347003154574,353.4704370179948,0
29065,2.4,0.2,0.2,14506,54306,14.3,1.0,19.270401101668565,9.0,rural,0.85436203466894,427.4093478560595,0
29067,3.1,0.1,0.2,11850,49828,16.9,0.9,14.564483588177763,8.0,rural,0.8623929262227135,353.4704370179948,0
29069,4.0,0.0,0.2,27795,47368,21.4,0.5,51.29086481304881,7.0,rural,0.8111411682196172,467.7100197877316,0
29071,1.2,0.2,0.6,105316,71973,8.2,0.5,114.14162049525655,1.0,urban,0.7319591390003648,203.19799460670743,0
29073,1.3,0.0,0.7,14774,65096,11.3,0.9,28.46601679195503,8.0,rural,0.8037854889589905,353.4704370179948,0
29075,0.5,0.1,0.9,6224,57458,15.6,0.0,12.665289441619318,8.0,rural,0.8114478114478114,353.4704370179948,0
29077,1.9,0.7,1.4,301121,57488,14.4,1.1,445.88801606549146,2.0,urban,0.6056352913821894,267.99857864446517,0
29079,1.1,0.0,0.2,9822,53839,16.8,0.6,22.56412072247178,7.0,rural,0.8204306000916171,81.44980655670943,0
29081,1.3,0.0,0.5,8198,53364,16.1,0.7,11.346449170144073,9.0,rural,0.8604651162790697,353.4704370179948,0
29083,1.8,0.2,1.6,22194,56621,16.3,0.9,31.845113652389145,6.0,suburban,0.765733296368173,1198.5221230963323,0
29085,3.2,1.0,0.3,8501,35084,19.5,0.1,21.316012069664097,8.0,rural,0.8077074321667322,176.44982943183155,0
29087,2.5,0.0,1.0,4254,58516,9.8,0.1,9.193999499558396,8.0,rural,0.8473706712270201,353.4704370179948,0
29089,2.5,0.1,0.4,10141,62628,12.8,0.7,21.864973139532147,3.0,urban,0.7249230769230769,591.6576274529139,0
29091,1.9,0.0,1.0,40168,49814,21.4,0.7,43.32292067300641,7.0,rural,0.8365947038179304,617.4068910575583,0
29093,1.9,0.4,0.2,9482,51161,20.7,0.6,17.231764309894455,9.0,rural,0.8155774395702775,353.4704370179948,0
29095,1.8,0.4,2.7,717021,67178,13.8,0.8,1186.1003618642517,1.0,urban,0.5210195490456144,59.55195175594578,0
29097,3.5,0.5,4.7,123532,57525,18.4,0.8,193.47033751865817,3.0,urban,0.7370584796424463,362.65906809571607,0
29099,1.0,0.2,0.9,228227,80522,8.6,0.5,347.76858494186257,1.0,urban,0.6861015106868997,788.6884549155009,0
29101,2.1,0.8,1.3,54331,67123,11.9,1.5,65.51737162996329,4.0,suburban,0.7007481296758105,355.2299792015608,0
29103,0.2,0.0,0.4,3760,53333,14.7,0.1,7.4601672883853665,9.0,rural,0.8262569832402235,353.4704370179948,0
29105,2.1,0.1,0.4,36245,50825,18.6,0.9,47.40222258200896,6.0,suburban,0.8370291526225534,389.0191750586288,0
29107,1.4,0.4,0.2,32974,79091,9.7,0.5,52.48296727224185,1.0,urban,0.7476196073821558,294.17116516042944,0
29109,2.7,0.7,0.8,38392,55849,16.5,0.9,62.7589245456338,6.0,suburban,0.822017644802455,468.84767659929156,0
29111,2.3,0.0,0.8,9945,52340,15.3,0.6,19.69237392482966,9.0,rural,0.8034708136128015,130.718954248366,0
29113,1.1,0.2,0.4,61636,85276,10.7,0.5,98.37169253492388,1.0,urban,0.7825895386164788,470.50425076254135,0
29115,0.8,0.0,0.9,11850,61975,16.2,0.4,19.24987640169727,9.0,rural,0.7895017793594306,353.4704370179948,0
29117,1.2,0.4,0.3,14330,60148,12.2,0.3,26.920774954752737,7.0,rural,0.7914038433328444,265.17794836008375,0
29119,5.0,0.0,3.0,23492,48145,17.2,0.6,43.54848288433953,8.0,rural,0.8464278005611915,1051.4217605993529,0
29121,0.9,0.0,0.1,15163,58318,10.0,0.5,18.925183628569577,7.0,rural,0.8096645675363063,353.4704370179948,0
29123,2.4,1.4,0.5,12665,58435,14.0,1.0,25.61765036379107,9.0,rural,0.8272297178903102,353.4704370179948,0
29125,2.8,0.2,1.5,8435,61359,14.9,0.7,16.006280431979956,8.0,rural,0.840784479122733,355.66093657379963,0
29127,1.9,0.0,1.2,28493,63908,13.6,0.3,65.21298288234705,7.0,rural,0.767181141058128,353.4704370179948,0
29129,1.7,0.1,1.2,3501,60357,14.7,0.0,7.714254345007928,9.0,rural,0.8679775280898876,353.4704370179948,0
29131,1.6,0.0,0.3,25081,55172,14.6,1.4,42.32560689227052,6.0,suburban,0.8396804467540526,353.4704370179948,0
29133,1.1,0.3,0.0,12079,46258,23.0,0.1,29.346719870261513,8.0,rural,0.7703100248925097,306.3167480751718,0
29135,1.3,0.4,0.1,15303,65161,10.4,0.9,36.871743198456016,3.0,urban,0.8173852573018081,353.4704370179948,0
29137,1.0,0.0,0.3,8672,48299,16.0,0.6,13.390372259808471,9.0,rural,0.8022155550426956,207.56457564575646,0
29139,2.0,0.3,0.8,11422,61042,14.5,0.3,21.347658052533742,8.0,rural,0.8032290615539859,455.2617755209245,0
29141,3.1,0.1,0.2,21430,49663,17.0,0.2,35.85802718110336,8.0,rural,0.8014316837846249,353.4704370179948,0
29143,4.0,0.1,0.4,16041,49237,18.6,0.3,23.76853776708271,9.0,rural,0.7692193968066233,1171.9967583068387,0
29145,5.1,0.2,1.9,59490,64583,13.4,0.7,95.22141589404039,3.0,urban,0.7962139631816603,985.0395024373845,0
29147,0.6,0.4,0.7,20959,55970,18.6,0.6,23.89949579888491,6.0,suburban,0.7209642074506939,295.8156400591632,0
29149,4.1,0.0,0.4,8704,44259,21.9,0.4,11.019892055600172,9.0,rural,0.8480349344978166,367.6470588235294,0
29151,1.7,0.6,0.2,13379,75355,10.1,0.1,22.056456437840097,3.0,urban,0.8683798591181842,373.72000896928023,0
29153,3.3,0.1,1.0,8773,42329,21.7,0.5,11.775738405500514,9.0,rural,0.8528047237452552,227.97218739313806,0
29155,1.1,0.0,0.4,15232,40748,27.4,0.1,30.92132772468373,7.0,rural,0.7463795731707317,353.4704370179948,0
29157,0.8,0.0,1.1,18947,63356,11.0,0.7,39.94264860526784,6.0,suburban,0.8196654008005748,269.1719005647332,0
29159,1.6,0.4,1.8,43205,60232,13.4,1.0,63.32853379200783,5.0,suburban,0.747286405158517,520.7730586737646,0
29161,1.7,0.2,1.1,44948,55427,17.2,1.0,66.90816359837605,5.0,suburban,0.7174449755738824,333.7189641363353,0
29163,1.8,0.0,0.1,17623,57572,16.3,0.2,26.28576977347468,8.0,rural,0.7917363882095507,505.0218464506611,0
29165,1.7,0.6,1.7,108751,95748,6.8,1.5,259.03981061052417,1.0,urban,0.5159358701950937,247.35404731910512,0
29167,1.9,0.8,0.6,32109,56686,17.9,0.7,50.52345295278331,2.0,urban,0.8114968987786942,660.2510199632502,0
29169,2.8,3.2,3.2,53850,66435,12.8,3.9,98.42584635212195,5.0,suburban,0.7546272158498436,503.24976787372333,0
29171,1.6,0.0,0.9,4675,56875,16.2,0.0,9.037013181778239,9.0,rural,0.8534628378378378,353.4704370179948,0
29173,0.8,0.1,0.4,10394,62054,12.6,0.1,22.12491535545471,9.0,rural,0.7985686856344912,211.66057340773526,0
29175,1.2,0.0,0.6,24524,55310,15.8,0.4,50.80452801302305,6.0,suburban,0.7639768658771688,248.73593214809983,0
29177,2.1,0.3,0.1,23149,72152,12.0,0.9,40.68497998533931,1.0,urban,0.7461184838234018,635.0166313879649,0
29179,3.1,0.8,0.0,6058,44357,17.9,0.3,7.493099176421608,9.0,rural,0.8443271767810027,353.4704370179948,0
29181,2.2,0.0,0.3,10755,43898,19.7,0.3,17.084561885304666,9.0,rural,0.8676496097137901,418.41004184100416,0
29183,0.9,0.3,1.3,409830,102912,4.7,0.9,731.1845632935033,1.0,urban,0.5860852549660255,0.24400361125344655,0
29185,2.1,0.0,0.4,9451,46731,16.3,0.3,14.001871575454436,8.0,rural,0.8059097348714835,952.2801819913237,0
29186,1.1,0.3,0.7,18551,61310,7.9,0.2,37.16495697997377,8.0,rural,0.7278467908902692,528.2734084415935,0
29187,2.1,0.3,0.5,66864,54813,17.0,0.4,147.96644048905222,4.0,suburban,0.7596004517859664,303.60134003350083,0
29189,1.1,0.2,1.2,996618,81340,9.6,0.9,1961.8672947024315,1.0,urban,0.38082561986317326,353.4704370179948,0
29195,3.2,0.1,5.7,23177,56566,14.7,0.6,30.67729008391166,7.0,rural,0.7044666088464874,509.12542606894766,0
29197,0.7,0.0,1.5,4044,56023,9.7,0.7,13.159562818660035,9.0,rural,0.826222684703434,1211.6716122650841,0
29199,0.9,0.0,0.0,4698,67568,7.1,0.4,10.76270995339505,9.0,rural,0.8110817941952506,353.4704370179948,0
29201,1.1,0.2,0.3,37967,58847,14.5,0.4,90.39647393725868,4.0,suburban,0.796372248859107,353.4704370179948,0
29203,5.3,0.1,0.0,7137,59000,16.7,0.6,7.109841614480492,9.0,rural,0.8433191276009024,322.2642566904862,0
29205,0.9,0.4,1.2,6011,52127,15.6,1.0,12.001276489851799,9.0,rural,0.8302992903424868,353.4704370179948,0
29207,1.4,0.1,0.5,28547,54067,17.0,0.1,34.68051030383166,6.0,suburban,0.8715881352171019,465.8983430833362,0
29209,1.9,0.1,1.1,31697,61323,14.0,0.8,68.33986410871539,6.0,suburban,0.8092427675607314,1069.50184560053,0
29211,1.3,1.8,6.7,5903,55500,14.7,2.1,9.109819662606709,9.0,rural,0.8329922226770364,353.4704370179948,0
29213,1.8,1.1,1.9,56382,58258,14.4,1.4,89.17490036369134,4.0,suburban,0.7993977037455299,617.2182611471746,0
29215,4.1,0.3,0.9,24956,48055,19.3,0.5,21.19825477598887,9.0,rural,0.8611499475707795,569.0014425388683,0
29217,1.8,0.2,0.4,19713,54519,19.0,0.4,23.854314495392046,6.0,suburban,0.8003601170380373,842.0839040227262,0
29219,2.5,0.9,1.1,36467,77989,9.3,0.4,85.08593277874941,1.0,urban,0.7500628614533568,353.4704370179948,0
29221,1.2,0.0,0.5,23483,51886,18.2,0.1,30.90413215800796,8.0,rural,0.8282371448235178,353.4704370179948,0
29223,3.1,0.0,0.1,10942,43393,25.1,0.1,14.412815088987132,9.0,rural,0.8653019095131601,987.0224821787607,0
29225,1.7,0.1,0.2,39868,69731,16.1,0.7,67.28059094965307,2.0,urban,0.8139736212252381,323.56777365305504,0
29227,1.7,0.0,1.5,1956,46167,17.6,0.2,7.336046379229744,9.0,rural,0.8263254113345521,353.4704370179948,0
29229,2.7,0.4,0.9,18722,47304,17.6,0.4,27.460706391283164,8.0,rural,0.8813292915684293,186.94583911975218,0
29510,1.3,0.3,1.4,293109,55279,19.8,0.7,4749.038080950934,1.0,urban,0.16996485061511424,353.4704370179948,0
30001,3.0,0.0,1.6,9590,58072,14.7,0.5,1.7302079071205123,9.0,rural,0.7245134797357615,312.82586027111574,0
30003,68.3,0.1,0.8,12963,56680,23.6,0.0,2.593733695959464,8.0,rural,0.5088372093023256,902.5688498032862,0
30005,53.4,0.4,0.5,6997,65050,20.2,0.3,1.6551087274972405,9.0,rural,0.5309672929714684,171.50207231670717,1
30007,4.5,0.0,0.2,7310,63636,10.7,0.0,6.130703474950809,3.0,urban,0.8098818474758325,752.3939808481532,0
30009,2.7,0.0,0.7,10877,71017,8.5,0.6,5.3116031309258265,3.0,urban,0.6672794117647058,358.55474855199043,0
30011,2.2,0.0,0.0,1361,52171,13.8,0.0,0.4074268183719314,9.0,rural,0.9101796407185628,0.0,0
30013,6.7,0.7,0.9,84601,66203,13.2,1.7,31.354542482053404,3.0,urban,0.6152305159165752,328.60131676930536,1
30015,18.4,0.0,0.2,5888,56927,12.4,1.7,1.4821827303767423,8.0,rural,0.6672566371681415,475.5434782608696,1
30017,4.0,0.1,0.5,11938,63585,11.7,0.5,3.1554393115168926,7.0,rural,0.7523690327194708,134.02579996649357,0
30019,3.1,0.0,1.6,1524,58000,11.9,0.0,1.068521497772297,9.0,rural,0.8347639484978541,393.7007874015748,1
30021,3.2,0.0,2.2,8874,70953,8.8,0.5,3.741263486084653,7.0,rural,0.8022561380225613,180.30200585981518,1
30023,3.9,0.0,0.9,9512,49533,18.1,0.5,12.91194006019057,7.0,rural,0.4950053134962806,353.4704370179948,0
30025,5.9,0.0,0.1,2817,72284,12.1,0.7,1.7382510314345443,9.0,rural,0.8888130968622101,35.49875754348598,0
30027,2.7,0.0,0.3,11581,59731,14.9,0.2,2.668845681554989,7.0,rural,0.7653769076614768,388.5674812192384,1
30029,2.9,0.2,1.1,108445,71327,9.6,0.9,21.31713235446151,5.0,suburban,0.6735338150100891,769.9755636497764,1
30031,2.0,0.3,1.7,122194,87454,10.2,1.0,46.9011302030929,3.0,urban,0.4834178581461713,442.7385960030771,0
30033,1.0,0.0,0.0,938,61750,12.2,0.0,0.2005748070596312,9.0,rural,0.9509433962264151,213.21961620469082,1
30035,65.7,0.1,0.6,13713,45129,30.3,1.2,4.578400417222246,9.0,rural,0.39798850574712646,153.1393568147014,1
30037,4.6,0.0,4.0,840,57353,18.0,0.8,0.7152450905893726,8.0,rural,0.8678500986193294,357.1428571428571,0
30039,3.6,0.1,1.6,3419,54646,10.4,0.5,1.9795479843975017,8.0,rural,0.7263705103969754,1052.939455981281,0
30041,27.1,0.1,1.4,16260,55313,19.7,0.3,5.608063999063027,7.0,rural,0.5950807071483474,977.8597785977859,1
30043,3.9,0.1,0.8,12501,76576,6.3,0.7,7.544370056353389,3.0,urban,0.6878411910669975,1287.8969682425407,0
30045,1.9,0.0,0.2,2053,55417,15.8,0.6,1.0980448757143486,8.0,rural,0.7986322188449848,97.4184120798831,0
30047,29.3,0.2,0.8,32073,61965,17.7,0.9,21.518754338875734,6.0,suburban,0.6028065893837706,832.4759143204564,1
30049,3.7,0.4,1.0,72580,74543,8.7,0.8,20.986700896118652,3.0,urban,0.5295089241692141,451.91512813447235,1
30051,2.2,0.0,0.0,1968,53264,25.5,0.7,1.3762355273604745,9.0,rural,0.7784679089026915,254.0650406504065,1
30053,3.8,0.1,0.8,20656,47018,16.2,0.5,5.717830877428518,9.0,rural,0.7730822631030893,474.43841982958946,1
30055,6.1,0.0,0.0,1818,71842,4.2,0.0,0.6880563969729905,9.0,rural,0.8783018867924528,440.04400440044003,1
30057,2.5,0.0,0.8,8975,67420,6.8,0.3,2.50128465809569,8.0,rural,0.7320748730964467,445.68245125348193,0
30059,3.0,0.2,1.2,1979,56215,10.7,0.4,0.8273867626953795,8.0,rural,0.7762237762237763,505.3057099545225,0
30061,3.6,0.2,0.9,4796,61117,17.9,1.4,3.932374226599217,3.0,urban,0.7483564645726808,583.8198498748957,0
30063,4.5,0.2,1.6,119639,71246,10.9,0.8,46.13906415540495,3.0,urban,0.388924496859377,229.0223087789099,1
30065,6.7,0.8,0.6,5068,59010,15.3,0.9,2.711672124743103,8.0,rural,0.8655804480651731,730.0710339384373,0
30067,3.0,0.0,1.0,17484,66607,13.1,1.1,6.238761333725977,6.0,suburban,0.5398167723749119,280.25623427133377,0
30069,0.0,0.0,0.0,401,59318,6.5,0.2,0.24220467360926437,9.0,rural,0.8847352024922118,1496.2593516209477,1
30071,14.6,0.0,0.0,4224,58156,9.4,0.4,0.8217225236617833,9.0,rural,0.8199251637043966,1136.3636363636365,1
30073,18.8,0.0,0.2,6012,53500,22.9,0.3,3.700679132220484,9.0,rural,0.7160493827160493,332.667997338656,1
30075,3.4,0.0,0.0,1762,68009,9.7,0.8,0.5342314158476864,9.0,rural,0.8802559414990859,0.0,0
30077,6.6,0.0,0.4,7029,63432,6.3,2.1,3.0218714983460213,8.0,rural,0.7764483627204031,398.349694124342,1
30079,1.4,0.0,0.4,1251,45192,23.9,1.6,0.720372046266372,9.0,rural,0.8173652694610778,159.8721023181455,0
30081,2.9,0.1,1.4,45807,71323,8.3,1.2,19.158361568739416,6.0,suburban,0.7084392825235379,659.2878817647958,0
30083,2.2,0.0,1.6,11329,69578,7.1,1.3,5.434731209911999,7.0,rural,0.8493707647628267,114.74975726012887,1
30085,64.3,0.0,0.8,10665,53125,30.6,0.2,4.529427516935701,9.0,rural,0.5502008032128514,628.2231598687296,1
30087,40.9,0.2,0.4,8236,56430,21.6,0.2,1.6445243487602,8.0,rural,0.6925021061499579,121.41816415735794,0
30089,5.9,0.4,1.5,12936,54035,15.1,0.2,4.686276735512407,8.0,rural,0.7829408020369192,386.5182436611008,1
30091,4.3,0.0,0.1,3677,63654,10.0,2.6,2.1926832440205493,9.0,rural,0.7218579234972677,1631.7650258362796,1
30093,4.7,0.1,0.8,35589,57504,16.2,0.6,49.56755743972277,5.0,suburban,0.4635345221764975,353.4704370179948,0
30095,3.2,0.6,1.4,9052,81503,8.3,0.4,5.037996232766327,3.0,urban,0.8165073848827107,629.6950950066283,0
30097,4.4,0.0,0.0,3713,69426,7.8,0.7,2.0010389644598967,8.0,rural,0.7731201382886776,296.2563964449232,0
30099,5.0,0.9,0.2,6291,67766,10.5,1.1,2.769394530341955,8.0,rural,0.7320809248554914,747.099030360833,1
30101,7.2,0.1,0.4,5028,53693,12.3,1.0,2.6257737304900326,9.0,rural,0.7910372608257804,1113.7629276054097,1
30103,0.1,0.3,0.7,761,73036,10.8,1.7,0.7782772439626596,8.0,rural,0.8655660377358491,1182.6544021024968,0
30105,11.5,0.1,0.6,7540,64515,12.9,0.4,1.5306178701171358,9.0,rural,0.7635306019221042,185.6763925729443,1
30107,2.1,0.0,0.0,2049,47054,23.7,0.0,1.4404412201958403,9.0,rural,0.8013307984790875,244.0214738897023,0
30109,0.3,0.0,0.0,1148,64792,15.9,0.0,1.2905090308184204,9.0,rural,0.8670411985018727,174.21602787456445,0
30111,6.1,0.2,1.3,167340,74400,10.2,0.6,63.54869525021756,3.0,urban,0.6399330391112464,479.2637743516195,0
31001,1.1,0.4,3.0,31034,65680,12.8,0.4,55.097231176800854,4.0,suburban,0.7107991817732948,106.33498743313784,0
31003,0.7,0.0,0.6,6302,63750,10.0,1.1,7.352212380841447,9.0,rural,0.8844807467911319,353.4704370179948,0
31005,6.5,0.0,0.0,540,67500,9.6,0.0,0.7550844844887415,9.0,rural,0.9395017793594306,353.4704370179948,0
31007,0.3,0.0,0.3,657,71250,9.4,0.0,0.880651272058091,8.0,rural,0.9109947643979057,353.4704370179948,0
31009,0.0,0.0,0.0,385,61250,10.6,0.3,0.541717861688844,9.0,rural,0.8710801393728222,353.4704370179948,0
31011,1.9,0.0,0.6,5366,71367,9.2,0.3,7.816120984613236,9.0,rural,0.8343906510851419,130.45098770033545,0
31013,1.9,0.1,1.0,10754,68778,10.0,0.3,10.002226630949194,7.0,rural,0.7858316221765914,353.4704370179948,0
31015,3.1,0.1,2.3,1704,58984,10.2,0.0,3.159251764718966,9.0,rural,0.8766355140186916,353.4704370179948,0
31017,2.2,0.0,0.3,2739,51538,12.1,0.6,2.2425015067965273,9.0,rural,0.8766114180478821,146.03870025556773,0
31019,1.5,0.1,2.6,50323,74570,11.0,0.4,51.97346739538245,4.0,suburban,0.7276759061833689,166.92168590902767,0
31021,3.7,0.0,0.1,6730,57303,13.7,0.5,13.69036031430969,8.0,rural,0.7280774550484094,353.4704370179948,0
31023,1.4,0.0,2.7,8413,82603,7.6,0.1,14.386394491568089,8.0,rural,0.8007915567282322,353.4704370179948,0
31025,1.1,0.2,0.9,26963,88255,4.9,0.9,48.41631423369841,2.0,urban,0.6889548004384551,330.08196417312615,0
31027,0.9,0.0,0.3,8344,73977,6.2,0.4,11.272800477250808,9.0,rural,0.8550485236423704,215.72387344199424,0
31029,1.4,0.0,4.1,3639,62782,7.8,0.1,4.068537924541328,9.0,rural,0.8898488120950324,353.4704370179948,0
31031,8.2,0.0,0.9,5468,63750,7.2,0.0,0.9174344147314462,9.0,rural,0.8850461133069829,36.5764447695684,0
31033,1.5,0.8,1.1,9478,57594,11.1,0.1,7.924698858629186,7.0,rural,0.8242911364143782,179.36273475416755,0
31035,1.6,0.0,2.1,6084,75938,8.1,0.4,10.630983944855872,9.0,rural,0.822679778733866,353.4704370179948,0
31037,9.1,0.0,17.6,10541,79720,8.7,2.1,25.618557068045373,7.0,rural,0.7572536627405918,47.433829807418654,0
31039,2.0,0.1,1.1,8976,70708,7.8,0.2,15.733835253778537,9.0,rural,0.803088803088803,353.4704370179948,0
31041,1.0,0.0,0.5,10544,66310,8.6,0.5,4.094029455476753,9.0,rural,0.865133836650652,199.16540212443095,0
31043,5.1,0.7,3.8,21331,71655,11.2,1.6,80.71477519052829,3.0,urban,0.6510011583650505,356.288969105996,0
31045,4.5,0.1,0.7,8212,54381,12.6,0.3,5.880678844562587,9.0,rural,0.7392218717139852,12.177301509985387,0
31047,1.6,0.0,17.7,24020,65383,12.3,0.9,23.693357564374303,7.0,rural,0.7502674432426008,91.59034138218152,0
31049,2.0,0.0,1.0,1865,61438,9.1,0.2,4.240318744239774,9.0,rural,0.8480885311871227,353.4704370179948,0
31051,0.8,0.8,4.2,5561,69156,7.1,0.5,11.69208840700951,8.0,rural,0.7985232067510548,251.7532817838518,0
31053,3.5,0.3,6.6,37146,71294,9.3,0.6,70.24017418506624,4.0,suburban,0.6651672931172592,331.12582781456956,0
31055,1.9,0.4,3.2,585461,79081,11.2,1.0,1793.2399815737883,2.0,urban,0.4484261195911768,110.3403984210733,0
31057,0.5,0.0,0.0,1811,56563,12.0,0.0,1.969166546081606,9.0,rural,0.8962162162162162,353.4704370179948,0
31059,1.8,0.3,0.2,5551,76354,7.9,0.1,9.647709634878343,8.0,rural,0.7776284850520658,353.4704370179948,0
31061,2.4,0.6,0.4,2868,57692,14.1,0.2,4.980760185244104,9.0,rural,0.851291745431632,353.4704370179948,0
31063,1.5,0.0,0.6,2562,68207,12.1,0.1,2.6286216487684695,9.0,rural,0.8676680972818311,353.4704370179948,0
31065,1.9,0.1,0.3,4605,60625,12.3,0.7,6.4029086251679574,9.0,rural,0.8508954602249063,760.043431053203,0
31067,1.2,0.1,0.7,21646,64426,13.2,0.3,25.421966878519147,6.0,suburban,0.6988388295401765,353.4704370179948,0
31069,0.8,0.8,1.3,1620,44777,14.1,0.1,0.9502437137531262,9.0,rural,0.8541854185418541,353.4704370179948,0
31071,0.7,0.0,0.0,1797,68611,11.7,0.0,3.156199145156623,9.0,rural,0.8850346878097126,353.4704370179948,0
31073,1.3,0.0,1.4,1929,79145,7.0,0.1,4.209963554518854,9.0,rural,0.8171171171171171,0.0,0
31075,2.4,0.0,0.0,695,69063,10.8,0.6,0.8948160089472605,9.0,rural,0.9590163934426229,353.4704370179948,0
31077,1.5,0.0,1.0,2211,58894,11.2,1.0,3.880130622354048,8.0,rural,0.8428805237315876,353.4704370179948,0
31079,1.8,0.3,11.2,62431,67549,11.8,0.9,114.23153161153411,3.0,urban,0.6911464345972826,129.74323653313257,0
31081,1.4,0.0,0.5,9438,79884,6.7,0.3,17.412323455351302,8.0,rural,0.8053985044683567,353.4704370179948,0
31083,0.7,0.0,0.6,3006,70536,7.2,0.2,5.431224787056934,9.0,rural,0.8432250839865622,353.4704370179948,0
31085,0.6,0.0,1.9,854,60313,12.3,0.0,1.1976467658005867,9.0,rural,0.9613034623217923,353.4704370179948,0
31087,2.1,0.0,0.3,2601,52016,11.6,0.1,3.6636317226571276,9.0,rural,0.8930330752990852,353.4704370179948,0
31089,0.7,0.0,0.6,10093,67225,10.8,0.3,4.184753718168787,9.0,rural,0.8736314715160513,353.4704370179948,0
31091,1.1,0.0,0.0,613,45854,7.7,0.2,0.8502480107668121,9.0,rural,0.8702830188679245,353.4704370179948,0
31093,0.7,0.0,1.0,6492,74508,5.4,0.4,11.404166499563233,3.0,urban,0.8170940170940171,353.4704370179948,0
31095,1.2,0.0,1.4,7155,60568,9.9,0.1,12.54861550799551,9.0,rural,0.7297599106644332,433.26345213137665,0
31097,2.7,0.9,2.4,5263,59457,6.8,1.1,13.994123394244872,8.0,rural,0.7053276756247053,353.4704370179948,0
31099,0.6,0.0,0.4,6697,79167,6.7,0.2,12.973832073894076,9.0,rural,0.7934904601571269,353.4704370179948,0
31101,1.3,0.0,1.6,8239,58132,10.7,1.4,7.757545259881026,9.0,rural,0.8237279961417893,97.09916251972327,0
31103,0.0,0.0,0.0,939,60313,10.4,0.0,1.2149423018154306,9.0,rural,0.9191176470588235,353.4704370179948,0
31105,5.3,0.0,1.3,3348,59438,11.1,0.3,3.5170229427117303,8.0,rural,0.839622641509434,353.4704370179948,0
31107,10.5,0.1,0.5,8362,64821,13.2,0.5,7.54533299559244,9.0,rural,0.8205069650605161,394.6424300406601,0
31109,1.9,0.4,2.3,323673,72625,11.7,0.9,386.4476723043714,2.0,urban,0.4781062572877141,53.75795942200924,0
31111,1.7,0.2,1.2,34122,64342,12.8,0.4,13.307386827030818,5.0,suburban,0.7794587945879459,52.751890276068224,0
31113,4.2,0.0,0.0,812,71650,8.2,1.2,1.4228182159340477,9.0,rural,0.9423963133640553,353.4704370179948,0
31115,0.9,0.0,2.3,564,60156,8.2,0.0,1.0011700384085314,9.0,rural,0.8290398126463701,353.4704370179948,0
31117,0.4,0.0,0.0,463,61316,7.1,0.6,0.5388364637615252,9.0,rural,0.956989247311828,353.4704370179948,0
31119,3.1,0.2,2.1,35535,64637,11.8,0.4,62.05775232264546,5.0,suburban,0.7832957110609481,87.23793443084283,0
31121,1.7,0.3,1.3,7696,62849,8.7,0.3,15.777138007849688,3.0,urban,0.8294790936697033,129.93762993762994,0
31123,3.1,0.0,0.4,4544,59773,12.4,0.4,3.191670850012686,9.0,rural,0.846989966555184,264.0845070422535,0
31125,2.0,0.4,0.4,3342,65438,16.1,0.1,7.56801799937475,8.0,rural,0.8059536934950385,353.4704370179948,0
31127,1.9,0.1,0.7,7035,60132,13.0,0.1,17.272245150799403,9.0,rural,0.7275163787969029,412.22459132906897,0
31129,3.2,0.1,0.2,4089,70201,7.4,0.7,7.109385157091102,9.0,rural,0.8214765100671141,353.4704370179948,0
31131,1.2,0.0,5.3,16075,81430,9.5,0.3,26.112098731542087,6.0,suburban,0.696450579245748,143.0793157076205,0
31133,2.6,0.0,0.0,2539,54926,14.1,0.0,5.889931345509855,9.0,rural,0.7925493060628196,353.4704370179948,0
31135,1.0,0.0,1.1,2835,67500,7.7,0.1,3.2095097542251474,9.0,rural,0.8674698795180723,353.4704370179948,0
31137,1.1,0.0,0.6,8983,65988,13.6,0.6,16.642418154207835,7.0,rural,0.8458096013018714,133.58566180563287,0
31139,1.2,0.1,0.5,7312,75938,8.0,0.0,12.755373798969359,9.0,rural,0.8846352819451629,300.87527352297593,0
31141,1.0,0.5,7.5,34358,72335,8.7,1.2,50.891842108832286,5.0,suburban,0.7943545788490043,209.5581815006694,0
31143,2.4,0.1,1.2,5209,71771,6.2,0.7,11.870152924685694,8.0,rural,0.820879513764748,383.9508542906508,0
31145,1.8,0.1,1.7,10611,60000,14.1,0.8,14.7956479902847,7.0,rural,0.8454097116843703,122.51437187823957,0
31147,6.4,0.0,1.1,7797,55578,10.6,0.3,14.129072985481827,9.0,rural,0.7602669404517454,128.25445684237528,0
31149,0.6,0.0,0.4,1335,57500,10.5,0.0,1.324022510157098,9.0,rural,0.8975903614457831,353.4704370179948,0
31151,1.0,0.2,10.0,14642,77027,9.5,0.4,25.505630559202235,6.0,suburban,0.6680980497405619,259.5273869689933,0
31153,1.7,0.6,2.5,194051,101402,5.2,2.0,815.3504869652592,2.0,urban,0.5590691403734707,363.82188187641395,0
31155,0.9,0.0,0.7,22761,89395,6.4,0.9,30.401988270777565,2.0,urban,0.7347151804354309,232.85444400509644,0
31157,3.5,0.3,1.7,35937,60960,13.9,0.5,48.588421250189505,5.0,suburban,0.7410168580831487,230.95973509196648,0
31159,0.9,0.3,0.2,17636,81122,6.9,0.9,30.862910366070455,2.0,urban,0.7362782992821646,113.40440009072353,0
31161,13.1,0.4,0.7,5058,56900,10.7,0.6,2.072806837851882,9.0,rural,0.8530844155844156,353.4704370179948,0
31163,0.9,0.4,1.0,2974,61935,9.5,0.1,5.255563081895919,8.0,rural,0.8038277511961722,0.0,0
31165,0.8,0.0,0.3,1197,54076,11.4,0.2,0.5791777142348218,9.0,rural,0.8857566765578635,353.4704370179948,0
31167,2.4,0.3,0.2,5835,78275,7.1,0.2,13.644878601790271,9.0,rural,0.8375165125495376,34.27592116538132,0
31169,2.1,0.0,0.4,4938,63095,9.0,0.2,8.605944115331315,9.0,rural,0.8072289156626506,263.264479546375,0
31171,6.5,0.0,0.0,626,72708,4.8,0.0,0.8785302119695536,9.0,rural,0.8877551020408163,0.0,0
31173,58.3,0.3,0.5,6666,64838,18.0,0.3,16.9363297324287,8.0,rural,0.5349500713266762,285.02850285028507,0
31175,1.6,0.4,0.9,4094,58902,9.3,0.0,7.20660619094427,9.0,rural,0.8228571428571428,353.4704370179948,0
31177,1.4,0.0,0.7,20989,90188,6.9,0.6,53.82782827739585,2.0,urban,0.7145162591785685,353.4704370179948,0
31179,2.3,0.2,3.1,9786,67687,13.2,1.2,22.09449407332286,7.0,rural,0.7495643515060991,91.96811771919067,0
31181,3.1,0.3,0.6,3385,65197,9.9,0.2,5.887846952719928,9.0,rural,0.8303724928366762,177.2525849335303,0
31183,0.0,0.0,0.8,785,55893,5.2,0.0,1.364782313338598,9.0,rural,0.8814968814968815,353.4704370179948,0
31185,1.6,0.9,1.5,14231,74058,9.0,0.5,24.856955758393347,6.0,suburban,0.7605347282766638,112.43060923336377,0
32001,6.0,0.6,3.4,25614,73268,9.1,2.0,5.174381323530333,6.0,suburban,0.7580853816300129,491.9184820801124,0
32003,2.5,1.1,6.1,2293764,73845,13.2,2.1,290.65667608066565,1.0,urban,0.4866097732124405,353.4704370179948,0
32005,4.1,0.6,3.3,49624,88018,8.3,1.2,69.84011058333812,4.0,suburban,0.6679218166139695,880.622279542157,0
32007,6.4,0.1,2.2,53852,83427,11.0,0.8,3.1357977117278306,5.0,suburban,0.7893013100436681,324.9647181163188,0
32009,2.0,15.3,3.0,962,-666666666,19.4,0.0,0.2685733626834516,9.0,rural,0.8374164810690423,353.4704370179948,0
32011,3.4,0.0,1.4,1660,73095,22.1,0.3,0.39753927435372366,9.0,rural,0.8974358974358975,2710.843373493976,0
32013,4.9,0.2,1.9,17299,79946,12.2,0.4,1.7943547457993163,7.0,rural,0.7820937340804891,560.7260535291057,0
32015,5.1,0.0,1.1,5745,84474,11.4,0.0,1.0409029279846922,9.0,rural,0.8189331329827197,957.3542210617928,0
32017,6.1,0.0,0.1,4452,69496,6.6,0.5,0.4186813279302161,8.0,rural,0.870355078447564,353.4704370179948,0
32019,5.1,0.4,3.0,60630,73460,11.0,1.1,30.268789776334053,2.0,urban,0.727136980039616,877.4534059046676,0
32021,26.0,0.7,4.3,4557,50584,18.0,0.3,1.2147844940796881,8.0,rural,0.6824475212148281,1228.878648233487,0
32023,2.9,0.4,3.5,53207,55975,15.5,1.4,2.9263696938072714,4.0,suburban,0.7148085266930768,1417.1067716653824,0
32027,6.3,0.3,4.4,6505,72007,8.1,0.7,1.0775954319571563,8.0,rural,0.7805309734513274,353.4704370179948,0
32029,1.0,0.6,2.7,4139,96000,7.1,0.6,15.68993310127613,2.0,urban,0.6977821913273751,353.4704370179948,0
32031,3.3,0.6,5.3,491770,85600,10.7,1.8,77.86254939459924,2.0,urban,0.494897364803467,222.6650670028672,0
32033,8.3,1.8,4.6,8856,72294,8.4,0.2,0.9965493328674823,9.0,rural,0.7920885330821756,733.9656729900632,0
32510,4.2,0.2,4.8,58364,71809,11.1,1.0,403.80806868402476,3.0,urban,0.5578220047606454,1130.8340758001507,0
33001,0.8,1.0,0.4,64300,87983,8.8,1.1,160.01096511405873,4.0,suburban,0.5658149823532336,15.552099533437012,1
33003,1.4,0.7,0.8,51259,82961,7.5,1.3,55.006982478892155,6.0,suburban,0.5088180331698201,66.32981525195575,1
33005,1.3,1.1,0.6,76945,81001,8.9,1.1,108.87795071334888,4.0,suburban,0.44966638305494605,9.097407238936903,1
33007,1.3,0.3,1.6,31386,58439,12.9,1.2,17.489392851361597,7.0,rural,0.5692064791532659,353.4704370179948,1
33009,1.2,1.1,1.0,91759,84021,10.1,1.2,53.70424752239464,5.0,suburban,0.3990565006739281,0.0,1
33011,1.0,2.6,4.2,424732,100436,6.5,1.9,484.5607474967073,2.0,urban,0.48544618836994713,0.23544258497122889,1
33013,1.1,0.9,1.2,155018,93944,7.1,0.8,166.1680134249526,4.0,suburban,0.4736905347097056,1.9352591311976675,1
33015,0.7,0.9,1.8,317163,113927,4.8,1.0,456.09286987054406,1.0,urban,0.5123107669248064,7.567086955287975,1
33017,1.0,0.8,1.4,131743,86564,8.8,1.6,358.51343210819954,1.0,urban,0.43902826504269543,3.0362144478264503,1
33019,1.4,1.4,0.1,43529,75929,10.8,0.6,80.92763989296331,7.0,rural,0.5033667997258175,9.189276114774058,1
34001,1.5,6.8,7.9,274704,76819,13.1,3.2,494.44762299148454,2.0,urban,0.5154194336549305,0.0,1
34003,0.9,3.3,16.2,954717,123715,6.7,2.2,4101.225405280184,1.0,urban,0.4826972847499533,0.0,1
34005,1.3,4.1,3.8,464226,105271,6.8,2.5,580.8019223454111,1.0,urban,0.41572323988144405,0.0,1
34007,1.4,8.5,7.1,524042,86384,12.2,3.1,2367.3545967909304,1.0,urban,0.36075202742417456,6.2972051858438824,1
34009,0.9,2.8,2.0,95236,88046,8.7,1.7,378.6398908358921,2.0,urban,0.597613338537891,0.0,1
34011,3.0,16.7,5.6,152915,64499,16.3,6.3,316.3453892887269,3.0,urban,0.51898573807283,0.0,1
34013,1.1,6.2,16.5,854130,76712,15.0,3.3,6774.37277834522,1.0,urban,0.271983507507196,17.561729479119105,1
34015,0.9,4.0,2.5,304504,102807,7.6,1.6,945.6412963439951,1.0,urban,0.5142500956589358,1.3136116438536112,1
34017,1.9,7.3,27.1,710478,90032,14.8,3.5,15380.448966124046,1.0,urban,0.35567790348854805,0.0,1
34019,0.5,1.9,4.6,129448,139453,3.8,1.1,302.5655905179312,1.0,urban,0.5339858413322248,0.0,1
34021,1.4,5.1,15.4,383286,96333,11.1,3.2,1707.4544605441051,2.0,urban,0.32705590870413936,1.5654106854933392,1
34023,1.7,5.1,13.8,861535,109028,8.5,2.3,2785.9094634491157,1.0,urban,0.4585856190774598,0.0,1
34025,1.1,3.7,4.9,643615,122727,6.4,1.5,1374.6466871683838,1.0,urban,0.5579819724074383,0.4661171663183736,1
34027,0.6,3.0,10.0,510375,134929,5.1,1.6,1107.0449816143241,1.0,urban,0.5139138192332083,353.4704370179948,1
34029,0.9,3.7,4.2,646434,86411,10.4,1.9,1028.8786096751903,1.0,urban,0.6823353482212834,1.2375586680156057,1
34031,1.0,6.7,28.8,518289,87137,13.7,3.6,2784.510600753896,1.0,urban,0.5147825200142777,3.0870807599621064,1
34033,0.9,6.5,1.5,64973,78412,12.8,2.5,195.78396444829218,1.0,urban,0.5975937581956464,0.0,1
34035,1.1,2.8,11.6,346203,135960,5.5,1.7,1146.8724456823827,1.0,urban,0.42859952224233766,0.0,1
34037,0.9,3.8,5.9,145117,114316,5.4,1.3,279.8851900257054,1.0,urban,0.6269153977532415,0.0,1
34039,1.1,5.0,25.4,572549,100117,8.9,2.9,5571.367624882031,1.0,urban,0.37676297643724355,0.0,1
34041,0.8,3.6,6.7,110238,99596,8.1,1.4,309.1877874546966,2.0,urban,0.6053816212557116,0.0,1
35001,7.7,0.7,18.1,674357,66514,15.8,1.5,580.7188474656408,2.0,urban,0.39211038071309007,389.8528524208987,0
35003,5.1,0.0,8.9,3685,46439,21.2,1.6,0.5321924539859169,9.0,rural,0.7541971588463194,542.7408412483039,1
35005,2.7,0.4,8.6,64446,52029,22.3,1.0,10.622072874449238,5.0,suburban,0.7279138997023128,324.30251683580053,1
35006,47.2,0.1,20.3,27059,51765,27.6,0.3,5.960152866295895,6.0,suburban,0.4920671156260701,88.69507372778004,0
35007,6.4,0.5,25.2,12336,52690,17.0,0.4,3.2826180512653322,7.0,rural,0.5717299578059072,353.4704370179948,0
35009,3.2,0.8,9.4,47932,56259,20.9,2.6,34.10258941015919,5.0,suburban,0.7169432548179872,231.57806893098555,0
35011,0.1,0.0,41.3,1580,40804,20.6,0.6,0.6801237083127613,9.0,rural,0.7590643274853801,1962.0253164556962,0
35013,2.9,0.4,7.8,221665,55663,22.2,1.1,58.207615458124074,3.0,urban,0.45006045659695204,353.4704370179948,1
35015,3.5,0.2,6.0,61114,79605,12.4,0.7,14.63336404784963,5.0,suburban,0.7828507314547102,353.4704370179948,1
35017,3.6,0.4,6.6,27856,45921,19.5,0.4,7.032200529033742,7.0,rural,0.47402924861321233,353.4704370179948,1
35019,9.1,0.0,33.0,4379,40149,23.0,0.0,1.4453235221318181,9.0,rural,0.4963235294117647,182.69011189769355,0
35021,0.7,0.4,20.7,748,41250,18.7,0.0,0.3519208146077749,9.0,rural,0.6988235294117647,353.4704370179948,0
35023,3.2,0.5,3.1,4097,49076,20.5,0.7,1.1914904017158339,9.0,rural,0.6178861788617886,292.8972418843056,1
35025,1.6,0.2,6.0,73154,68750,18.7,1.0,16.657893625742755,5.0,suburban,0.8122043293353085,1033.4363124367771,0
35027,4.2,0.2,3.5,20227,51643,16.0,1.8,4.1868182753513326,7.0,rural,0.6959398496240602,353.4704370179948,0
35028,2.1,0.5,6.8,19374,143188,2.9,1.8,177.54310233630116,6.0,suburban,0.34375265437866304,353.4704370179948,0
35029,2.6,0.3,2.7,25420,37917,26.1,0.4,8.572843330605494,6.0,suburban,0.5966471932943865,353.4704370179948,1
35031,80.8,0.0,2.5,71172,44496,35.7,0.4,13.056534981601573,5.0,suburban,0.3734396809571286,335.80621592761196,0
35033,3.7,0.4,57.5,4176,50178,18.8,0.1,2.16794374632394,8.0,rural,0.41241322988975093,502.8735632183908,0
35035,8.5,0.7,7.3,68235,52717,20.0,1.8,10.318996477120942,4.0,suburban,0.6378750158234525,353.4704370179948,1
35037,6.9,0.9,18.1,8616,43698,25.4,0.5,2.9979595484949533,7.0,rural,0.7089655172413794,353.4704370179948,0
35039,19.5,0.6,43.4,40165,53901,20.1,0.5,6.853073778216178,6.0,suburban,0.4007416405600665,353.4704370179948,0
35041,3.8,1.4,5.2,19002,52445,21.6,1.8,7.768439922680875,7.0,rural,0.7203012140771476,353.4704370179948,0
35043,15.6,1.2,17.6,151538,84053,10.0,1.6,40.843684899163485,2.0,urban,0.4704408173756587,147.15780860246275,0
35045,43.0,0.2,8.3,121178,53020,23.2,0.4,21.9635499580948,3.0,urban,0.6623878750386638,600.7691165062965,0
35047,5.5,0.7,46.7,27036,47400,22.0,0.5,5.726128841064502,6.0,suburban,0.35752391464311994,0.0,0
35049,5.3,0.5,21.9,155175,74689,12.5,1.3,81.22729827108701,3.0,urban,0.24989616671960127,337.6832608345416,0
35051,4.7,0.5,8.7,11511,37840,24.9,1.0,2.753028572490015,6.0,suburban,0.5982773471145564,353.4704370179948,1
35053,13.3,0.2,32.9,16308,47556,29.0,1.1,2.453664156656197,6.0,suburban,0.5189765458422175,429.23718420407164,0
35055,8.4,0.1,31.8,34516,58908,14.4,1.1,15.672187054774414,7.0,rural,0.2558570810409841,353.4704370179948,0
35057,5.5,0.4,18.4,15290,46250,20.4,0.4,4.570710714314727,2.0,urban,0.6947608200455581,1144.538914323087,0
35059,7.0,0.0,18.5,4039,45319,19.5,1.2,1.0559338710061286,9.0,rural,0.7673846153846153,353.4704370179948,0
35061,7.6,0.6,24.6,77382,58333,18.4,1.5,72.54036798730176,2.0,urban,0.5833894569276924,966.6330671215528,0
36001,0.9,2.8,3.1,315374,83149,12.9,1.1,603.138846506877,2.0,urban,0.37078063731319955,18.390862911971183,0
36003,0.6,0.4,1.3,47027,61233,16.8,0.6,45.67917172016179,7.0,rural,0.7160391527267077,353.4704370179948,1
36005,2.6,16.9,31.8,1419250,49036,26.9,7.5,33650.551672511334,1.0,urban,0.27282377919320594,353.4704370179948,1
36007,0.9,2.2,2.2,197738,61059,18.9,0.8,280.22084597456023,3.0,urban,0.4978922195650965,287.2487837441463,1
36009,4.0,1.0,0.6,76479,58248,17.6,0.4,58.46202742338199,4.0,suburban,0.6640987944722141,231.43608049268428,1
36011,0.9,1.5,1.5,75464,66583,13.8,0.8,109.11681364986815,4.0,suburban,0.5649583494235119,132.51351637867063,1
36013,1.2,6.9,1.7,126329,56507,17.0,3.0,119.13218222004483,4.0,suburban,0.609895253740307,204.22864108795287,1
36015,1.1,1.5,1.3,82805,63469,15.8,0.6,203.2856072355026,3.0,urban,0.5840034194427377,171.48722903206328,1
36017,1.2,0.6,0.7,46685,62093,12.2,0.7,52.25291074657604,6.0,suburban,0.6361087624048773,353.4704370179948,1
36019,0.9,0.9,1.7,78961,69208,13.8,1.0,76.08857226306623,4.0,suburban,0.5107627711686494,353.4704370179948,1
36021,1.4,1.9,2.5,61245,83619,11.4,1.2,96.4999682434116,6.0,suburban,0.4264987065571927,353.4704370179948,1
36023,1.5,1.3,1.8,46401,67527,12.8,0.8,93.03016575440796,4.0,suburban,0.5321876704855428,461.19695696213444,1
36025,1.1,0.9,2.8,44551,60226,14.9,0.7,30.88251872271575,8.0,rural,0.5988447841570399,143.65558573320465,0
36027,1.7,4.8,6.6,297144,97273,8.3,1.9,373.4834250831396,2.0,urban,0.47293308383628074,117.78800850765958,1
36029,1.2,3.9,1.6,950044,71175,14.0,1.9,911.0834592348116,1.0,urban,0.4516160335226333,63.68126107843427,1
36031,1.1,0.5,1.9,37077,70215,11.8,0.9,20.665825209551848,6.0,suburban,0.49749504227116165,5.394179680125145,1
36033,8.1,0.9,1.4,47066,63747,16.5,2.9,28.887323885080654,7.0,rural,0.545074780814853,353.4704370179948,1
36035,0.7,2.5,1.2,52787,62615,14.5,0.7,106.54146412001563,4.0,suburban,0.6792871187717023,409.19165703677044,1
36037,1.6,1.3,1.6,57943,72055,10.6,0.8,117.53706488899994,4.0,suburban,0.6697574390071922,348.61846987556737,1
36039,1.0,3.1,2.2,47554,74011,11.0,1.4,73.48088941822107,6.0,suburban,0.5848516190627735,84.11490095470413,0
36041,1.7,0.4,1.2,5102,68950,10.0,0.7,2.970807349192659,8.0,rural,0.6473500291205592,117.60094080752646,1
36043,0.7,1.5,0.8,59932,68858,13.3,0.7,42.487314231285765,2.0,urban,0.6822129975232846,18.354134685977442,1
36045,1.7,2.4,2.7,116130,64978,13.4,2.4,91.59022883286839,3.0,urban,0.618042720445453,127.44338241625765,1
36047,1.3,5.2,9.6,2646306,78548,18.9,3.1,38144.08970015274,1.0,urban,0.28011958397038417,353.4704370179948,1
36049,0.6,0.9,0.7,26618,68329,12.2,0.5,20.855446471577654,8.0,rural,0.7220721068478345,217.89766323540462,1
36051,0.7,2.3,1.2,61588,72464,11.6,0.9,97.50273398090073,1.0,urban,0.6072167615106053,339.3518217834643,1
36053,0.9,0.7,1.3,67572,73141,9.7,0.8,103.18696978645083,2.0,urban,0.565311701432222,143.55058308174983,1
36055,1.1,6.7,2.1,754068,74409,13.1,3.1,1147.8422037827333,1.0,urban,0.4046055276312251,351.1619641729924,1
36057,0.9,10.8,2.2,49461,62923,14.7,3.0,122.69822192317918,4.0,suburban,0.643639182249782,495.3397626412729,0
36059,0.9,2.9,14.0,1388138,143408,5.3,1.7,4878.4978469476855,1.0,urban,0.5210129348473762,981.9628884159931,1
36061,1.5,5.3,15.9,1627788,104553,15.8,3.1,71841.73298429506,1.0,urban,0.17588462613265649,353.4704370179948,1
36063,2.2,1.8,1.2,211341,67809,13.0,1.1,404.597775784197,1.0,urban,0.5746210192330291,255.03806644238458,1
36065,0.8,3.4,2.4,229645,68819,14.6,1.4,189.40694880116354,2.0,urban,0.6062516233441889,100.15458642687626,1
36067,1.7,2.7,1.9,471611,74740,13.9,1.6,605.8779956036369,2.0,urban,0.41359750914912075,296.2187056705632,1
36069,0.7,3.1,1.2,112405,79814,9.2,1.8,174.52144088053166,1.0,urban,0.5058669925177014,507.98452026155417,1
36071,2.2,9.1,8.6,403840,96497,13.0,2.7,497.29201934881064,2.0,urban,0.5419061699079281,4.209587955625991,1
36073,1.0,1.4,1.7,39686,63838,13.0,0.5,101.43067505478838,1.0,urban,0.7023023578363384,353.4704370179948,1
36075,1.0,1.3,1.1,117945,68461,16.5,0.6,123.94296880626683,2.0,urban,0.6209028150506191,231.46381788121582,1
36077,0.8,1.4,2.1,59738,67086,14.1,0.8,59.63438041361853,7.0,rural,0.5393290203980627,56.91519635742743,1
36079,1.1,5.5,10.9,97988,127405,6.5,1.7,425.56838145391566,1.0,urban,0.5684303446287989,253.092215373311,1
36081,1.6,4.2,19.1,2330124,84961,12.2,2.3,21431.537315973215,1.0,urban,0.3770112977447251,353.4704370179948,1
36083,0.9,3.2,1.7,160341,86663,11.8,1.3,245.7489623650865,2.0,urban,0.4931837636867725,102.28201146306934,0
36085,1.1,8.6,6.7,492734,98290,10.9,2.2,8565.929955030611,1.0,urban,0.6488789646372585,353.4704370179948,1
36087,0.9,4.2,14.0,338936,110631,15.6,2.8,1951.4455417666488,1.0,urban,0.5591040201307697,353.4704370179948,1
36089,1.6,0.9,1.3,107796,61900,17.4,1.1,40.22950790040173,4.0,suburban,0.5900202599649434,31.541059037441094,1
36091,0.8,1.4,1.8,237075,99653,6.7,0.9,292.69607662933885,2.0,urban,0.4908606566815854,451.7557734894021,0
36093,1.8,4.0,2.5,159603,76989,12.5,1.8,779.811158305087,2.0,urban,0.44590561722541416,14.410756690037154,0
36095,0.7,1.6,1.6,29979,71188,10.8,0.5,48.21178661883621,2.0,urban,0.6526612398246713,113.41272223890056,0
36097,0.9,0.8,1.0,17749,65625,15.1,0.3,54.05621695513851,8.0,rural,0.6047815508304242,242.2671699814074,1
36099,0.8,1.6,1.6,33125,66007,13.3,1.1,102.33318544416703,6.0,suburban,0.5590099406231236,205.2830188679245,1
36101,0.8,0.8,0.7,93034,64740,13.7,0.6,66.90649730776718,4.0,suburban,0.6589289665855278,131.13485392437173,1
36103,1.2,4.6,15.7,1525680,128329,6.4,1.7,1674.8743515191848,1.0,urban,0.5498689029328606,2.9495044832468147,1
36105,2.9,7.3,9.5,79147,69826,15.2,2.8,81.7511804687478,6.0,suburban,0.5835408616001145,380.3050020847284,1
36107,0.7,1.0,1.1,48106,71791,12.2,1.0,92.73144279246569,3.0,urban,0.6144228804902963,571.6542635014343,1
36109,1.6,1.4,3.3,102879,73012,15.3,1.3,216.749989227544,3.0,urban,0.2469065999782538,281.88454397884897,1
36111,1.5,4.4,4.2,182109,81804,14.3,1.5,161.98467831199366,3.0,urban,0.4067153105396195,71.93494006336864,1
36113,0.6,0.7,1.8,65560,78239,9.1,0.8,75.59775309993086,3.0,urban,0.5211034869065957,800.7931665649786,1
36115,0.6,1.0,1.1,60883,72342,10.8,0.7,73.24796329088771,3.0,urban,0.6060648603116664,353.4704370179948,1
36117,1.1,2.6,1.2,91128,73914,11.3,1.2,150.91656616669283,1.0,urban,0.6153533895629426,322.6231235185673,1
36119,1.3,5.4,16.7,996888,118411,8.9,2.6,2313.945544445133,1.0,urban,0.3685947072791935,353.4704370179948,1
36121,0.7,1.1,0.9,39980,68913,10.6,0.7,67.45400580139085,8.0,rural,0.7411375452969907,222.61130565282645,1
36123,0.6,0.5,1.4,24637,67521,14.1,0.4,72.86046647185928,6.0,suburban,0.5808172206876845,316.5969882696757,1
37001,1.8,1.0,4.6,174286,64445,14.1,0.9,411.5812279865258,3.0,urban,0.5412879258364292,360.32727815200303,0
37003,3.4,0.5,0.8,36440,65268,12.1,0.7,140.16190614568677,2.0,urban,0.8016028146989835,996.1580680570801,0
37005,0.7,0.2,1.7,11075,44272,17.4,0.3,47.160739876301854,9.0,rural,0.7616974972796517,353.4704370179948,0
37007,1.6,0.6,0.5,21903,44245,21.2,0.4,41.21279363878398,1.0,urban,0.5126182965299685,739.6247089439803,0
37009,1.0,0.5,0.7,26831,50827,14.1,0.5,62.944551895730015,9.0,rural,0.7240971357409713,495.69527785024786,0
37011,0.9,0.5,0.7,17643,57657,11.0,0.9,71.33157631775119,9.0,rural,0.7638549090522285,1099.586238168112,0
37013,1.2,0.5,1.2,44597,57997,18.0,0.6,53.55478595572315,6.0,suburban,0.6565192636173847,353.4704370179948,1
37015,1.8,0.2,0.4,17482,45931,19.8,0.9,25.003704010387363,9.0,rural,0.4210988046934971,869.4657361857911,1
37017,4.1,0.5,4.0,29591,44528,21.2,0.9,33.817062956047735,8.0,rural,0.6025217652356649,1155.7568179514042,1
37019,2.4,0.6,1.8,145889,74034,9.4,1.1,171.6201764352853,2.0,urban,0.6252183153906575,734.8052286327276,1
37021,1.2,0.5,3.3,271790,70578,11.8,1.2,414.0047292829119,2.0,urban,0.37428176410152336,512.1601236248574,0
37023,1.9,0.7,4.6,87863,55684,17.9,1.2,173.5611235684382,2.0,urban,0.7076780758556892,920.7516246884354,0
37025,1.2,1.9,4.4,231262,86084,8.9,1.3,640.2029467781723,1.0,urban,0.5391238159675237,231.77175670884105,0
37027,0.8,0.7,2.8,80618,55401,12.7,0.7,170.84139395468057,2.0,urban,0.764893986791797,867.0520231213872,0
37029,3.0,1.9,1.0,10743,87781,5.0,1.2,44.70196382790804,1.0,urban,0.756011542160949,884.2967513729872,1
37031,2.2,0.8,1.6,68652,70235,10.0,1.6,135.24711864362223,4.0,suburban,0.7172833785662276,584.1053428887724,1
37033,1.3,0.2,1.4,22689,59407,15.7,0.3,53.32528559640867,8.0,rural,0.6236388004690903,312.92696901582264,0
37035,1.3,1.3,3.0,162051,64544,12.8,0.8,403.7410787272999,2.0,urban,0.6915817333364288,353.4704370179948,0
37037,0.9,0.4,5.8,78319,88534,10.5,0.8,114.92463631348126,2.0,urban,0.4368509927990528,729.0695744327685,0
37039,3.0,0.9,0.7,29197,51496,14.6,0.9,64.09321563537415,9.0,rural,0.790198645341226,1233.0033907593247,0
37041,2.5,0.4,1.7,13814,56982,20.5,1.3,80.00827548648151,8.0,rural,0.6130713712910987,608.0787606775734,1
37043,1.3,0.1,1.5,11391,53645,13.5,0.7,52.98120131505985,9.0,rural,0.752088772845953,1430.9542621367748,0
37045,2.0,0.4,0.6,100170,55769,17.2,0.5,215.76761365191396,4.0,suburban,0.6760832666757711,632.9240291504443,0
37047,5.4,0.2,0.4,50453,48184,18.8,0.4,53.78090637450481,6.0,suburban,0.6704268292682927,353.4704370179948,1
37049,1.5,1.4,1.5,101074,64635,13.9,1.7,143.04829447001725,4.0,suburban,0.6033196366782007,463.0270890634585,1
37051,3.6,4.2,3.5,336749,58780,17.2,4.3,516.0385017166532,2.0,urban,0.43214824764752185,353.4704370179948,1
37053,1.4,0.8,1.8,29612,91548,7.6,1.3,113.06164074314265,1.0,urban,0.7419137844049555,1026.6108334459004,1
37055,1.1,0.8,2.9,37534,81214,7.5,2.6,97.94143995112283,4.0,suburban,0.5948684951339178,551.4999733574892,1
37057,1.2,0.7,2.1,171063,62426,13.8,0.6,309.2366511485498,2.0,urban,0.737810637396997,353.4704370179948,0
37059,3.9,0.6,1.1,43526,73234,10.0,1.2,165.05934047377409,2.0,urban,0.7351625862199651,1507.145154620227,0
37061,1.1,1.4,9.1,49053,51880,17.9,1.3,60.20839567224869,8.0,rural,0.6455969033166182,353.4704370179948,1
37063,1.8,0.8,7.0,329405,79501,12.0,1.5,1145.570821298818,2.0,urban,0.18529297304614134,177.59293271201105,0
37065,1.0,0.7,0.8,48777,48480,21.9,0.5,96.5047505247601,3.0,urban,0.38569367140795713,647.8463210119523,1
37067,1.6,1.5,4.8,386740,65541,14.7,1.2,948.2224658137374,2.0,urban,0.43334640607237,388.63319025702026,0
37069,1.7,0.7,2.9,71962,71386,10.1,0.9,146.3230738514759,1.0,urban,0.5685310533190833,353.4704370179948,0
37071,1.3,1.4,4.2,231485,65472,12.8,1.3,650.6947409225122,1.0,urban,0.6262448044787514,3.88794090329827,0
37073,1.5,0.3,0.1,10437,61612,11.8,0.4,30.641879817154535,1.0,urban,0.6093696176369273,1130.5930823033439,1
37075,9.9,0.0,0.3,8041,49038,8.7,0.3,27.54065156835729,9.0,rural,0.8223210504023719,353.4704370179948,0
37077,2.1,1.6,3.7,61439,70975,14.1,1.1,115.48880890744924,6.0,suburban,0.5475305531057074,555.0220543954166,0
37079,4.4,2.0,0.6,20421,50904,22.4,0.8,76.5592981218111,8.0,rural,0.5909307307783861,353.4704370179948,1
37081,1.7,1.4,3.3,542987,66027,15.2,1.7,840.5629830592436,2.0,urban,0.3892896018844019,202.2147859893515,0
37083,5.1,0.4,1.6,48219,45071,25.2,0.6,66.62493476290959,4.0,suburban,0.41097848016139876,1068.04371720691,1
37085,2.4,3.1,3.1,136503,69012,14.5,3.1,229.3913940273655,4.0,suburban,0.6269074262461851,1224.1489198039603,1
37087,1.5,0.8,1.4,62432,61001,11.3,0.5,112.78271293168946,4.0,suburban,0.6270573098161154,736.8016401845208,0
37089,1.5,1.2,3.4,117387,67623,11.7,0.9,314.75493942272874,2.0,urban,0.5736007435592088,684.9140024023103,0
37091,2.6,0.3,1.4,20492,47472,21.4,0.6,58.02411249535014,8.0,rural,0.36515586546349466,390.3962521959789,1
37093,10.0,4.0,3.1,53102,60095,17.4,3.4,136.10558018175672,2.0,urban,0.4699460856391748,2156.2276373771233,1
37095,2.9,0.3,1.3,4625,47338,22.4,0.4,7.552970991069705,9.0,rural,0.6114357262103506,353.4704370179948,1
37097,1.3,0.8,3.4,191800,78678,9.1,1.0,333.89220484780657,1.0,urban,0.6646065364250502,402.5026068821689,0
37099,9.3,0.4,2.1,43089,53479,19.3,0.6,87.73801405170079,7.0,rural,0.547581468758704,1343.73041843626,0
37101,1.8,1.5,4.2,226623,79838,11.2,1.4,286.1331793679925,1.0,urban,0.608793924906906,644.2417583387388,1
37103,1.3,0.7,1.4,9245,55659,21.3,0.6,19.61313503762414,8.0,rural,0.6294313146233382,353.4704370179948,1
37105,1.7,2.3,6.7,64565,63060,15.5,3.1,253.128835057996,4.0,suburban,0.5881818793300598,354.6813288933633,0
37107,1.4,0.8,1.4,54917,44795,22.5,0.6,137.6066640976268,4.0,suburban,0.5341842723004695,353.4704370179948,1
37109,0.7,0.4,2.9,90359,78490,9.0,1.1,305.42488958508886,1.0,urban,0.7302680599727397,787.9679943337132,0
37111,1.1,0.4,1.6,44679,55527,14.0,1.0,101.5537043309273,6.0,suburban,0.7477273697238701,1432.4402963360862,0
37113,1.1,0.7,1.4,37533,53298,14.4,1.2,72.79979913987638,7.0,rural,0.6917713335796084,353.4704370179948,0
37115,1.6,0.6,0.4,21640,58628,11.4,0.9,48.130032905285624,2.0,urban,0.6191545080433969,323.4750462107209,0
37117,1.2,0.2,0.8,21773,46793,19.6,1.2,47.70466965305283,6.0,suburban,0.5518769333667753,881.8261149129655,1
37119,1.3,1.1,8.4,1130906,83765,10.4,1.7,2159.833279041922,1.0,urban,0.3327933586660617,353.4704370179948,0
37121,1.5,0.6,1.0,14973,58089,13.0,0.4,67.67441616981543,8.0,rural,0.7813427723224481,353.4704370179948,0
37123,1.9,1.9,3.7,25874,55849,16.1,0.9,52.63894067997811,8.0,rural,0.6904343843041454,803.8958027363376,0
37125,2.1,1.1,2.0,102840,82837,10.0,1.7,147.41642992964094,3.0,urban,0.6488952221840041,439.5176973940101,1
37127,1.7,0.9,1.3,95451,60704,14.0,0.8,176.61597272706163,3.0,urban,0.5088854232850074,353.4704370179948,1
37129,1.4,1.2,3.1,231214,72892,12.4,1.4,1202.6439593320677,2.0,urban,0.49683759496355007,599.0121705433062,1
37131,2.3,0.8,0.4,17212,47935,20.0,0.6,32.069436548639594,9.0,rural,0.4270559930008749,2457.5877294910524,1
37133,3.8,4.0,3.9,208537,64568,11.7,2.3,273.6400153034346,3.0,urban,0.6815138137989187,761.01603072836,1
37135,1.4,0.8,4.1,147292,88553,12.4,1.8,370.5106105684416,2.0,urban,0.2412289855072464,330.6357439643701,0
37137,1.1,1.4,0.7,12315,61624,12.4,0.7,36.59565537983145,9.0,rural,0.6614800759013283,1185.5460820138042,1
37139,1.9,1.8,1.8,40830,63912,10.0,1.2,179.96488814076338,4.0,suburban,0.5245942447475854,558.4129316678913,1
37141,1.5,0.6,2.1,63475,76838,10.7,1.1,72.85127655565636,2.0,urban,0.676380447768947,729.4210319023238,1
37143,1.2,0.5,0.6,13146,61224,11.4,0.8,53.18551637175256,8.0,rural,0.6993507353915464,1034.535219838734,1
37145,2.6,0.9,1.4,39275,64927,18.4,0.5,100.10460454573851,2.0,urban,0.6195652173913043,748.5677912157861,0
37147,1.1,1.0,0.9,172279,58851,19.4,1.2,264.0833536039286,3.0,urban,0.4698132514709644,448.6907864568519,1
37149,1.1,0.1,1.5,19689,61005,13.7,0.7,82.83585492584635,8.0,rural,0.6267975877532086,812.6364975366956,0
37151,1.6,1.0,2.0,145322,59047,14.8,0.9,185.75448042558136,2.0,urban,0.7881898337494024,353.4704370179948,0
37153,3.5,0.9,1.0,42818,43626,25.2,0.9,90.39259412449769,4.0,suburban,0.6050816512830915,2326.1245270680556,1
37155,41.5,0.7,2.5,116858,40318,28.8,0.9,123.3597147592682,4.0,suburban,0.6392884097035041,2383.234352804258,1
37157,1.8,0.5,1.7,91585,55796,16.8,0.5,161.91331082610972,2.0,urban,0.6808826822466054,468.4173172462739,0
37159,1.8,0.7,2.9,148487,63196,15.8,1.0,290.2350375846951,1.0,urban,0.6811046316777264,519.9108339450592,0
37161,0.8,0.3,1.6,64850,49771,17.6,0.8,114.69004127524808,4.0,suburban,0.7406459121326738,783.3461835003856,0
37163,3.0,0.3,8.6,59245,53159,20.2,0.4,62.63150785026478,6.0,suburban,0.6497944593386953,1341.8853911722508,1
37165,15.0,0.7,0.8,34353,43500,26.6,1.0,107.64226024392566,6.0,suburban,0.53488051787067,1010.1010101010102,1
37167,0.9,0.3,0.7,63557,61631,14.2,0.6,160.87111510235437,6.0,suburban,0.756009780488475,353.4704370179948,0
37169,1.1,0.9,0.5,44889,60039,12.0,0.7,99.90346304087764,2.0,urban,0.8002079619726679,353.4704370179948,0
37171,1.4,1.0,1.1,71407,56095,16.7,1.3,134.06138156173026,6.0,suburban,0.7683307332293292,712.8152702116039,0
37173,31.9,1.0,1.2,14065,55429,21.1,1.2,26.652102694135074,9.0,rural,0.6199309749784296,902.9505865623888,0
37175,1.5,0.3,1.4,33243,64523,14.2,0.7,87.86115335255244,6.0,suburban,0.5615715402658327,499.3532473001835,0
37177,0.7,0.2,1.9,3376,43952,20.8,0.1,8.639207821207224,9.0,rural,0.6085204375359816,1273.6966824644549,1
37179,1.7,1.3,4.7,244975,99243,7.7,1.2,387.16706422340735,1.0,urban,0.627703926832995,588.6314930094908,0
37181,2.2,1.5,0.8,42361,46943,19.0,0.6,167.83576196284346,6.0,suburban,0.43273384909072643,353.4704370179948,0
37183,1.3,1.4,4.5,1151009,101763,7.9,1.6,1379.0966421706175,1.0,urban,0.37006091737153346,113.90006507333999,0
37185,6.7,0.7,0.8,18751,45279,22.2,0.2,43.66875705777818,8.0,rural,0.40373679935012186,1386.592715055197,0
37187,1.3,0.8,0.3,10905,41750,24.7,0.1,31.470973522807046,9.0,rural,0.46867592279038267,353.4704370179948,1
37189,1.2,0.7,1.8,54607,51367,24.7,0.6,174.77618162426322,5.0,suburban,0.469657317035623,280.1838592121889,0
37191,1.2,0.9,5.2,117606,58082,16.9,1.9,212.31512886447084,3.0,urban,0.5826783276135651,1180.211893950989,1
37193,0.8,0.7,2.9,65983,50438,16.4,0.5,87.54803220642684,6.0,suburban,0.8001999666722213,833.54803509995,0
37195,1.0,0.3,2.4,78648,51381,21.0,0.5,213.96494553668245,4.0,suburban,0.4979954108777327,410.6906723629336,1
37197,1.1,0.3,1.1,37419,60321,13.6,0.7,111.7175609985327,2.0,urban,0.8146991773218356,783.024666613218,0
37199,1.0,0.1,1.5,18676,54961,14.9,0.4,59.74557689315368,8.0,rural,0.6738155061019383,326.62240308417216,0
38001,9.0,0.1,0.0,2179,55417,14.5,0.2,2.206478202564166,9.0,rural,0.8173322005097706,353.4704370179948,0
38003,3.0,0.1,0.4,10794,70230,11.3,0.7,7.2367217436223035,6.0,suburban,0.6800847457627118,46.32203075782842,0
38005,54.8,0.0,0.5,5861,68049,22.2,0.2,4.220933972211395,9.0,rural,0.593973442288049,170.61934823408976,1
38007,0.0,0.0,1.2,948,81250,13.0,0.0,0.8254328124084358,9.0,rural,0.8537735849056604,210.97046413502107,0
38009,6.2,0.1,0.5,6390,83460,7.6,0.8,3.8289662050334434,8.0,rural,0.7814451382694023,735.5242566510171,1
38011,3.3,0.3,0.5,2935,83773,9.5,0.1,2.5262335034303143,9.0,rural,0.8698931489629164,353.4704370179948,0
38013,2.5,0.0,0.4,2163,96339,5.1,0.6,1.959915302426435,8.0,rural,0.8748796920115496,353.4704370179948,1
38015,5.6,0.4,1.1,98986,84948,8.2,0.7,60.62738885730912,3.0,urban,0.7202322377484747,84.86048532115653,0
38017,2.5,0.5,0.8,189286,75023,10.3,1.0,107.24816844108187,3.0,urban,0.5429193553874593,87.16967974387964,0
38019,1.9,0.0,0.4,3663,67064,7.7,2.8,2.459833480139988,9.0,rural,0.7484631147540983,464.1004641004641,1
38021,2.1,0.0,1.4,4959,63125,10.8,0.2,4.382703489026842,9.0,rural,0.7665549036043587,353.4704370179948,0
38023,1.9,0.4,1.4,2174,89297,7.3,1.4,1.7238513125448,9.0,rural,0.7832047986289632,353.4704370179948,1
38025,11.1,0.3,0.2,4043,94688,7.2,0.3,2.012953376531088,9.0,rural,0.8497057492077863,420.4798417017067,1
38027,5.8,0.0,1.5,2319,55389,12.8,0.0,3.679558125551298,9.0,rural,0.7317487266553481,353.4704370179948,1
38029,2.8,0.1,0.5,3269,67368,8.4,0.3,2.1671960415003286,8.0,rural,0.8922187171398528,611.807892321811,0
38031,0.8,0.0,0.8,3372,83412,9.1,0.1,5.317943844839926,9.0,rural,0.798314268512944,353.4704370179948,1
38033,3.0,0.0,1.1,1679,76528,18.0,0.0,1.6775152768753023,9.0,rural,0.8740970072239422,353.4704370179948,0
38035,4.3,0.6,1.2,72764,68450,13.9,0.9,50.66335806852058,3.0,urban,0.592409780334728,93.45280633280194,1
38037,2.2,0.0,0.0,2276,56750,17.4,0.4,1.3717181077800187,8.0,rural,0.839968774395004,353.4704370179948,0
38039,0.4,0.0,0.7,2340,64737,10.1,1.0,3.3018892115044025,9.0,rural,0.7618670886075949,353.4704370179948,1
38041,3.9,0.0,0.0,2453,70827,9.3,0.4,2.1665035236196117,9.0,rural,0.8501170960187353,353.4704370179948,0
38043,1.6,0.3,0.2,2374,61850,10.3,0.4,1.7571365271851471,8.0,rural,0.8269090909090909,353.4704370179948,0
38045,0.9,0.0,0.8,4107,70263,10.8,0.0,3.5837536909020655,9.0,rural,0.7808417997097242,353.4704370179948,0
38047,3.1,0.0,0.4,1848,61339,11.5,0.2,1.861779440814752,9.0,rural,0.8847290640394089,353.4704370179948,0
38049,1.5,0.3,0.2,5264,80614,9.8,0.2,2.8090514551638246,3.0,urban,0.8227239082161362,569.9088145896657,1
38051,1.3,0.1,0.1,2512,64236,15.4,0.3,2.577565304169965,9.0,rural,0.8317413666421749,199.04458598726114,0
38053,11.9,0.6,4.2,14280,88289,12.8,1.6,5.173663743740122,7.0,rural,0.851177336276674,644.2577030812324,1
38055,7.9,0.0,0.2,9807,81847,8.3,0.4,4.647268693794089,8.0,rural,0.7947032306536439,591.414295911084,1
38057,3.7,0.0,1.9,8341,79405,10.7,0.4,7.998804267472504,8.0,rural,0.8496644295302014,191.82352235942932,1
38059,5.1,2.7,0.9,33479,79483,7.0,2.7,17.38367239882076,3.0,urban,0.7740399107734973,235.96881627288747,0
38061,31.8,0.3,3.2,9567,81292,13.2,0.8,5.241723499279843,8.0,rural,0.7188905547226386,585.345458346399,1
38063,2.6,0.0,0.6,3015,68051,10.0,0.8,3.070843209325485,8.0,rural,0.6629866356769321,298.5074626865672,1
38065,0.0,0.0,1.3,1821,76953,4.7,0.2,2.520750597955274,3.0,urban,0.8535211267605634,353.4704370179948,0
38067,3.9,0.3,0.4,6787,66884,8.7,1.9,6.06775663230481,9.0,rural,0.7694826457105436,368.35125976130837,1
38069,4.8,0.0,0.1,3961,63214,12.2,0.3,3.889875006124056,9.0,rural,0.7727743271221532,353.4704370179948,1
38071,12.4,0.2,0.4,11563,61319,16.3,0.8,9.754784677905599,7.0,rural,0.7046075751659509,353.4704370179948,1
38073,1.8,0.6,1.4,5662,74521,10.9,1.2,6.564848900108765,8.0,rural,0.6435490120108485,370.89367714588485,0
38075,0.4,0.1,0.0,2277,76311,7.1,3.0,2.595630466886336,3.0,urban,0.8472696245733788,353.4704370179948,1
38077,4.8,0.0,1.4,16550,72524,10.4,0.6,11.5276853945405,6.0,suburban,0.6927568642067338,181.2688821752266,0
38079,80.3,0.0,0.0,12065,57355,25.1,0.2,13.360401455668711,9.0,rural,0.35728592889334,157.48031496062993,1
38081,2.3,0.0,0.8,3822,77697,7.9,0.8,4.452037511945832,9.0,rural,0.6664989939637826,366.3003663003663,0
38083,2.0,0.0,0.2,1327,67361,8.5,0.8,1.36490923533119,8.0,rural,0.8644295302013423,678.2215523737754,1
38085,86.5,0.0,0.1,3789,41676,42.7,0.1,3.4632737299084018,9.0,rural,0.3035143769968051,353.4704370179948,0
38087,5.2,0.0,0.0,795,62500,6.4,0.8,0.6541786516981448,9.0,rural,0.9140625,353.4704370179948,0
38089,2.9,0.6,1.9,33116,80744,11.0,1.3,24.807608229886878,5.0,suburban,0.832860232495269,241.57506945283245,0
38091,2.1,0.5,1.1,1731,80313,13.3,0.6,2.4306921020867307,8.0,rural,0.6289180990899899,353.4704370179948,1
38093,2.7,0.4,1.4,21525,60172,12.4,1.0,9.687639743560013,7.0,rural,0.7274476055482434,162.60162601626016,0
38095,10.8,0.2,0.0,2113,63017,11.5,0.0,2.0612367810075822,9.0,rural,0.7336405529953917,236.630383341221,1
38097,2.6,0.2,0.9,7980,88289,6.9,1.1,9.258927113067452,8.0,rural,0.6610127213769019,601.5037593984963,1
38099,3.4,0.2,1.8,10488,69976,10.5,0.6,8.183477121348476,8.0,rural,0.7309015829318651,448.1311975591152,1
38101,3.7,1.1,2.0,69232,79273,7.8,2.3,34.3919669633022,3.0,urban,0.7409335727109515,119.88675756875433,1
38103,1.8,0.0,0.2,3942,61346,10.5,0.1,3.1026353662332222,9.0,rural,0.8175675675675675,353.4704370179948,1
38105,5.9,0.1,2.9,39368,90224,8.8,1.0,18.948786844847827,5.0,suburban,0.8459768559247479,350.5385084332453,1
39001,1.3,0.0,0.2,27510,49521,20.3,0.6,47.11649978424288,8.0,rural,0.8303549769547991,163.57688113413303,0
39003,1.7,0.4,0.7,101685,62001,13.1,0.4,252.60514753641925,3.0,urban,0.7224676313785224,509.41633475930576,1
39005,0.9,0.5,0.3,52296,64991,13.8,0.4,123.63535570796024,6.0,suburban,0.7521869201348127,141.502218142879,1
39007,1.1,2.7,0.6,97343,55507,18.3,1.0,138.58287715038875,1.0,urban,0.6431478337713077,325.65258929763826,1
39009,1.1,0.5,0.9,61573,53837,22.1,0.7,122.2552409212147,4.0,suburban,0.4457906912912206,303.7045458236565,0
39011,0.6,0.1,0.5,46209,76454,7.5,0.2,115.12301519161369,4.0,suburban,0.8253244199764058,353.4704370179948,1
39013,0.7,0.2,0.5,65982,58411,14.3,0.3,123.99680809971565,3.0,urban,0.7379856021791297,286.4417568427753,0
39015,0.7,0.1,0.6,43710,69990,17.4,0.3,89.28726909383236,1.0,urban,0.809200037512895,353.4704370179948,0
39017,0.8,0.4,2.9,389910,81194,11.7,0.9,835.7912200349033,1.0,urban,0.632524346714846,189.27444794952683,0
39019,0.8,0.1,0.7,26731,64675,12.5,0.2,67.7399226303084,2.0,urban,0.7759211966435607,353.4704370179948,1
39021,1.2,0.1,0.4,38772,74239,8.2,0.6,90.38247688112777,6.0,suburban,0.7561889732715258,386.877127824203,0
39023,1.1,0.6,0.8,135445,60846,15.6,0.8,342.13732454141916,3.0,urban,0.6490441767068273,353.4704370179948,0
39025,0.8,0.5,0.8,209862,83178,8.8,0.7,463.7217795927193,1.0,urban,0.680531239499885,168.20577331770403,0
39027,1.4,0.2,0.9,42014,68125,14.8,0.4,102.79121891944563,6.0,suburban,0.7752825338313043,95.20635978483362,0
39029,1.0,0.1,0.6,101203,58474,13.9,0.5,190.26091909145666,4.0,suburban,0.7469320970820834,128.45469007835734,1
39031,2.3,0.0,0.0,36679,54687,18.8,0.3,65.04400523906942,7.0,rural,0.7632277582268321,940.5927097249108,1
39033,0.5,0.4,0.3,41767,55477,13.2,0.3,103.95347893978611,4.0,suburban,0.766840926064227,110.13479541264635,1
39035,1.1,3.9,1.5,1249418,62823,16.2,2.1,2732.6969644729893,1.0,urban,0.34146563368256033,6.002794901306048,1
39037,0.7,0.2,0.6,51655,64654,11.2,0.2,86.36484135892879,6.0,suburban,0.8291009434314055,259.41341593262996,0
39039,1.0,0.8,1.1,38258,73615,10.0,0.3,92.98575417799722,6.0,suburban,0.7012494069270916,266.61090490877723,1
39041,0.7,0.9,1.2,221160,130088,5.0,0.8,499.067663290209,1.0,urban,0.5332727754437758,417.7970699945741,1
39043,0.8,1.2,0.7,74938,68431,12.5,0.6,298.21549254328704,3.0,urban,0.5714104257697389,100.08273506098375,1
39045,1.1,0.6,0.9,161289,87069,8.2,0.9,319.7861229582146,1.0,urban,0.621299017850742,411.6833758036816,0
39047,0.7,0.2,0.7,28880,60047,16.0,0.6,71.06983076936211,6.0,suburban,0.7777866816251302,599.0304709141275,0
39049,1.4,1.0,2.7,1321635,73795,14.5,1.2,2482.3078516872774,1.0,urban,0.3565244154034511,61.21205930533014,0
39051,1.1,1.1,0.8,42434,72866,8.7,0.6,104.65976257126802,2.0,urban,0.7137468001976018,353.4704370179948,1
39053,0.9,0.0,0.2,29162,56455,14.8,0.4,62.508372425872906,6.0,suburban,0.799163179916318,373.7740895686167,0
39055,0.7,0.2,0.9,95479,100783,5.8,0.6,238.44143642780702,1.0,urban,0.6215838965618572,107.87712481278605,1
39057,1.3,0.5,1.1,168531,85218,9.8,1.6,407.44379409261086,2.0,urban,0.6001640928810664,181.56896950709364,0
39059,0.9,0.1,0.2,38283,55756,15.8,0.3,73.3051529313863,6.0,suburban,0.7621937256697962,353.4704370179948,0
39061,1.0,0.6,2.3,827878,70816,14.9,1.0,2041.8554405546242,1.0,urban,0.42483209070183003,227.56976269450328,0
39063,0.7,0.4,0.7,74885,69699,10.3,0.9,140.94085509918284,4.0,suburban,0.694368186785362,251.05161247245778,1
39065,1.6,0.1,0.5,30527,58001,18.2,0.2,64.91167270451973,6.0,suburban,0.7758728667606075,98.27365938349656,1
39067,0.8,0.4,0.1,14408,53851,14.6,0.2,35.811305066703675,8.0,rural,0.7786454635808604,402.5541365907829,0
39069,1.1,0.5,2.0,27581,79267,8.4,0.4,66.29885853435621,6.0,suburban,0.7357558532954391,344.44001305246366,1
39071,1.0,0.3,0.5,43403,62008,14.4,0.2,78.47457248010166,6.0,suburban,0.8184424992453969,417.021864848052,0
39073,1.1,0.1,0.4,27938,61366,17.1,0.4,66.3060228591466,1.0,urban,0.7232309646566539,633.5457083542129,0
39075,0.4,0.1,0.4,44312,74774,8.8,0.2,104.85207960062698,9.0,rural,0.8485046576237948,266.293554793284,1
39077,1.1,1.2,1.2,58412,65972,12.0,1.0,118.66495642603641,4.0,suburban,0.722164566345441,353.4704370179948,1
39079,1.1,0.0,0.0,32588,58409,17.7,0.7,77.53317637269099,7.0,rural,0.7920715392198282,389.7140051552719,0
39081,0.7,0.3,0.5,64855,56983,16.9,0.3,158.90991768995636,3.0,urban,0.7220227118315053,212.7823606506823,0
39083,0.8,0.4,0.6,62888,73988,11.0,0.4,119.67289787956284,6.0,suburban,0.7265639735932097,353.4704370179948,1
39085,0.7,1.5,1.0,232101,77952,8.2,0.8,1011.7974463934399,1.0,urban,0.5723659424839884,353.4704370179948,1
39087,0.7,0.1,0.2,57385,54842,17.5,0.5,126.56793271399712,2.0,urban,0.7544388736004826,353.4704370179948,0
39089,1.1,0.5,0.9,180311,81033,10.1,0.7,264.22005310792366,1.0,urban,0.6514316654457433,310.57450737891753,1
39091,1.4,0.6,0.7,46140,69183,11.3,0.7,100.63139651788234,4.0,suburban,0.7834029902193115,205.89510186389248,1
39093,1.4,6.9,1.4,314588,70693,12.8,2.2,641.3144298556201,1.0,urban,0.5288564099959366,353.4704370179948,1
39095,1.3,0.8,1.0,428748,60095,17.8,0.7,1262.2767905325545,2.0,urban,0.43661971830985913,126.18134661852649,1
39097,2.4,0.4,0.3,44126,83229,9.7,0.6,94.55144404023441,1.0,urban,0.7206356968215158,432.85138013869374,0
39099,1.1,4.0,1.3,227063,55576,18.3,1.8,551.8106198847829,2.0,urban,0.5474281628457791,36.113325376657585,1
39101,1.2,0.6,0.7,65145,57306,15.3,0.6,161.32707358462378,4.0,suburban,0.7086390619814904,353.4704370179948,1
39103,0.6,0.9,0.8,183049,92660,6.1,0.6,434.3232545272349,1.0,urban,0.6250813073275577,113.08447464886451,1
39105,0.8,0.4,0.2,22072,46701,22.0,0.2,51.31811435440331,8.0,rural,0.7868138251524833,484.7770931496919,0
39107,1.6,0.2,0.4,42438,78036,6.1,0.1,91.76835541299748,7.0,rural,0.8360551431601273,61.26584664687308,0
39109,0.7,0.3,0.4,109549,74175,8.6,0.5,269.4394250382854,2.0,urban,0.7277052143368686,240.07521748258773,0
39111,1.0,0.0,0.1,13308,58962,15.1,0.6,29.201934794502193,8.0,rural,0.8015448603683898,112.7141568981064,0
39113,1.2,0.7,1.5,535528,64403,14.9,1.2,1160.7811968630306,2.0,urban,0.4976202082169197,251.52746448364977,0
39115,2.1,0.1,0.2,13758,55971,14.3,0.4,33.03828618053633,8.0,rural,0.7681331747919143,545.1373746184038,0
39117,0.8,0.5,0.6,35214,71047,10.9,1.1,86.7054708696077,1.0,urban,0.7808541343738308,301.01664110865,1
39119,0.9,0.2,0.3,86382,59203,15.6,0.3,129.9865181717941,4.0,suburban,0.7213295405038312,758.2598226482369,0
39121,0.3,0.0,0.3,14252,55360,11.7,0.1,35.80796272798849,9.0,rural,0.8252982513482595,353.4704370179948,0
39123,1.0,0.6,0.5,40161,75728,8.4,1.0,157.67853685848613,3.0,urban,0.6265060240963856,353.4704370179948,1
39125,1.3,0.5,0.7,18800,68167,9.6,0.3,45.14511999655704,8.0,rural,0.7837867247007617,382.9787234042553,1
39127,1.3,0.0,0.2,35474,64737,14.7,0.3,86.96015618594919,1.0,urban,0.7746412050765034,245.25004228449004,0
39129,1.5,0.3,0.5,59407,72927,12.1,0.6,118.53114777779373,1.0,urban,0.7449662115570266,668.2714158264178,0
39131,1.5,0.1,0.0,27080,49552,19.9,0.6,61.50603870858326,9.0,rural,0.770028818443804,1059.8227474150665,0
39133,1.1,0.4,0.7,161421,72822,11.4,0.8,331.18251260099686,2.0,urban,0.5783721494420184,356.21139752572464,1
39135,0.9,0.1,0.4,40802,71237,11.2,0.5,96.17979276971406,6.0,suburban,0.7978965982595747,259.79118670653395,0
39137,0.7,0.5,1.0,34352,82785,7.1,0.3,71.18931044170887,6.0,suburban,0.8469241773962805,353.4704370179948,1
39139,1.2,0.5,0.4,125138,57649,13.9,0.3,252.688249003013,3.0,urban,0.7133997823420685,463.48830890696667,1
39141,1.2,0.5,0.5,76748,59819,16.8,0.7,111.36363079958558,4.0,suburban,0.6984102674058872,935.5292646062437,0
39143,0.8,0.5,1.3,58770,62500,13.2,0.4,143.9574918013769,4.0,suburban,0.6557215619694398,353.4704370179948,1
39145,1.4,0.4,0.2,73118,49571,22.4,0.2,119.83690320401182,4.0,suburban,0.7412497177328301,660.5760551437402,0
39147,1.1,0.3,0.6,54861,65020,11.9,0.1,99.5614800531418,4.0,suburban,0.6894745261137327,251.544813255318,1
39149,0.8,0.3,0.5,48007,72822,11.1,0.9,117.75257218328203,4.0,suburban,0.8266241530490235,199.97083758618535,0
39151,1.2,0.7,1.1,373764,65740,12.7,0.5,649.7901780566233,2.0,urban,0.6106108408921608,382.59436435825813,1
39153,1.1,0.6,0.8,538087,71016,12.6,0.6,1303.5267168001951,2.0,urban,0.46475831902995407,150.3474345226701,1
39155,0.8,0.9,0.4,201367,55088,16.8,0.5,326.0587738378815,2.0,urban,0.5847338130999259,116.20573380941266,1
39157,0.7,1.6,1.8,92585,64494,13.0,0.9,163.12658565032262,4.0,suburban,0.718114515977884,305.6650645352919,1
39159,1.9,0.7,0.6,65293,109506,5.1,0.8,151.24237434053677,1.0,urban,0.6496370137609708,318.56401145605196,1
39161,0.6,0.1,0.7,28824,65344,9.5,0.4,70.44854250880357,6.0,suburban,0.7947454844006568,402.4424091035248,1
39163,2.8,0.0,0.0,12686,53813,16.7,0.5,30.764361253397524,8.0,rural,0.7949122807017543,402.01797256818537,0
39165,0.7,0.4,1.3,246364,107843,5.4,1.0,613.7354607074296,1.0,urban,0.6591349631129756,366.1249208488253,0
39167,1.2,0.2,0.4,59318,61355,12.9,0.3,93.86145167104844,4.0,suburban,0.7204252137446767,256.24599615631,0
39169,0.9,0.5,0.7,116618,71769,8.7,0.6,210.20241619283766,4.0,suburban,0.6981124909802134,359.2927335402768,1
39171,0.9,0.7,1.2,36862,61834,11.9,0.6,87.62893524332627,7.0,rural,0.7434962717481359,268.5692583147957,1
39173,0.9,0.6,1.0,131795,73124,12.0,0.5,213.54853413565485,2.0,urban,0.5512833928811685,166.92590765962288,1
39175,0.7,0.2,0.7,21699,71878,7.5,0.2,53.33032740782048,7.0,rural,0.7582115980522355,18.43402921793631,1
40001,52.2,0.1,0.5,19595,48028,21.5,0.3,34.144695879391655,8.0,rural,0.819695062246468,643.0211788721613,0
40003,9.1,0.8,1.1,5685,67870,14.0,0.5,6.560386086411659,8.0,rural,0.8890456041372825,949.8680738786279,0
40005,21.1,0.1,0.7,14255,52034,17.6,0.4,14.613717523516227,9.0,rural,0.8611655676350026,512.1010171869519,0
40007,4.0,0.1,1.8,5041,64266,9.8,0.2,2.7776594366702416,9.0,rural,0.924618320610687,416.58401110890696,0
40009,6.0,0.2,2.1,22202,52323,23.2,0.5,24.623050055657217,7.0,rural,0.8555570239196512,207.18854157283127,0
40011,13.1,0.0,2.6,8603,59304,15.3,0.3,9.26585610829647,8.0,rural,0.8198657718120805,662.5595722422411,0
40013,21.0,0.3,1.2,47237,54280,17.4,0.8,52.23322306877578,6.0,suburban,0.7968465391621129,548.2990029002689,0
40015,28.6,0.4,2.9,26626,52817,19.0,0.4,20.838134680414864,6.0,suburban,0.7404301075268818,687.2981296477128,0
40017,8.4,0.6,1.8,162621,85427,8.6,1.0,181.38070892512494,1.0,urban,0.7061280364301779,87.31959587015207,0
40019,15.8,0.2,1.4,48255,58856,15.1,0.7,58.68287352949397,5.0,suburban,0.7774945375091041,385.4522847373329,0
40021,45.0,0.4,1.3,47621,53668,19.3,0.6,63.568696394146635,6.0,suburban,0.6663803470194125,674.0723630331157,0
40023,24.4,0.1,0.6,14299,45456,22.0,0.5,18.560906116580224,9.0,rural,0.8307333691949077,538.4991957479544,0
40025,6.0,0.0,2.7,2247,57204,10.5,0.0,1.2246510628980511,9.0,rural,0.9287257019438445,133.5113484646195,0
40027,9.7,0.4,2.4,297545,74446,12.8,1.6,552.1461994323628,1.0,urban,0.5762620331398888,73.93839587289318,0
40029,29.0,0.3,0.5,5275,48162,21.3,0.2,10.2075877503851,9.0,rural,0.862,985.7819905213271,0
40031,10.8,2.9,2.5,121699,59000,17.7,4.1,113.80950853216822,3.0,urban,0.6188848600130773,29.581179796054197,0
40033,13.4,0.1,2.3,5475,60313,22.9,0.9,8.654247511605652,3.0,urban,0.840585603904026,767.1232876712329,0
40035,29.3,0.1,0.4,14215,50182,19.5,0.5,18.67310117424281,6.0,suburban,0.7963709677419355,963.770664790714,0
40037,16.6,0.2,0.8,72353,61849,13.9,0.4,76.16953219221175,1.0,urban,0.783904232132982,366.2598648293782,0
40039,10.4,0.2,1.5,28332,57562,16.5,0.7,28.653531324995544,5.0,suburban,0.7714600882470919,229.42256106169702,0
40041,31.2,0.2,0.8,41017,55114,18.6,0.5,55.59709814024105,6.0,suburban,0.8056705066547366,1002.0235512104738,0
40043,11.1,0.1,1.6,4433,60550,14.4,0.1,4.434650721554213,9.0,rural,0.9046967624259006,699.3006993006993,0
40045,5.8,0.4,2.7,3717,56992,13.8,0.3,3.0183275387927546,9.0,rural,0.8894500561167228,1183.750336292709,0
40047,5.8,0.5,1.4,62322,67302,12.7,1.8,58.877250911970464,3.0,urban,0.7738550508348102,168.47983055742753,0
40049,14.4,0.1,1.2,25779,57127,15.3,0.7,32.137572765055424,6.0,suburban,0.8341463414634146,791.3417898289305,0
40051,10.3,0.7,1.1,55868,75730,12.3,0.6,50.764149970366624,1.0,urban,0.8179336919001364,375.8860170401661,0
40053,5.1,0.0,0.3,4137,61824,13.5,1.3,4.133941322676687,8.0,rural,0.8587841072283389,966.88421561518,0
40055,6.6,0.2,1.9,5498,60183,14.7,0.9,8.600234755292002,9.0,rural,0.8325068870523415,381.9570753001091,0
40057,4.7,0.1,7.1,2452,54286,17.0,0.6,4.563914832477319,9.0,rural,0.8112128146453089,163.13213703099512,0
40059,3.9,0.0,2.5,3231,59191,15.9,0.6,3.1109671882087744,9.0,rural,0.8972746331236897,278.5515320334262,0
40061,24.2,0.3,0.4,11667,49930,20.0,0.7,20.229741086707858,8.0,rural,0.8526877308165778,445.70155138424616,0
40063,24.7,0.1,0.3,13411,47923,20.9,0.4,16.670542853299093,9.0,rural,0.8183606557377049,805.3090746402208,0
40065,6.0,1.1,3.5,24730,61497,16.0,1.6,30.810343480349466,7.0,rural,0.7971381537292643,88.96077638495754,0
40067,11.3,0.3,1.2,5377,48750,22.8,0.1,7.084735900719157,8.0,rural,0.8636169303120992,297.56369722893805,0
40069,23.0,0.0,0.5,10334,50911,21.9,0.5,16.070283956208044,9.0,rural,0.8350217076700435,512.8701374104896,0
40071,15.8,0.4,1.1,43731,56673,15.5,0.8,47.55385606509787,4.0,suburban,0.7511282267284434,214.95049278543823,0
40073,6.1,0.1,1.7,15288,70617,11.7,0.6,17.022874640607633,8.0,rural,0.8615776844631073,359.7592883307169,0
40075,10.1,0.3,2.0,8458,42063,25.0,0.7,8.33236480842331,8.0,rural,0.7960954446854663,165.5237644833294,0
40077,31.5,0.0,0.8,9495,41048,19.2,0.5,13.149015748285787,9.0,rural,0.8313103789943027,505.5292259083728,0
40079,19.1,0.1,0.5,48728,50027,20.0,0.8,30.657853591075973,6.0,suburban,0.8280499000918076,352.97980627154817,0
40081,11.6,0.0,0.6,33917,59425,16.5,0.5,35.61321931834242,1.0,urban,0.8216610771355297,787.2158504584722,0
40083,8.5,0.2,2.3,50905,82735,13.7,0.8,68.44496169239584,1.0,urban,0.7504757072180642,498.9686671250368,0
40085,10.9,0.8,2.2,10196,62940,14.8,0.9,19.839894713782424,9.0,rural,0.8359133126934984,970.9690074539035,0
40087,11.2,0.2,1.6,43779,84778,7.8,0.8,76.70870082204043,1.0,urban,0.8083761171325347,433.99803558783896,0
40089,22.6,0.3,0.7,30825,50175,21.1,0.5,16.655179935599943,7.0,rural,0.8483141042840533,1115.977291159773,0
40091,25.9,0.0,0.5,19237,46203,20.9,0.7,31.113720647982067,8.0,rural,0.7672993753003364,1221.6042002391225,0
40093,5.9,0.0,1.1,7656,69229,11.4,0.7,8.01675420884257,8.0,rural,0.9042179261862917,731.4524555903866,0
40095,15.3,0.4,1.1,15628,56495,16.5,0.8,42.06845801259937,9.0,rural,0.8206229860365198,1087.7911441003328,0
40097,31.3,0.4,0.3,39406,57279,17.6,0.4,60.13189914544076,6.0,suburban,0.7929355160476442,631.8834695224077,0
40099,21.2,0.4,1.1,13807,61904,12.8,1.8,33.16002726922455,9.0,rural,0.8127925117004681,318.67893097704064,0
40101,26.8,0.4,1.2,66471,51999,20.3,0.8,81.99817191883692,4.0,suburban,0.6910229645093946,392.65243489642097,0
40103,14.2,0.0,0.1,10909,70071,11.5,1.0,14.908888210632787,8.0,rural,0.7924722336487042,495.0041250343753,0
40105,27.3,0.1,0.7,9392,52679,16.4,0.6,16.598993858673392,8.0,rural,0.8397863818424566,851.7887563884157,0
40107,28.0,0.2,0.8,11304,45441,27.4,0.8,18.27770326112143,8.0,rural,0.7829181494661922,645.7891012031139,0
40109,7.6,0.5,3.5,800487,65374,15.7,1.5,1129.2004793907963,1.0,urban,0.5085857351790274,17.98904916632,0
40111,24.5,0.1,0.4,36922,53123,17.6,0.2,52.93906865387587,1.0,urban,0.7173804957738475,555.2245273820486,0
40113,21.2,0.3,0.8,45963,60482,12.6,0.4,20.458174186623197,1.0,urban,0.7105717527502343,596.1316711267758,0
40115,27.7,0.2,0.8,30360,48656,20.7,0.5,64.48364743675107,6.0,suburban,0.7717480229070085,764.1633728590251,0
40117,18.5,0.2,0.7,15689,57551,17.0,0.5,27.60431497360281,1.0,urban,0.7995562130177515,567.2764357192938,0
40119,9.3,0.2,1.7,82290,48937,23.9,1.1,120.14872409738201,4.0,suburban,0.6297594839071594,233.32118118847976,0
40121,22.1,0.3,0.7,43629,54787,18.2,0.6,33.4190626825771,7.0,rural,0.7994108813676793,710.5365697128058,0
40123,26.6,0.0,0.7,38158,62564,12.6,0.6,52.97125886315616,7.0,rural,0.7379222177365092,133.6548037108863,0
40125,18.6,0.2,1.0,73011,60828,15.7,0.9,92.67784729673005,4.0,suburban,0.742166708065718,614.975825560532,0
40127,24.8,0.2,1.7,10787,44634,23.7,0.4,7.72962940685579,9.0,rural,0.8672699849170438,556.2250857513674,0
40129,10.8,0.0,0.4,3378,62721,15.4,0.7,2.9602119383661556,9.0,rural,0.9063231850117096,592.0663114268798,0
40131,20.7,0.3,0.9,97235,77688,9.6,0.8,143.89262708727978,1.0,urban,0.7798559277903142,296.189643646835,0
40133,26.3,0.1,0.7,23550,46191,22.4,0.4,37.21442799408073,7.0,rural,0.7531004808909137,938.4288747346071,0
40135,31.5,0.1,0.6,39676,49795,20.3,1.0,58.90353418273965,3.0,urban,0.8112092479542797,546.9301340860974,0
40137,9.7,0.3,1.2,43314,60236,17.5,0.7,49.77406605303119,4.0,suburban,0.8234395460497599,318.6036847208755,0
40139,7.0,0.2,9.8,20880,59275,18.5,2.3,10.228813625308957,7.0,rural,0.8448748043818466,234.6743295019157,0
40141,7.7,0.4,2.1,6967,47445,17.2,1.0,7.997620616298206,8.0,rural,0.8004788507581804,315.7743648629252,0
40143,11.6,0.7,3.3,673708,67317,14.7,1.2,1181.4445677428637,1.0,urban,0.577852840307783,108.3555486946867,0
40145,16.7,0.4,1.5,84339,78520,9.3,0.7,150.0917899792148,1.0,urban,0.7532855594045006,377.0497634546295,0
40147,16.8,0.4,1.3,52895,61205,14.6,0.8,127.2971809946719,4.0,suburban,0.7440010605859737,194.7253993761225,0
40149,5.9,0.0,1.3,10857,61980,12.6,0.3,10.823561860443306,9.0,rural,0.8797205850251036,432.9004329004329,0
40151,6.8,0.6,0.6,8619,50512,19.1,0.6,6.69966884497133,7.0,rural,0.827963014850098,556.9091541942221,0
40153,4.9,0.9,2.0,20260,65060,11.1,0.4,16.30208143576027,7.0,rural,0.8656571269797166,128.33168805528135,0
41001,2.9,0.1,0.7,16796,57844,13.8,0.7,5.474636009599256,7.0,rural,0.7508242050409444,976.4229578471063,0
41003,2.5,0.4,2.1,96359,76011,19.2,1.9,142.71000566281617,3.0,urban,0.29497255489021956,168.1212964019967,1
41005,2.4,0.3,2.2,422308,100360,7.5,1.3,225.74748333288235,1.0,urban,0.44895280777492225,1104.1704159049793,1
41007,3.1,0.4,3.2,41343,68705,12.3,0.8,49.916769355072496,4.0,suburban,0.44163770827764415,488.5954091381854,1
41009,3.4,0.5,0.8,53178,86359,8.7,1.4,80.73367596460074,1.0,urban,0.5719075758581768,240.7010417841965,1
41011,6.1,0.2,1.8,64832,60313,15.6,0.7,40.62044444947708,5.0,suburban,0.6029207634470792,353.4704370179948,1
41013,3.7,0.1,1.5,25651,81675,9.7,0.9,8.610812606381398,3.0,urban,0.7579505300353356,81.86815328837082,0
41015,6.4,0.4,0.2,23463,64769,13.3,1.2,14.408776044197193,7.0,rural,0.5823687850331222,353.4704370179948,1
41017,2.2,0.2,1.9,203026,87640,9.3,1.2,67.28040377619746,3.0,urban,0.4460872818360741,260.5577610749362,0
41019,4.7,0.4,1.4,111807,58983,15.6,1.1,22.202981141174728,4.0,suburban,0.693295744574374,587.6197375835145,1
41021,6.9,0.0,2.1,2002,64219,12.6,1.7,1.66179518404008,9.0,rural,0.7344890510948905,2247.7522477522475,0
41023,2.5,0.1,2.1,7238,59800,15.2,0.4,1.5985718784288196,9.0,rural,0.8104969809568044,353.4704370179948,0
41025,5.0,0.2,1.4,7515,48338,12.8,0.7,0.7415310340735994,9.0,rural,0.8057992202729045,353.4704370179948,0
41027,2.2,0.1,1.3,23958,82095,5.5,1.0,45.880196217332944,6.0,suburban,0.31543624161073824,659.4874363469404,0
41029,3.3,0.3,2.0,222563,71443,12.4,0.7,79.96509207331188,3.0,urban,0.5331496960486323,471.77653069018663,1
41031,18.7,0.1,2.2,24973,73051,11.7,0.7,14.016421775604577,3.0,urban,0.6541465555068012,292.3157009570336,0
41033,4.3,0.3,1.9,88069,59097,15.8,1.0,53.744892195061546,3.0,urban,0.6477516282747571,339.5065232942352,1
41035,6.8,0.2,1.8,69812,59353,18.3,0.8,11.733313281550105,5.0,suburban,0.7145753091425097,953.9907179281499,0
41037,5.4,0.0,0.4,8254,61222,17.8,0.0,1.0141781938405463,9.0,rural,0.8339834227206241,353.4704370179948,0
41039,3.7,0.4,2.3,382628,69311,15.3,1.2,84.01849973919704,2.0,urban,0.38087924745632556,334.2672256081625,1
41041,5.9,0.2,0.9,50632,61314,15.7,1.1,51.613553969484,5.0,suburban,0.40494488298501236,395.00711012798234,1
41043,4.3,0.2,1.5,129794,73396,12.8,0.8,56.69079358049413,3.0,urban,0.6258880962413007,578.6091807017274,1
41045,4.6,0.0,2.0,31701,49902,17.8,0.8,3.206102488343787,6.0,suburban,0.7277704360959033,353.4704370179948,0
41047,5.2,0.3,3.3,346532,74624,13.1,1.4,293.4623559142424,2.0,urban,0.5103237807743994,517.7011069684762,1
41049,3.5,0.5,3.5,12249,70217,14.2,0.4,6.032417817026389,8.0,rural,0.7496700395952486,947.0160829455466,0
41051,3.0,0.5,2.8,803863,86247,12.5,1.6,1865.0278440186908,1.0,urban,0.17837533968932606,201.90007501278205,1
41053,4.9,0.3,1.9,88553,81318,12.2,0.9,119.5170270522408,2.0,urban,0.5189293043971879,278.92900296997277,1
41055,3.4,0.0,0.8,1908,59500,17.9,0.5,2.3166179301937384,9.0,rural,0.792520035618878,1781.970649895178,0
41057,2.8,0.2,0.6,27471,66551,12.0,1.3,24.901590007991842,7.0,rural,0.5071255884972643,702.559062283863,1
41059,5.9,0.1,4.2,80087,68958,12.6,0.9,24.9069345220683,4.0,suburban,0.6939187400741132,434.5274513966062,0
41061,2.3,0.4,1.0,26192,64212,15.8,1.0,12.858500733035152,7.0,rural,0.7076660260516763,736.8662186927306,0
41063,1.4,0.2,0.1,7532,65559,7.8,0.8,2.3942298361243672,9.0,rural,0.6815144766146993,353.4704370179948,0
41065,4.1,0.1,2.5,26603,63602,12.2,1.1,11.17239752646476,7.0,rural,0.5297536029753603,413.4872006916513,0
41067,2.6,0.5,3.4,600266,104434,8.0,1.7,828.7854416693373,1.0,urban,0.324191272500639,477.9547733837999,1
41069,3.2,0.0,0.4,1434,51250,10.0,0.3,0.8356539161265388,9.0,rural,0.7463768115942029,353.4704370179948,0
41071,4.1,0.6,2.2,108122,87084,10.4,1.6,151.02077339500994,1.0,urban,0.531729886402506,330.18257153955716,1
42001,1.0,1.8,1.2,105183,81071,8.4,1.1,202.78458461247894,3.0,urban,0.6697953070394408,353.4704370179948,0
42003,0.8,0.6,1.2,1240476,76393,11.2,0.8,1699.3823038972498,1.0,urban,0.39746408955152757,0.48368529499966145,0
42005,0.4,0.2,0.3,65069,64295,11.3,0.4,99.5972860802457,1.0,urban,0.7678905804770821,353.4704370179948,1
42007,0.5,0.6,0.9,166993,70156,10.1,0.6,384.161333916328,1.0,urban,0.6044367402933013,0.0,1
42009,0.5,0.1,0.5,47503,60302,11.0,0.5,46.94026143251296,8.0,rural,0.8451096663570765,0.0,0
42011,1.4,11.2,8.9,429989,77684,11.7,4.9,502.08750629971684,2.0,urban,0.5614816026794738,0.9302563553951381,1
42013,0.5,0.5,0.7,121854,60594,13.0,0.4,232.07340809115954,3.0,urban,0.7188697095178275,353.4704370179948,0
42015,0.8,0.7,0.3,59971,62482,13.4,0.7,52.26798112990129,6.0,suburban,0.7416496912083292,0.0,0
42017,0.7,2.2,2.4,645993,111951,6.1,1.1,1068.874748111497,1.0,urban,0.5003663575498611,0.0,1
42019,0.5,0.3,0.8,195870,86775,8.0,0.7,248.0992511626274,1.0,urban,0.6623793945231413,0.0,1
42021,1.2,0.8,0.5,132355,56292,14.2,0.5,192.38676695290295,3.0,urban,0.699978749025997,353.4704370179948,0
42023,0.5,0.4,0.6,4475,47681,16.0,0.9,11.293846959543925,9.0,rural,0.7545620437956204,353.4704370179948,1
42025,1.3,2.9,2.5,65191,67877,12.0,0.9,170.94543532328376,2.0,urban,0.67540311093385,0.0,1
42027,0.9,1.0,1.6,158041,72748,16.9,1.2,142.73173704057987,3.0,urban,0.4856781908240356,0.0,0
42029,0.7,2.3,1.9,540896,123041,5.9,1.6,720.6689819568946,1.0,urban,0.42695130294172523,0.0,1
42031,0.4,0.2,0.5,37297,60668,13.9,0.3,62.07522149076792,6.0,suburban,0.7672211450147974,0.0,1
42033,0.6,1.0,1.1,78902,60181,13.8,0.3,68.90643322792997,4.0,suburban,0.7595942982456141,353.4704370179948,0
42035,0.6,0.7,0.5,37707,58842,14.2,0.4,42.385057507109494,6.0,suburban,0.7061546840958606,353.4704370179948,0
42037,0.6,0.7,0.9,65055,61992,15.7,0.5,134.61713641154884,4.0,suburban,0.6565860006816844,353.4704370179948,0
42039,0.7,0.6,0.3,83189,60254,12.8,0.6,82.17372365904033,4.0,suburban,0.6977646146252028,353.4704370179948,1
42041,0.7,1.8,1.8,264422,85634,7.8,1.4,484.7491445173008,2.0,urban,0.547815345135884,0.0,0
42043,1.0,6.1,3.1,287484,74159,12.3,3.3,547.7240760062294,2.0,urban,0.4700509468812796,353.4704370179948,0
42045,0.8,1.5,2.0,576195,88576,10.2,1.3,3134.7113640071225,1.0,urban,0.38005512017121124,353.4704370179948,1
42047,0.5,0.3,0.1,30703,64103,9.1,0.5,37.13019593120802,7.0,rural,0.7366968166333843,353.4704370179948,1
42049,0.9,2.7,1.0,269544,61476,15.4,1.2,337.39352351139894,2.0,urban,0.5051715790554716,0.0,1
42051,0.9,0.5,0.4,126967,56093,17.4,0.4,160.56359968005617,1.0,urban,0.6906031876671784,353.4704370179948,0
42053,1.5,2.6,1.3,6785,50061,14.7,0.8,15.880299366590194,9.0,rural,0.7242955064737243,353.4704370179948,1
42055,1.0,1.6,3.0,156626,74946,7.8,1.9,202.80543171481452,3.0,urban,0.7168508785644702,0.0,0
42057,0.7,0.5,0.2,14545,64798,11.7,0.7,33.24181250043398,8.0,rural,0.8646357941284855,353.4704370179948,0
42059,0.9,0.5,0.7,35265,66870,12.5,0.6,61.23114535723749,6.0,suburban,0.7284607651824256,0.0,0
42061,0.6,0.9,0.6,43844,65429,11.0,0.7,50.13081591275484,6.0,suburban,0.7665579473798652,353.4704370179948,0
42063,0.5,0.3,0.8,83213,58739,12.8,0.6,100.57245772166459,4.0,suburban,0.697055735827448,0.0,0
42065,0.7,0.3,0.2,44099,56898,15.3,0.4,67.59096320160732,7.0,rural,0.7948304419841339,0.0,1
42067,0.4,1.1,2.7,23419,63923,10.0,1.4,59.8353377866172,8.0,rural,0.8093414370160686,0.0,0
42069,0.8,4.4,3.4,215834,64691,14.0,1.6,470.343317229597,2.0,urban,0.48596798852907896,353.4704370179948,1
42071,0.8,7.0,2.8,555151,83703,8.7,3.0,588.1311049548161,2.0,urban,0.580560793351491,0.1801311715191002,1
42073,0.7,0.9,0.6,85423,60779,11.6,0.8,239.01922625128347,1.0,urban,0.6699938016970526,0.0,1
42075,0.7,9.6,3.9,143592,76350,10.6,4.7,396.84361959929595,3.0,urban,0.6612523282568205,353.4704370179948,0
42077,1.2,13.2,11.8,375408,77493,11.9,6.4,1087.0658251073594,2.0,urban,0.48637507732343593,0.0,1
42079,0.7,3.5,9.7,325978,62321,15.4,2.1,366.34682232088727,2.0,urban,0.5966130572837339,353.4704370179948,0
42081,1.0,0.7,0.6,113570,64412,12.5,0.6,92.41451863792025,3.0,urban,0.7090761613464691,0.0,0
42083,0.7,0.4,1.0,40149,61705,13.7,0.4,40.98116042841861,7.0,rural,0.7379073580651773,353.4704370179948,1
42085,0.8,0.6,0.6,109852,60614,12.8,0.6,163.33937669558748,4.0,suburban,0.6521085897834421,0.0,1
42087,0.5,1.2,0.4,46074,61415,16.0,0.8,112.09204809508304,4.0,suburban,0.7839773712304393,353.4704370179948,0
42089,1.6,8.0,8.2,167784,82374,11.3,2.9,275.7968116436802,4.0,suburban,0.503950025388803,0.0,1
42091,0.8,1.9,2.3,861225,111521,6.5,1.4,1783.1763179943007,1.0,urban,0.384760600216525,0.0,1
42093,0.6,1.7,0.7,18079,72926,8.8,1.2,138.71569129866032,6.0,suburban,0.6061594941872324,353.4704370179948,0
42095,0.9,7.5,5.9,315927,86687,8.8,3.3,854.3493179226532,2.0,urban,0.5089589283285734,0.31652881836626817,1
42097,0.6,2.2,1.7,90925,57948,12.2,1.0,198.66586306692227,4.0,suburban,0.7015752963830824,0.0,0
42099,0.8,0.9,1.0,45988,78824,8.0,0.8,83.39476750282702,2.0,urban,0.7491947521407809,353.4704370179948,0
42101,1.6,8.4,5.2,1582432,60698,22.0,3.7,11777.863389562,1.0,urban,0.20243322176741732,353.4704370179948,1
42103,0.9,5.8,4.3,59691,79318,9.3,1.9,109.54579315885637,6.0,suburban,0.6212178026478987,0.0,1
42105,0.8,0.4,0.7,16276,59840,11.7,0.6,15.052958366884205,9.0,rural,0.8140748140748141,353.4704370179948,1
42107,0.8,2.6,2.7,143259,66901,12.5,1.5,184.00063753839834,4.0,suburban,0.71215901415634,0.6980364235405804,1
42109,0.7,1.4,0.5,39711,68435,8.6,1.0,120.78134698371387,7.0,rural,0.736773350751143,0.0,0
42111,1.2,0.3,0.4,73255,59378,11.2,0.4,68.1411948747801,6.0,suburban,0.7882184828401784,353.4704370179948,0
42113,1.1,0.4,0.7,5849,64758,11.0,0.7,12.999527067084427,8.0,rural,0.7360021639166892,353.4704370179948,0
42115,1.2,0.7,1.2,38349,66930,10.9,0.4,46.56863589089027,8.0,rural,0.7256270545323547,353.4704370179948,0
42117,0.7,0.4,0.9,41078,62932,11.8,0.5,36.227448212072595,8.0,rural,0.7613700168444694,0.0,1
42119,0.5,1.1,3.1,42570,72894,9.7,1.1,134.73422480987574,6.0,suburban,0.6180423179565383,0.0,0
42121,0.9,0.5,0.3,50096,61626,12.8,0.5,74.2972217265589,4.0,suburban,0.712377862451428,353.4704370179948,1
42123,0.6,0.2,0.4,38174,59013,11.4,0.4,43.16948196144121,6.0,suburban,0.697815829157951,0.0,1
42125,0.6,0.4,0.7,209778,77487,9.4,0.3,244.77905610372056,1.0,urban,0.628348463658256,0.47669441028134507,0
42127,1.1,2.2,1.7,51189,62182,12.2,1.4,70.53066971538908,6.0,suburban,0.6868690325450875,0.0,1
42129,0.6,0.4,0.5,353345,72468,10.0,0.5,343.81765966158423,1.0,urban,0.6431647547543733,0.0,0
42131,1.4,0.6,1.1,26075,70268,11.4,0.4,65.63739164499505,2.0,urban,0.6859481948731714,0.0,0
42133,1.0,4.5,3.0,459312,82238,8.6,2.5,507.88313281567827,2.0,urban,0.627543454479154,0.6531507994565785,1
44001,0.8,0.8,1.7,50568,110926,6.8,1.6,2095.50238277021,1.0,urban,0.365302115901985,353.4704370179948,1
44003,1.4,1.8,3.4,170658,91278,7.4,1.4,1012.3993520016145,1.0,urban,0.4904014538245498,353.4704370179948,1
44005,1.0,2.8,2.8,85095,100859,8.6,2.9,830.7584107369889,1.0,urban,0.3696349085541641,353.4704370179948,1
44007,1.9,5.5,17.6,658977,78204,13.0,3.1,1609.2957902781461,1.0,urban,0.4282808661372336,353.4704370179948,1
44009,1.8,1.1,1.7,130073,102478,8.0,1.0,395.0241819239043,1.0,urban,0.42319464759737796,353.4704370179948,1
45001,0.7,0.2,0.7,24352,52112,14.1,0.1,49.57707030440405,6.0,suburban,0.7145616392341283,648.8173455978975,0
45003,1.4,1.1,2.8,171949,67940,13.9,1.5,160.5966861702223,2.0,urban,0.6313111084933444,1371.9184176703557,1
45005,2.2,0.5,2.1,7738,31603,26.5,1.7,18.96128032755519,8.0,rural,0.2730020147750168,542.7759110881365,1
45007,2.6,0.5,2.2,207218,64683,14.4,0.7,290.28008626111176,2.0,urban,0.7396636768991546,1949.1549961875899,0
45009,0.7,0.2,0.3,13164,43206,21.6,0.7,33.4649568368001,9.0,rural,0.4227005870841487,881.191127316925,1
45011,1.6,0.4,0.7,20565,41800,28.5,0.6,37.50143987321591,8.0,rural,0.5786105089294932,1069.7787503039144,1
45013,1.1,1.8,4.1,192123,84819,10.5,1.9,333.5343645779402,3.0,urban,0.5733139393939394,1088.8857658895604,1
45015,1.7,1.8,3.3,238723,82327,10.3,1.9,216.28644356961433,2.0,urban,0.5825636505895155,1143.165928712357,1
45017,1.0,0.0,0.8,14150,56690,16.3,1.1,37.124301535503456,2.0,urban,0.5726353513375144,353.4704370179948,1
45019,1.2,0.6,2.6,414711,84320,11.6,1.6,451.737016841802,2.0,urban,0.4711379644219999,219.18878447882983,1
45021,1.3,0.7,1.2,56299,49047,18.5,0.3,143.26775652456567,6.0,suburban,0.7589300211073227,1284.2146396916464,0
45023,1.6,0.8,0.3,32177,51216,19.3,0.3,55.414406919378905,1.0,urban,0.5870116362218033,1134.3506231158904,0
45025,2.6,0.6,1.1,43575,47620,20.2,0.7,54.53788269013173,6.0,suburban,0.6417976046588287,1900.172117039587,1
45027,1.0,0.5,0.5,31037,48887,18.5,0.9,51.11434347491942,8.0,rural,0.5620311240622481,1923.5106485807262,1
45029,3.1,0.5,0.7,38623,48779,18.7,0.7,36.55797769303765,6.0,suburban,0.5918548030101815,1571.6024130699325,1
45031,1.1,0.8,0.6,62754,47419,20.3,0.7,111.93769575231501,3.0,urban,0.567346802693872,2347.2607323835928,1
45033,3.9,0.1,1.9,28031,44038,29.2,0.4,69.1992812110152,6.0,suburban,0.5546018526387354,1844.386572009561,1
45035,1.3,1.3,2.2,164322,76896,11.5,1.6,289.0911959042916,2.0,urban,0.5743501729378472,895.1935833302905,1
45037,1.7,0.6,1.6,26508,67092,16.4,1.0,52.94313556112837,2.0,urban,0.6611882772162024,422.51395805039994,0
45039,1.0,0.4,1.3,20741,46972,16.9,0.4,30.22126633789531,2.0,urban,0.4329207697172283,2015.3319512077528,0
45041,0.7,0.7,0.6,136921,56650,18.3,0.8,171.0431843044859,3.0,urban,0.5406906384177981,1882.1072005024794,1
45043,0.6,0.8,1.0,64200,66734,14.4,0.8,78.90849979864116,4.0,suburban,0.5986967364779705,1007.7881619937696,1
45045,1.1,1.3,5.2,537575,74624,11.0,1.4,683.993955709485,2.0,urban,0.6130386868511107,1573.547877040413,0
45047,1.3,1.1,1.3,69329,50635,17.1,0.4,152.16940937875964,4.0,suburban,0.6467963649486566,966.4065542557947,0
45049,0.7,0.4,0.4,18555,43059,20.0,0.5,33.135428504751424,8.0,rural,0.4675851888301144,1191.0536243600109,1
45051,1.1,0.6,2.8,368937,64623,12.8,1.0,325.58278378408113,2.0,urban,0.6945511752367136,2.710489866833633,1
45053,1.9,1.5,6.1,30658,63503,18.3,1.1,46.796513328551036,3.0,urban,0.5486588339614277,1793.9852567029811,1
45055,1.1,0.9,1.3,66924,64343,14.1,1.7,92.10417285557828,2.0,urban,0.6428808696965121,353.4704370179948,1
45057,0.7,0.8,2.8,100905,74751,12.3,1.2,183.74981831275784,1.0,urban,0.6253231415871598,1329.9638273623707,0
45059,1.6,0.8,2.3,67904,55517,17.6,0.7,95.25427363923181,2.0,urban,0.7065162823387664,1250.294533459001,0
45061,1.2,0.0,0.6,16330,44145,23.3,0.5,39.81137832530117,8.0,rural,0.40590795199789004,2565.8297611757503,1
45063,1.3,1.0,2.5,300370,75014,11.4,1.3,429.71124204259513,2.0,urban,0.6697402956209422,1396.9437693511336,1
45065,0.6,0.3,0.3,9701,55344,18.0,0.8,27.03055360955563,8.0,rural,0.5865416255347153,731.8833109988661,0
45067,1.9,0.2,0.1,28900,34501,27.3,0.0,59.05533424065095,6.0,suburban,0.44667977613069126,1636.6782006920416,1
45069,6.2,0.4,1.4,26285,36293,26.2,1.0,54.7748255167857,6.0,suburban,0.4879896342071165,1890.8122503328896,1
45071,0.7,1.1,2.3,38121,59670,16.0,1.8,60.48016980578896,6.0,suburban,0.6738329238329238,763.3587786259542,0
45073,1.0,0.5,1.8,79566,60193,16.4,0.7,126.98754592461519,4.0,suburban,0.7608419741852056,1516.9796144081643,0
45075,1.2,0.4,0.4,83531,43214,23.9,0.7,75.4994211391797,4.0,suburban,0.375867913181346,3211.9811806395232,1
45077,0.8,0.9,1.7,132604,59411,17.2,0.6,266.8429049425976,2.0,urban,0.7670038075110284,547.4947965370577,0
45079,1.3,1.3,2.1,418725,61699,16.9,2.1,552.9125833448433,2.0,urban,0.32389507003332796,1565.2277747925248,1
45081,1.4,1.2,6.8,18958,52957,19.4,2.1,41.87680040582113,2.0,urban,0.724455423310128,685.7263424411858,0
45083,0.9,1.1,2.3,338096,64195,14.5,1.1,418.23990955382084,2.0,urban,0.6701616994705416,1221.2507690123514,0
45085,1.3,0.9,1.1,104853,55990,16.4,1.4,157.65512388329321,3.0,urban,0.47524641577060933,1519.2698349117336,1
45087,2.6,0.3,1.0,26990,41200,22.7,0.6,52.55220723441124,2.0,urban,0.6648613162645659,1385.6984068173397,0
45089,0.7,0.0,1.1,30517,43471,23.6,0.7,32.66765883108525,6.0,suburban,0.3901681028393841,2028.377625585739,1
45091,1.5,1.0,2.7,288559,83060,8.9,1.2,423.7065105842361,1.0,urban,0.5968587449860997,678.5440759082198,0
46003,2.3,0.0,0.6,2573,74130,8.4,0.9,3.6318213576355403,9.0,rural,0.7776141384388807,427.5165176836378,0
46005,2.8,1.7,6.1,19279,63082,13.8,1.5,15.316624904179111,7.0,rural,0.7052462370305421,62.24389231806629,0
46007,59.5,1.8,0.0,3354,44569,31.9,0.2,2.8312354564070734,9.0,rural,0.6347417840375587,353.4704370179948,0
46009,8.7,0.4,0.7,7024,61275,11.8,0.4,12.46385834361659,9.0,rural,0.7623593590180703,56.947608200455576,0
46011,2.5,1.2,1.3,34968,67341,12.8,1.5,44.13940673620769,5.0,suburban,0.5892255892255892,117.25005719514985,0
46013,7.0,0.8,1.0,38079,70239,10.6,1.5,22.229028397947364,5.0,suburban,0.6366626794258373,84.0358202683894,0
46015,14.3,0.5,0.0,5261,74043,10.5,0.4,6.4376655176024515,9.0,rural,0.7177966101694915,353.4704370179948,0
46017,76.2,0.0,1.7,1757,47000,32.5,0.0,3.7271546474567843,9.0,rural,0.36043956043956044,353.4704370179948,0
46019,5.7,0.4,1.6,10538,67692,7.2,1.0,4.683535215135967,7.0,rural,0.8103101087394281,353.4704370179948,0
46021,2.0,0.0,0.0,1481,65000,8.5,0.1,2.018600036504622,9.0,rural,0.8547215496368039,353.4704370179948,0
46023,33.9,0.5,0.1,9281,64850,22.8,0.5,8.459262781291516,9.0,rural,0.718389186144748,571.0591531085012,0
46025,2.1,0.1,0.7,3876,62885,11.1,0.5,4.047991680345418,9.0,rural,0.7690595436839176,353.4704370179948,0
46027,6.0,0.0,0.5,15133,58794,19.8,0.4,36.72861488746455,6.0,suburban,0.466473359913012,145.37765149012094,0
46029,3.3,0.1,0.7,28556,65080,10.2,0.9,41.530863516771504,5.0,suburban,0.7088482826597923,129.5699677826026,0
46031,69.4,0.1,0.0,3859,43750,45.2,0.1,1.5625416304628272,9.0,rural,0.5603907637655418,596.0093288416689,0
46033,5.4,0.1,0.9,8686,81958,6.6,1.4,5.578881161278977,3.0,urban,0.7335034013605443,460.51116739580937,0
46035,5.8,0.0,0.1,19936,61401,12.4,0.3,45.76325930533482,7.0,rural,0.6935537928723048,60.19261637239165,0
46037,11.8,1.7,0.2,5460,62270,14.0,0.3,5.308752514048733,9.0,rural,0.6522948539638387,128.2051282051282,0
46039,1.3,0.0,0.1,4318,79556,6.7,1.0,6.93388785630591,9.0,rural,0.7648106904231626,231.5886984715146,0
46041,78.1,0.2,0.0,5230,57928,32.3,0.0,2.2715660332896475,9.0,rural,0.4345205479452055,353.4704370179948,0
46043,2.6,0.0,1.0,2823,78125,13.7,0.0,6.5377377683125975,9.0,rural,0.8663003663003663,353.4704370179948,0
46045,0.7,0.0,0.0,4033,77266,8.5,0.3,3.5817674083624547,9.0,rural,0.8081918081918081,99.18175055789735,0
46047,9.6,0.7,0.5,7179,61056,19.7,0.9,4.126125032499308,9.0,rural,0.7527010804321729,111.43613316617913,0
46049,1.9,0.0,0.0,2137,58000,25.6,0.0,2.176806797283212,9.0,rural,0.8340888485947416,0.0,0
46051,3.4,0.0,1.2,7544,73818,11.2,0.6,11.070575109910905,9.0,rural,0.7327683615819209,353.4704370179948,0
46053,9.8,0.4,0.7,3993,52432,11.0,0.2,3.9341852853018406,9.0,rural,0.8077617328519856,353.4704370179948,0
46055,9.0,0.0,0.0,1708,59231,8.2,0.0,0.943364397372362,9.0,rural,0.9053201082055906,353.4704370179948,0
46057,1.8,0.2,3.3,6288,83194,6.6,0.3,12.401911906594565,9.0,rural,0.807570977917981,556.615776081425,0
46059,1.8,0.0,0.1,3045,72054,6.6,0.0,2.1195391703255337,9.0,rural,0.7903503733486502,353.4704370179948,0
46061,2.7,0.0,0.5,3473,86375,6.2,0.5,7.991582623957442,8.0,rural,0.8014925373134328,353.4704370179948,0
46063,8.2,0.0,0.0,1092,74766,5.6,0.6,0.40874848740231734,9.0,rural,0.940149625935162,0.0,0
46065,14.7,0.0,1.4,17732,78981,9.2,0.5,23.912816684308677,7.0,rural,0.6546184738955824,118.42995713963455,0
46067,2.7,0.0,0.0,7393,74459,10.0,0.1,9.093332677614649,8.0,rural,0.7944459569833924,0.0,0
46069,7.9,0.0,0.2,1305,74279,8.2,0.0,1.5163321843625388,9.0,rural,0.7817109144542773,353.4704370179948,0
46071,63.1,0.0,0.4,2826,26686,37.5,0.0,1.516189997903994,9.0,rural,0.6783783783783783,566.1712668082095,0
46073,4.7,0.2,6.7,1845,75417,10.4,0.3,3.5067203259973665,9.0,rural,0.7195121951219512,54.200542005420054,0
46075,15.0,0.0,0.0,1030,64688,15.8,0.1,1.0622149461812391,9.0,rural,0.888268156424581,353.4704370179948,0
46077,2.5,1.1,0.2,5210,70221,9.7,0.1,6.260237005322355,9.0,rural,0.7235358312113496,172.7447216890595,0
46079,3.7,0.9,1.3,11052,73792,9.4,0.3,19.63436673443016,6.0,suburban,0.6587890288080042,144.77017734346725,0
46081,4.0,0.3,0.6,26574,66766,11.8,0.5,33.215305984310945,6.0,suburban,0.6612364801709173,165.5753744261308,0
46083,1.6,0.1,1.0,68286,96552,5.8,0.2,118.28654485019828,2.0,urban,0.6353856524914331,257.739507366078,0
46085,41.5,0.0,0.5,3717,61169,24.6,0.2,2.263309919512466,9.0,rural,0.7017667844522968,353.4704370179948,0
46087,2.9,0.0,1.2,5732,80847,7.4,0.1,9.982492443410946,2.0,urban,0.7523648648648649,366.364270760642,0
46089,1.7,0.0,0.0,2278,62024,12.6,0.0,2.0041033312869567,9.0,rural,0.8525490196078431,614.5741878841089,0
46091,9.2,0.2,0.5,4355,72500,7.9,0.2,5.196392421912608,9.0,rural,0.6222222222222222,275.5453501722158,0
46093,4.7,0.8,0.6,30297,74161,7.6,1.0,8.728775088513947,3.0,urban,0.7609029913335197,561.1116612205828,0
46095,67.4,0.0,0.0,2043,51364,46.2,0.0,1.562749532209929,9.0,rural,0.6036161335187761,353.4704370179948,0
46097,2.6,0.5,0.6,2299,72589,10.3,0.0,4.03212909884174,8.0,rural,0.7416225749559083,130.49151805132666,0
46099,3.7,0.3,3.2,200689,76074,8.8,0.6,248.73435157040566,2.0,urban,0.5649430610799324,96.66698224616198,0
46101,15.4,0.4,1.9,6371,77500,9.9,0.4,12.26656958307841,8.0,rural,0.6628205128205128,47.08836917281432,0
46102,92.3,0.4,0.3,13587,34769,52.8,0.3,6.489774644122665,9.0,rural,0.713488819427747,353.4704370179948,0
46103,12.4,0.6,1.0,112081,70768,12.0,1.1,40.36387532391744,3.0,urban,0.6358336360334181,341.7171509890169,0
46105,4.0,0.0,0.1,3058,65455,11.7,0.6,1.0653344945256709,9.0,rural,0.8547770700636943,392.41334205362983,0
46107,3.6,0.0,0.0,2430,71726,7.7,0.0,2.8218481893557357,9.0,rural,0.8318931657501963,353.4704370179948,0
46109,39.3,0.1,1.0,10219,63691,17.3,0.3,9.28109519620896,9.0,rural,0.6170839469808542,205.49955964380075,0
46111,2.2,0.7,0.4,2370,69870,11.4,0.1,4.16343371038054,9.0,rural,0.781986531986532,353.4704370179948,0
46115,0.5,0.0,1.3,6283,73011,9.2,0.3,4.17891953359261,9.0,rural,0.6996086105675147,302.403310520452,0
46117,6.1,0.0,1.0,3012,77000,2.1,0.3,2.0852492632532775,9.0,rural,0.7381370826010545,398.40637450199205,0
46119,1.1,0.0,0.0,1481,70250,7.9,0.0,1.471103851456533,9.0,rural,0.8099547511312217,353.4704370179948,0
46121,87.1,0.0,1.0,9293,39148,49.0,0.1,6.692385432548832,9.0,rural,0.24044508950169327,353.4704370179948,0
46123,16.1,0.0,0.3,5607,58854,18.9,0.1,3.4776650752680136,9.0,rural,0.8206106870229007,160.51364365971108,0
46125,1.5,0.2,2.4,8772,75283,8.5,0.5,14.215705172093841,2.0,urban,0.7636939791760978,353.4704370179948,0
46127,2.3,0.0,0.7,16916,84137,7.3,0.6,36.713514646493245,3.0,urban,0.707395498392283,135.96594939702058,0
46129,19.6,0.3,0.6,5298,62722,15.3,0.0,7.488812421957341,9.0,rural,0.8013217678645188,56.62514156285391,0
46135,4.8,0.4,1.4,23379,73855,9.4,0.4,44.85703808519964,7.0,rural,0.6313490933257382,132.5976303520253,0
46137,72.0,0.0,0.0,2410,47333,38.2,0.0,1.2288095729306714,9.0,rural,0.5145888594164456,353.4704370179948,0
47001,1.6,0.3,0.8,78175,63171,14.8,0.8,231.83148025546706,2.0,urban,0.680809815271277,386.3127598337064,0
47003,2.0,0.5,4.3,51291,62197,13.6,1.2,108.29130282888768,4.0,suburban,0.792801849803961,423.07617320777524,0
47005,2.1,0.2,1.2,15948,50435,18.5,0.8,40.445724616269665,9.0,rural,0.8171595168679717,689.741660396288,0
47007,1.1,0.9,0.2,14905,49655,25.0,0.7,36.661676625977435,8.0,rural,0.8550040683482506,241.529688024153,0
47009,1.0,0.3,1.2,137747,74607,8.9,0.7,246.49625083783454,2.0,urban,0.7416146160935009,495.83656994344705,0
47011,1.2,1.3,2.1,109743,63789,13.1,1.2,333.8070079473315,3.0,urban,0.7976503450542228,459.25480440665916,0
47013,1.1,0.3,0.4,39568,50260,19.2,0.3,82.40078823965779,2.0,urban,0.8505188067444877,310.8572583906187,0
47015,1.4,0.1,0.2,14661,58092,16.5,0.1,55.1922039251397,1.0,urban,0.8338714411505723,122.77470841006752,0
47017,1.0,0.1,0.3,28461,50391,16.4,1.1,47.62091502016723,6.0,suburban,0.8104414261460102,231.89627911879415,0
47019,1.0,0.2,1.2,56462,48435,18.0,0.5,165.45235114337052,3.0,urban,0.8190975183786199,931.6000141688214,0
47021,1.5,0.8,0.9,41500,82015,8.1,1.0,137.19095192155385,1.0,urban,0.73282480074324,696.3855421686746,0
47023,0.8,0.3,0.4,17452,60543,15.6,0.8,61.07730601061944,3.0,urban,0.8283502402562734,389.64015585606234,0
47025,1.2,0.3,0.6,32221,46587,18.2,0.3,74.13874115477792,6.0,suburban,0.8532827154979902,353.4704370179948,0
47027,1.1,0.0,1.7,7621,44712,21.7,0.0,32.22010397809181,8.0,rural,0.8354328598231038,118.09473822333027,0
47029,1.3,0.8,0.7,36503,48416,20.3,0.7,83.69655460936619,6.0,suburban,0.8443943298969072,1084.8423417253377,0
47031,1.0,0.8,1.8,58940,60656,16.1,1.9,137.400963182702,4.0,suburban,0.7789875680507029,666.779776043434,0
47033,2.9,0.1,1.6,13937,59049,14.8,0.1,52.48783436090939,3.0,urban,0.796252129471891,538.1358972519193,0
47035,1.0,0.5,0.7,62529,58475,13.4,0.5,91.77810058619268,4.0,suburban,0.7965983427823812,614.1150506165139,0
47037,1.3,0.7,5.5,709846,75664,13.9,1.4,1409.8879058675402,1.0,urban,0.3599067992876199,353.4704370179948,0
47039,0.9,0.4,0.7,11499,46190,21.6,1.1,34.44065512210202,9.0,rural,0.8487534626038781,652.2306287503261,0
47041,1.1,0.4,0.7,20551,48484,21.4,0.4,67.50983749567519,8.0,rural,0.8166577109081139,408.73923410053044,0
47043,1.4,0.2,0.8,55197,73223,9.9,0.6,112.67008236072022,1.0,urban,0.7626730885009031,625.0339692374586,0
47045,1.3,0.1,0.8,36681,54973,17.9,0.5,71.59354766390373,6.0,suburban,0.8108315863032844,346.22829257653825,0
47047,1.0,0.1,0.7,42653,84764,10.8,0.4,60.580412584873855,1.0,urban,0.7137502129834725,555.6467305933932,0
47049,1.3,0.1,0.4,18948,50865,20.9,0.9,38.00189027370168,8.0,rural,0.8815952184666117,1219.1260291323622,0
47051,1.4,0.3,1.2,43478,61553,12.7,0.5,78.40974449266928,7.0,rural,0.7682783320542338,177.10106260637562,0
47053,2.7,0.2,0.6,50610,59009,13.4,0.3,83.96583933843527,3.0,urban,0.7621934160216357,229.2037146808931,0
47055,2.6,0.0,0.6,30442,61476,14.3,0.3,49.828840285003025,6.0,suburban,0.7775284260921603,742.3953748111162,0
47057,0.8,0.0,0.3,23929,51351,16.4,1.1,85.2820717270148,2.0,urban,0.8705478213704574,509.84161477704873,0
47059,1.1,0.4,0.6,70919,54071,15.2,0.5,113.98675570181459,4.0,suburban,0.8325794800039048,913.7184675474837,0
47061,2.9,0.0,0.7,13665,45573,19.2,0.2,37.91157082245762,8.0,rural,0.8490926456542502,1068.4229784120016,0
47063,1.1,1.1,3.0,64930,52794,17.2,1.2,402.82040415162265,3.0,urban,0.7970418413351261,577.5450485137841,0
47065,1.1,0.6,3.8,370913,72568,12.5,1.1,684.1347003535582,2.0,urban,0.566298825393866,260.708036655496,0
47067,0.7,0.0,0.2,6790,31995,31.5,0.3,30.541039084515905,8.0,rural,0.8845089903181189,1443.298969072165,0
47069,2.9,0.2,0.5,25477,46173,17.3,0.3,38.15250172544552,6.0,suburban,0.6215665236051502,682.9689523884288,0
47071,1.0,0.5,1.0,26939,49149,20.8,0.7,46.64867172621093,6.0,suburban,0.8579644911227807,913.1742083967482,0
47073,1.1,0.2,0.4,57446,55278,17.1,0.2,117.94547790041129,2.0,urban,0.8469658004836296,530.9333983219022,0
47075,1.0,0.1,1.3,17672,43513,22.8,0.5,33.14904995015113,6.0,suburban,0.49810519933303016,758.2616568583069,0
47077,0.8,0.1,0.5,27906,53471,16.8,0.6,53.6644705938452,6.0,suburban,0.8413016270337922,741.7759621586755,0
47079,1.2,0.2,0.7,32345,48540,18.3,1.0,57.56338439656216,7.0,rural,0.7796848809922896,596.6919152882981,0
47081,2.5,0.1,0.9,25229,57223,14.1,0.7,41.191320750974974,1.0,urban,0.8076810319554383,903.7219073288676,0
47083,1.4,1.0,0.3,8293,54475,13.8,0.8,41.404206595788644,8.0,rural,0.7945241892610314,723.5017484625588,0
47085,1.1,0.2,0.8,19074,59333,13.7,0.5,35.936973232735056,8.0,rural,0.7836414840210604,592.4294851630492,0
47087,1.6,0.0,1.1,11882,41475,20.7,0.7,38.476766039347915,8.0,rural,0.8151439744045503,715.3677832014813,0
47089,1.1,0.3,0.5,55835,63084,11.5,1.2,202.92437628876115,3.0,urban,0.8239020765711157,642.9658816154741,0
47091,4.1,0.1,2.0,18073,52152,22.1,0.4,60.55822484412817,8.0,rural,0.8492724785474444,901.8978586842251,0
47093,1.1,0.5,2.5,487401,71662,12.2,1.0,958.8375102140567,2.0,urban,0.5991590749824808,550.0604225268311,0
47095,3.5,0.3,1.1,6691,30500,32.3,1.4,40.35949591940836,9.0,rural,0.7767950052029137,358.69077865789865,0
47097,1.1,0.2,0.1,24933,49205,18.7,0.3,52.83587227794635,6.0,suburban,0.6866162847391516,906.429230337304,0
47099,1.3,0.3,0.5,44901,53233,15.3,0.4,72.75777686297918,6.0,suburban,0.8482548533663775,216.0308233669629,0
47101,2.9,0.9,1.2,12784,49477,15.9,0.8,45.318560153273886,8.0,rural,0.830395344857094,516.270337922403,0
47103,1.9,0.3,0.8,35617,63115,12.4,1.0,62.44848671006955,6.0,suburban,0.8260162601626017,561.5296066485105,0
47105,1.1,0.6,2.5,56996,80296,12.6,1.0,248.59571410997546,2.0,urban,0.7678913883900034,359.67436311320097,0
47107,1.4,0.2,1.0,54135,59674,13.3,0.8,125.86116967098641,4.0,suburban,0.8238274706867672,557.8645977648471,0
47109,1.1,0.2,0.9,25933,50714,16.1,0.3,46.075120740113455,8.0,rural,0.8453063418129703,694.0963251455674,0
47111,0.9,0.3,0.9,25793,56269,15.2,0.3,83.9769987066208,1.0,urban,0.8752320468978994,220.99019113713024,0
47113,1.8,0.3,1.4,98845,58189,18.6,0.7,177.40419844320036,3.0,urban,0.5920253164556962,310.58728312003643,0
47115,2.0,0.1,0.2,29010,58103,16.9,0.3,58.22327691644997,2.0,urban,0.7809468654987693,379.17959324370906,0
47117,1.5,0.0,0.8,35276,70829,14.2,0.5,93.95356355941863,6.0,suburban,0.7856600910470409,206.93956230865177,0
47119,1.2,0.9,1.4,104855,74162,9.9,0.6,171.01632295877903,1.0,urban,0.7254517575357621,311.85923418053505,0
47121,2.0,0.1,0.4,13076,58395,14.3,0.2,67.00997386944807,8.0,rural,0.8400792995208988,1032.425818293056,0
47123,1.7,0.4,0.5,47054,56648,16.1,0.6,74.01058114827705,6.0,suburban,0.8369928616607933,1071.1097887533472,0
47125,2.3,2.8,2.7,227957,72365,11.6,3.7,422.7930764209342,2.0,urban,0.5934981559896189,250.4858372412341,0
47127,1.5,0.3,0.1,6611,66687,11.3,1.0,51.15980420150479,9.0,rural,0.8495280399777901,756.3152321887763,0
47129,1.1,0.2,0.3,21193,57408,18.8,0.2,40.585631157487185,2.0,urban,0.8757222025704516,750.2477233048648,0
47131,0.9,0.2,0.7,30570,53102,17.0,0.5,56.10741832717593,7.0,rural,0.8267145197784193,474.32122996401705,0
47133,1.1,0.1,1.0,22807,46159,18.0,0.1,52.61281152738072,9.0,rural,0.8240226009295544,526.1542508878853,0
47135,1.5,0.0,1.6,8561,50489,17.7,0.4,20.640611870718978,9.0,rural,0.8490668109277792,478.9160144842892,0
47137,2.4,0.0,0.4,5062,44591,25.8,0.0,31.060916910390038,9.0,rural,0.8336748633879781,353.4704370179948,0
47139,1.5,0.2,0.6,17702,60227,13.3,0.8,40.73120677897863,3.0,urban,0.8433818433818434,1191.9557112190712,0
47141,1.6,0.6,4.6,81366,56537,16.9,0.8,202.85394804759326,4.0,suburban,0.7397307859313939,307.25364402821816,0
47143,1.8,0.1,2.1,33299,58133,15.3,0.6,105.55262084950971,6.0,suburban,0.8381632367352653,417.42995285143695,0
47145,1.7,0.2,0.5,54403,66218,12.7,0.9,150.79755691275724,2.0,urban,0.775771673312657,358.43611565538663,0
47147,1.2,0.6,1.9,74291,78439,10.2,1.0,155.96352902045285,1.0,urban,0.7570341328413284,253.05891696167774,0
47149,1.0,1.1,4.4,351591,82588,9.2,1.7,567.7539589134957,1.0,urban,0.6105233489382471,191.13117229963225,0
47151,2.0,0.1,0.0,21969,42679,24.9,0.2,41.27179428246807,8.0,rural,0.9013612565445026,327.73453502662846,0
47153,1.4,0.5,2.6,16409,52260,23.6,0.3,61.72255118435719,2.0,urban,0.8346557460967494,822.7192394417698,0
47155,1.2,0.5,4.9,98802,63829,13.6,0.8,166.75096274084325,4.0,suburban,0.8088171104321257,504.03837978988275,0
47157,1.0,0.3,3.2,922195,62337,17.5,0.9,1211.4013863714188,1.0,urban,0.3708322418890095,356.75751874603526,0
47159,1.2,0.1,0.5,20196,62799,13.3,0.5,64.25808331173774,1.0,urban,0.8275675675675676,371.3606654783125,0
47161,1.9,0.0,1.1,13859,62052,12.0,1.5,30.142935253549407,2.0,urban,0.822873721178806,743.1993650335522,0
47163,0.9,0.3,0.6,159693,56802,14.9,0.5,386.1575980746354,2.0,urban,0.7776886249966568,582.9936190064686,0
47165,1.0,0.8,2.1,200553,86005,9.0,1.0,378.79228810936996,1.0,urban,0.7115716931737047,157.06571330271797,0
47167,1.3,0.3,0.3,61339,71736,11.6,0.9,134.63021469272502,1.0,urban,0.7667006532985915,493.97610003423597,0
47169,1.9,0.1,2.8,11805,63190,10.3,0.2,103.24319378826594,1.0,urban,0.7969157769869514,353.4704370179948,0
47171,1.5,0.2,1.3,17779,50381,14.2,0.0,95.55326469062335,3.0,urban,0.8133427963094393,236.23375892907364,0
47173,1.3,1.2,0.3,20141,61858,13.9,0.8,90.0827853440424,2.0,urban,0.8586046511627907,809.294473958592,0
47175,3.8,0.2,0.0,6293,60281,13.8,0.2,23.01626804342084,9.0,rural,0.838371375694016,635.6268870173209,0
47177,1.0,0.4,0.9,41587,54088,15.3,1.0,96.11636056822454,6.0,suburban,0.7834194429597957,682.9057157284728,0
47179,1.0,0.4,2.0,134693,61051,15.8,1.1,412.4750591494216,3.0,urban,0.6999669038557008,476.63946901472235,0
47181,3.4,0.1,0.5,16251,52824,18.5,0.7,22.137035455234713,8.0,rural,0.8875774564768368,307.6733739462187,0
47183,0.9,0.4,0.1,32959,49502,19.3,0.8,56.79128156201694,6.0,suburban,0.7945876677219961,321.6116993840833,0
47185,2.2,0.5,1.0,27764,52206,14.7,0.6,73.70747387424798,7.0,rural,0.8358290438309156,403.40008644287565,0
47187,1.0,0.6,2.0,254609,131202,4.5,1.2,436.8232985855704,1.0,urban,0.6647265160941114,139.82223723434757,0
47189,1.1,0.6,2.3,153587,94048,7.6,1.0,268.93776509977516,1.0,urban,0.7028525161933233,252.62554773515987,0
48001,3.9,0.5,2.5,57825,58846,17.1,1.1,54.417548321043924,7.0,rural,0.8114413741598208,353.4704370179948,0
48003,1.1,0.3,3.9,18518,76902,14.2,1.0,12.339692679866983,6.0,suburban,0.8699510121083279,372.6104330921266,0
48005,4.7,0.4,2.5,86791,58847,16.3,1.1,108.77905691083974,5.0,suburban,0.7672032028760519,748.9255798412278,0
48007,2.7,0.1,2.6,24449,61754,18.7,1.4,96.99340435583771,2.0,urban,0.7807631425476964,621.7023191132562,1
48009,3.0,0.3,1.1,8734,71958,11.7,0.6,9.669107481547602,3.0,urban,0.898718798321184,114.4950767117014,0
48011,1.2,0.0,1.8,1883,68462,5.8,0.8,2.071227040092797,2.0,urban,0.9313432835820895,477.9607010090282,0
48013,1.9,0.5,5.2,50058,69413,16.1,1.0,41.04655129459653,1.0,urban,0.7213416536661467,1012.8251228574853,1
48015,1.1,0.5,2.5,30712,75994,14.5,0.9,47.50535146729817,1.0,urban,0.8188807112147489,485.1523834331857,1
48017,0.0,0.1,5.6,7044,70625,13.6,3.3,8.517823473855513,6.0,suburban,0.815861130020422,312.32254400908573,0
48019,2.5,0.6,4.1,21589,69703,16.1,1.6,27.293521773346797,1.0,urban,0.8118533964231294,653.1103802862569,1
48021,3.6,0.9,7.0,102370,82730,12.4,1.1,115.25193520662955,1.0,urban,0.5910472545101461,1048.158640226629,0
48023,0.4,0.0,1.4,3464,42313,20.8,1.4,3.9931726060539345,9.0,rural,0.8926572275271649,86.60508083140878,0
48025,3.7,0.5,5.6,31000,56075,17.0,0.7,35.21769331928594,6.0,suburban,0.7011607318512689,409.6774193548387,1
48027,2.6,4.8,3.6,379811,66051,14.6,5.0,360.4099228865757,2.0,urban,0.5814824970295219,153.760686236049,0
48029,2.9,1.7,8.0,2037344,70571,14.7,2.6,1642.5889779795903,1.0,urban,0.4466894123200936,357.5243061554652,0
48031,3.1,0.1,2.0,12008,87564,8.7,1.2,16.93051768608342,8.0,rural,0.7635496183206106,566.2891405729514,0
48033,1.4,0.0,0.0,723,64250,4.8,1.0,0.8056224129612919,9.0,rural,0.9609826589595376,2074.688796680498,0
48035,1.7,0.2,1.1,18546,69339,9.1,0.8,18.867286101305552,2.0,urban,0.8397585909594778,307.3439016499515,0
48037,1.5,0.2,1.5,92321,59295,16.3,0.6,104.32468060939907,3.0,urban,0.744760923201849,251.29710466741045,0
48039,1.5,1.2,4.3,381650,95155,7.3,1.6,279.95179261194176,1.0,urban,0.5994061681669739,364.7320843704965,1
48041,1.6,0.5,3.8,237980,58388,23.9,1.6,406.01347032860457,2.0,urban,0.629060121231359,68.07294730649635,0
48043,3.2,0.4,7.5,9464,52612,8.4,4.7,1.5304596795139322,7.0,rural,0.5668150031786395,179.62806424344885,1
48045,0.3,0.0,0.7,1223,41188,15.3,0.0,1.3588878547069407,8.0,rural,0.9022257551669316,408.8307440719542,0
48047,0.1,0.0,7.7,6987,31310,30.7,0.2,7.406547362774805,9.0,rural,0.43728135932033985,300.55817947617004,1
48049,1.6,0.3,2.6,38294,55305,14.5,0.5,40.54625054600443,5.0,suburban,0.8749399079733535,621.5072857366689,0
48051,2.6,0.1,3.2,18327,72888,12.6,0.4,27.806844466945652,2.0,urban,0.8207478890229192,491.0787362907186,0
48053,2.3,0.2,3.1,51064,77158,8.0,1.0,51.330918553342926,6.0,suburban,0.7806911125895198,389.70703430988567,0
48055,2.4,0.8,4.4,47184,68503,13.9,1.6,86.64909632314053,1.0,urban,0.5727713004484305,402.6788741946423,0
48057,1.4,0.5,6.8,19921,71870,8.7,0.6,39.29725303001733,6.0,suburban,0.7573955589010162,316.2491842778977,1
48059,1.5,0.1,0.5,14017,68455,10.1,1.1,15.58531649288184,3.0,urban,0.8916935483870968,485.125205108083,0
48061,1.0,0.3,4.6,423192,51334,24.4,1.2,474.5797778648361,2.0,urban,0.5233522803164097,220.70360498308096,1
48063,2.5,0.0,0.7,12652,55061,22.4,1.6,64.60132649275327,8.0,rural,0.776093916755603,442.6177679418274,0
48065,2.6,0.0,3.0,5802,84583,7.2,0.3,6.3049125189823005,2.0,urban,0.9043180521209816,396.41502930024126,0
48067,1.6,0.0,1.0,28582,54328,17.3,0.3,30.50543692021186,6.0,suburban,0.8333466071997452,353.4704370179948,0
48069,1.9,0.7,9.6,7328,63485,14.0,0.7,8.19279532517976,9.0,rural,0.7981823879661548,95.52401746724891,0
48071,0.8,0.2,3.0,49178,108114,13.1,1.3,82.36194764487895,1.0,urban,0.8357989464442493,1488.4704542681686,1
48073,2.6,0.1,1.4,51143,59830,17.9,0.7,48.57093136244323,6.0,suburban,0.8177252910987253,561.1716168390592,0
48075,2.7,0.0,7.4,6772,60333,9.8,0.4,9.722749800980859,9.0,rural,0.8879719929982496,88.60011813349084,0
48077,2.3,0.0,0.6,10402,77355,10.4,1.8,9.554000215611216,3.0,urban,0.8992947521261149,644.1069025187464,0
48079,1.3,0.0,4.4,2520,42137,27.3,1.2,3.2512678197933944,2.0,urban,0.8356741573033708,317.46031746031747,0
48081,2.4,0.0,2.9,3315,46431,14.1,0.4,3.6362784896475824,8.0,rural,0.9019417475728155,603.3182503770739,0
48083,1.9,0.0,1.5,7765,52364,15.0,0.5,6.148476993228279,8.0,rural,0.8973759418030657,353.4704370179948,0
48085,1.5,0.7,4.3,1116601,117588,6.3,1.7,1327.2847176877203,1.0,urban,0.5575094516233606,40.30087739487964,0
48087,10.6,0.0,5.6,2733,60165,26.2,0.9,2.9756957606079366,9.0,rural,0.8858114674441205,109.76948408342481,0
48089,1.6,0.0,3.6,20736,68554,10.7,0.3,21.593450665230662,8.0,rural,0.7891861447479583,766.7824074074074,1
48091,1.8,0.9,4.0,174552,99015,6.4,1.7,311.9628704906541,1.0,urban,0.7306567583431158,462.89930794261886,0
48093,2.8,0.0,1.6,13786,59946,14.1,0.5,14.701100504964216,9.0,rural,0.8745121845460064,602.0600609313797,0
48095,1.3,0.0,8.6,3301,59632,13.3,0.0,3.3555099325693294,8.0,rural,0.8764219234746639,363.52620418055136,0
48097,1.8,0.5,2.2,42473,72472,14.1,1.7,48.550205638498284,6.0,suburban,0.8359237578938262,221.3170720222259,0
48099,5.4,3.7,3.4,83772,68904,9.9,5.5,79.61248001808741,2.0,urban,0.7039185847441507,68.04182781836413,0
48101,5.6,0.0,4.4,1302,58819,22.8,0.7,1.4457614750350705,9.0,rural,0.8706467661691543,353.4704370179948,0
48103,0.8,0.0,0.3,4623,59915,8.2,0.4,5.888653471012205,8.0,rural,0.8744106300900129,1059.9178022928836,1
48105,0.1,0.0,0.0,2881,81739,3.3,4.2,1.0262443113999915,8.0,rural,0.7723250201126307,1041.3051023950018,1
48107,1.8,0.3,8.1,5072,52197,22.1,1.9,5.634312798347296,2.0,urban,0.7584345479082322,729.4952681388013,0
48109,2.8,0.0,6.0,2181,42672,17.7,2.8,0.5721171468608844,9.0,rural,0.571658615136876,0.0,1
48111,5.1,0.0,2.3,7180,72332,10.0,1.2,4.776691611316421,7.0,rural,0.8990323937736643,0.0,0
48113,2.0,0.6,7.5,2603816,74149,14.0,1.4,2981.9244399738773,1.0,urban,0.3838463548049136,8.02668084073529,0
48115,1.8,0.1,3.2,12311,55789,17.7,0.4,13.67424125048039,6.0,suburban,0.8153465346534653,276.17577775972705,0
48117,1.9,0.7,3.2,18487,54114,15.8,0.3,12.350835919157419,6.0,suburban,0.7716684723726978,297.50635581760156,0
48119,4.5,0.2,0.2,5345,62855,14.0,0.3,20.81124153719697,8.0,rural,0.8509882300688429,561.2722170252572,0
48121,2.1,1.1,4.3,945644,108185,7.0,1.7,1076.1875341805003,1.0,urban,0.5682305284612914,58.478666390311794,0
48123,2.1,0.3,4.5,19853,64014,15.9,0.4,21.841052056872254,6.0,suburban,0.8387590124535722,347.5545257643681,1
48125,2.0,0.0,8.0,1641,50417,14.5,0.2,1.8198471296344694,8.0,rural,0.8640538885486834,353.4704370179948,0
48127,1.9,0.0,7.4,8507,33409,44.8,0.5,6.401608193142764,7.0,rural,0.47474747474747475,2503.820383213824,1
48129,0.5,0.7,0.8,3276,56648,8.3,0.0,3.5338404177797518,8.0,rural,0.8985742060920285,915.7509157509157,0
48131,1.3,0.1,4.7,9824,50081,29.0,0.2,5.477627430114262,9.0,rural,0.5437645236250969,1170.6026058631921,1
48133,1.8,0.0,2.5,17846,51741,14.6,0.2,19.26157070597037,8.0,rural,0.8895726495726496,431.4692368037655,0
48135,2.0,0.4,3.4,163206,71031,15.3,1.4,181.7673837902892,3.0,urban,0.7650447089801964,281.85238287808045,0
48137,1.4,0.1,0.1,1392,38500,25.3,0.1,0.6572635267483116,9.0,rural,0.8750709823963657,1436.7816091954023,1
48139,3.3,0.5,2.9,203927,95898,8.1,0.9,217.93958332472528,1.0,urban,0.6579985862420198,250.57986436322804,0
48141,2.0,1.0,4.0,866275,58859,18.9,2.2,854.7439293698942,2.0,urban,0.41438792512006273,148.91345127124757,1
48143,2.3,0.5,2.5,43244,65351,15.9,1.3,39.92324048689082,5.0,suburban,0.8438783642940347,205.808898344279,0
48145,1.9,0.2,1.4,17063,55372,14.6,1.1,22.290150372892054,2.0,urban,0.7223949453414903,353.4704370179948,0
48147,3.0,0.1,1.3,36525,68377,14.2,0.4,41.000876603674044,6.0,suburban,0.839406779661017,468.1724845995893,0
48149,1.2,0.0,0.4,24783,76541,8.8,0.2,26.08919009743859,6.0,suburban,0.8105253776569672,351.0470887301779,1
48151,3.7,0.0,1.6,3661,64700,10.3,0.5,4.072525053447329,8.0,rural,0.8243372724369211,464.3540016388965,0
48153,1.4,0.0,4.1,5294,55461,18.1,0.6,5.335927037271276,8.0,rural,0.8338343809784095,1303.3622969399319,0
48155,4.4,0.6,1.2,1079,42212,20.9,0.0,1.5318076649243542,9.0,rural,0.8417849898580122,0.0,0
48157,1.5,0.6,8.1,859721,113409,7.2,1.7,997.6188828533124,1.0,urban,0.4911876351601428,699.645582694851,1
48159,1.3,0.0,1.3,10522,66800,11.1,1.3,36.99832647991303,9.0,rural,0.8484390191206654,399.1636570994108,0
48161,1.4,0.1,2.0,19813,58460,14.3,0.7,22.572984899657406,9.0,rural,0.8340348011809787,413.8696815222329,0
48163,1.1,0.2,15.9,18019,60098,19.6,1.1,15.896769162124713,6.0,suburban,0.6170239918325676,366.28003773794325,1
48165,0.6,0.2,3.2,21904,76605,7.4,1.8,14.579698181317516,6.0,suburban,0.920490093847758,397.1877282688094,0
48167,1.8,1.0,5.2,354721,85348,11.2,1.7,934.9253434918169,1.0,urban,0.6402520487569726,150.25893589609862,1
48169,1.3,0.5,6.0,5435,50545,14.0,1.0,6.0833915030285475,2.0,urban,0.8680479825517994,717.5712971481141,0
48171,2.0,0.1,2.7,27202,67799,9.5,0.8,25.705860124690865,7.0,rural,0.8020191069855681,99.25740754356298,0
48173,4.9,0.0,0.0,1070,106806,8.5,2.5,1.1886014637469695,8.0,rural,0.9428076256499134,3831.7757009345796,0
48175,1.7,0.0,1.5,7096,59556,9.2,0.4,8.328530017020737,3.0,urban,0.802291847983754,605.9751972942503,1
48177,1.4,0.5,3.1,19764,59355,14.5,0.6,18.528408526212267,6.0,suburban,0.7816464821222606,576.8063145112326,1
48179,3.1,0.2,3.1,21131,56082,16.3,0.4,22.820294895939085,6.0,suburban,0.8905225062203121,104.1124414367517,0
48181,3.1,0.2,2.3,139988,70455,11.1,0.9,150.06771580869207,3.0,urban,0.7744386233849367,228.5910220876075,0
48183,1.9,0.2,1.7,124860,64809,17.0,0.9,456.72612526898456,2.0,urban,0.7189754176157934,229.05654332852797,0
48185,3.7,0.1,2.1,30385,67080,13.3,1.1,38.585784832572465,6.0,suburban,0.8066641953951975,677.9661016949152,1
48187,2.1,1.4,4.6,178368,93776,8.8,2.6,250.7803712202439,1.0,urban,0.648816329712593,353.4704370179948,0
48189,3.0,0.7,9.2,32247,52788,19.0,0.8,32.09678495644493,4.0,suburban,0.7987359028380221,353.4704370179948,0
48191,5.9,0.0,9.2,2827,46728,16.4,0.5,3.199802825626264,9.0,rural,0.8704474505723205,70.74637424831977,0
48193,1.2,0.0,0.4,8320,55339,18.4,0.3,9.953170464032626,8.0,rural,0.8616829644879053,264.42307692307696,0
48195,2.3,1.3,1.5,5182,68299,7.8,3.8,5.633772942826029,9.0,rural,0.9304549405969285,250.86839058278656,0
48197,6.3,2.0,2.8,3529,61179,12.8,0.7,5.07686398460046,9.0,rural,0.8651102464332037,113.34655709832815,0
48199,1.7,0.2,1.7,57126,72532,12.3,0.7,64.14499358118086,2.0,urban,0.8819761579977463,385.1136085145118,1
48201,2.1,0.8,12.0,4758579,73104,15.9,1.7,2787.6583333326053,1.0,urban,0.471148830566126,855.6335830507385,1
48203,1.8,0.1,1.0,69584,66040,17.4,0.8,77.31052354934346,2.0,urban,0.7592153717140044,628.0179351575075,0
48205,2.2,0.3,1.8,5307,82122,6.8,0.4,3.6300808163058247,9.0,rural,0.9202247191011236,37.68607499528924,0
48207,2.7,0.5,2.7,5390,54044,14.2,1.2,5.968113026530495,8.0,rural,0.8604346687614559,166.97588126159556,0
48209,2.5,0.8,5.4,256429,85827,12.0,1.8,378.8553504202518,1.0,urban,0.46969006181228357,467.9657917006267,0
48211,1.3,0.0,0.8,3311,72052,3.5,1.5,3.6533720306778954,9.0,rural,0.8798586572438163,604.0471156750227,0
48213,2.1,0.2,1.3,83658,63955,14.2,0.7,95.74339293676397,4.0,suburban,0.8192483826415643,745.8939969877358,0
48215,0.8,0.3,3.9,880921,52281,27.2,1.3,560.6695476726923,2.0,urban,0.507297640715684,388.45708071438867,1
48217,1.9,0.3,1.5,36664,63147,14.2,0.7,38.237163326790494,6.0,suburban,0.8245771487745944,531.8568623172595,0
48219,1.7,0.1,5.2,21455,54810,12.6,0.9,23.618663166383257,2.0,urban,0.8363125270289751,279.65509205313447,0
48221,1.4,0.4,1.6,64198,86802,8.2,1.0,152.58414809429215,4.0,suburban,0.8329264249329354,669.8027975949407,0
48223,1.7,0.1,1.2,37351,64725,12.3,0.4,48.67017228892512,6.0,suburban,0.8287266553480476,88.35104816470776,0
48225,3.2,0.3,1.6,22042,54563,16.3,0.6,17.905807927372308,7.0,rural,0.7757262587434621,539.8784139370293,0
48227,1.6,0.7,7.2,33127,71457,15.1,0.9,36.77543782045872,4.0,suburban,0.8208287324925903,1002.2036405349112,0
48229,5.1,1.0,7.9,3331,39336,19.0,1.1,0.7288016159797047,2.0,urban,0.7561151079136691,210.14710297208046,1
48231,2.2,0.5,2.1,104917,70112,12.4,1.5,124.83865698178757,1.0,urban,0.7802483974358975,575.6931669796124,0
48233,5.0,0.1,2.4,20413,65470,11.6,1.7,23.00252308190819,6.0,suburban,0.8928155605780426,205.75123695684124,0
48235,0.3,0.0,0.0,1432,58125,7.5,0.3,1.3618072500938267,3.0,urban,0.889386189258312,1117.31843575419,1
48237,2.0,0.3,1.7,8623,65693,13.5,0.6,9.465717463329892,8.0,rural,0.9110220440881763,336.30986895512,0
48239,1.1,0.0,2.4,15081,61752,14.1,1.5,18.182088125253312,6.0,suburban,0.8612675426834718,377.95902128506066,1
48241,1.1,0.0,1.0,32807,49919,22.2,0.5,34.95107260991809,6.0,suburban,0.8367943009795191,463.31575578382666,1
48243,2.2,0.0,0.9,1740,32625,31.2,0.3,0.7683626546265524,9.0,rural,0.6054554310764735,353.4704370179948,1
48245,1.3,0.4,4.2,253939,59934,18.8,0.9,289.64182320395133,2.0,urban,0.5488105160686904,141.76632970910336,1
48247,0.0,0.0,1.9,4797,42230,31.4,0.9,4.222068052996148,8.0,rural,0.43993820007724993,625.3908692933084,1
48249,1.3,0.1,6.5,38863,47492,23.2,0.5,44.91918766292937,6.0,suburban,0.5732439110483586,607.2614054499138,1
48251,1.8,0.6,2.1,188820,81826,10.7,1.0,260.4233306182044,1.0,urban,0.7608069362413108,315.1149242664972,0
48253,4.1,0.4,3.1,19968,63472,12.6,0.5,21.503214742676082,3.0,urban,0.8697645155491641,290.4647435897436,0
48255,3.8,0.6,4.2,14819,59103,21.3,0.5,19.818058917464985,8.0,rural,0.7935103244837758,519.6032120925838,1
48257,2.2,0.8,2.6,160718,88606,9.7,1.1,205.86619717166843,1.0,urban,0.6425817553143998,350.3030152192038,0
48259,1.9,0.2,4.0,46971,110498,5.1,1.8,70.9045611330307,1.0,urban,0.782088122605364,270.37959592088737,0
48261,1.9,0.0,0.0,52,-666666666,5.9,0.0,0.03565155641863142,9.0,rural,0.7389705882352942,5769.2307692307695,1
48263,2.6,1.5,0.6,727,71420,8.4,1.1,0.8055340451812868,9.0,rural,0.8802631578947369,353.4704370179948,0
48265,2.4,0.5,3.3,53166,67927,11.7,1.4,48.186751056000894,4.0,suburban,0.7759126340973991,347.9667456645224,1
48267,1.8,0.3,1.1,4355,65703,15.0,1.0,3.4812699186060794,9.0,rural,0.8874234573716439,160.73478760045924,1
48269,6.9,0.0,0.0,189,70192,15.3,0.0,0.20749322201909867,9.0,rural,0.950207468879668,0.0,0
48271,3.7,1.2,8.0,3140,66341,11.3,5.3,2.3079184028243422,9.0,rural,0.761980198019802,222.92993630573247,1
48273,1.6,0.3,5.4,30629,57612,28.8,0.8,34.75409774165748,4.0,suburban,0.5580982893758224,75.09223285121944,1
48275,1.1,0.0,2.9,3322,56304,11.4,2.4,3.90538147073855,9.0,rural,0.8572849328692193,90.30704394942805,0
48277,2.7,0.1,0.8,50421,61122,18.7,1.7,55.57067586888265,5.0,suburban,0.8068997017652274,236.01277245592112,0
48279,2.1,0.0,3.8,12919,56997,15.9,0.7,12.713282056618047,6.0,suburban,0.8258983890954151,348.3241736976546,0
48281,3.0,3.2,3.1,22267,76919,9.2,3.8,31.250684827379107,2.0,urban,0.8020648967551622,372.74891094444695,0
48283,1.3,0.6,6.9,6946,55469,22.0,5.1,4.672079906095451,8.0,rural,0.6027256364103882,14.396775122372588,1
48285,2.3,0.1,1.1,20479,61768,9.4,0.3,21.118703089612065,8.0,rural,0.8834065934065934,341.81356511548415,1
48287,2.6,0.0,1.4,17758,66000,12.2,1.6,28.230342829246755,8.0,rural,0.808424463345484,596.9140668994256,0
48289,1.8,0.0,2.2,16067,59975,14.4,1.3,14.971724230842215,8.0,rural,0.8873968295558758,815.3357814153233,0
48291,1.8,0.1,5.4,97993,64773,17.7,1.0,84.59680991156606,1.0,urban,0.8151190285704126,1178.655618258447,1
48293,1.0,0.3,1.8,22185,58109,19.4,0.8,24.502167673805165,6.0,suburban,0.7859220844927903,662.6098715348209,0
48295,4.3,1.3,6.2,2964,71442,13.6,1.7,3.179528146796353,9.0,rural,0.9065905552672548,269.9055330634278,0
48297,2.1,0.0,8.3,11444,53869,17.2,0.8,11.007077374374688,8.0,rural,0.8518775274407857,471.86298497029014,1
48299,1.2,0.1,1.9,22011,65636,11.7,1.3,23.564734850839276,7.0,rural,0.8073329390892963,640.5887965108356,0
48301,0.0,0.0,0.0,54,51087,9.3,0.0,0.08073948243640129,9.0,rural,0.8953488372093024,62962.96296296296,0
48303,1.7,0.5,6.1,314633,63367,17.2,1.0,351.3090724165244,2.0,urban,0.7038463396319212,185.93090998083483,0
48305,3.7,0.0,5.6,5667,57411,17.5,1.1,6.354086644174705,2.0,urban,0.8603406326034063,299.9823539791777,0
48307,5.5,0.0,3.0,7565,51919,14.6,2.0,7.099281122613247,9.0,rural,0.8705633344187561,171.84401850627893,0
48309,1.3,0.6,2.3,263608,63888,17.1,1.2,254.27846715320612,2.0,urban,0.6546789780325848,143.39473764073927,0
48311,3.2,0.0,11.7,623,45833,9.1,0.3,0.5465874687811537,8.0,rural,0.9256678281068524,1284.1091492776886,1
48313,3.6,0.3,3.6,13574,67128,13.4,1.1,29.124677236356654,8.0,rural,0.8262963722074196,346.2501841756299,0
48315,2.1,0.0,1.9,9631,47447,18.4,0.7,25.284753070721134,8.0,rural,0.7634368836291914,924.0992627972172,0
48317,3.6,0.0,2.8,5230,77083,8.1,0.0,5.716123245908504,3.0,urban,0.8861454046639232,2275.334608030593,0
48319,0.6,0.0,0.0,3951,68750,6.4,0.1,4.253711262927334,9.0,rural,0.8281786941580757,353.4704370179948,0
48321,1.1,1.2,4.2,36274,55174,21.8,1.6,33.18384145005921,6.0,suburban,0.756915907646685,818.7682637701935,1
48323,1.9,1.2,2.9,57770,51270,22.6,2.6,45.15128864140057,3.0,urban,0.586727514736642,837.805089146616,1
48325,2.3,0.8,5.6,52419,73462,11.3,1.8,39.55074367326415,1.0,urban,0.7175181506391698,490.2802418970221,1
48327,5.2,0.8,0.9,1964,48191,21.1,0.8,2.177319558874734,9.0,rural,0.8406031233171782,407.33197556008145,0
48329,2.0,0.6,3.8,171496,93984,10.6,1.1,190.4754387369835,3.0,urban,0.8075363427697017,626.8367775341699,0
48331,1.7,0.7,2.3,25268,59076,15.8,1.1,24.86137239919341,6.0,suburban,0.793931543022271,474.9089757796423,0
48333,3.2,0.0,3.0,4499,64494,7.7,0.7,6.012900465348651,9.0,rural,0.8849878934624698,577.906201378084,0
48335,7.1,0.3,3.7,8989,56033,13.2,0.5,9.866170037098826,7.0,rural,0.8601954989770403,100.12237178774056,0
48337,3.1,0.1,0.3,20599,62818,13.5,0.3,22.127913400530606,6.0,suburban,0.89185,354.38613524928394,0
48339,1.5,0.8,6.6,654722,97266,9.3,2.0,628.2657148149179,1.0,urban,0.7321176545189372,981.6380081927902,1
48341,3.6,0.0,6.0,21234,61325,15.3,1.3,23.601252171974778,7.0,rural,0.8473935756363232,197.79598756710934,0
48343,5.4,0.0,1.2,12014,55082,16.9,0.7,47.676647105836544,8.0,rural,0.7617234250897618,649.2425503579158,0
48345,3.2,0.4,3.2,1267,62857,9.7,0.0,1.2803594055187433,8.0,rural,0.9454870420017873,315.70639305445934,0
48347,1.6,0.4,2.3,64897,51528,22.3,0.8,68.57801934999334,5.0,suburban,0.6922955192838088,460.73007997288016,0
48349,1.6,0.2,2.2,53735,59310,16.8,0.9,53.21866978717414,4.0,suburban,0.7640554103188196,390.806736763748,0
48351,1.5,0.2,0.7,12193,41044,22.4,0.4,13.059118842744603,8.0,rural,0.8441902340853723,492.0856228983844,1
48353,2.0,0.1,2.9,14565,50160,18.8,0.5,15.970444866614327,6.0,suburban,0.8003135174243338,260.8994164092001,0
48355,1.3,0.5,5.4,352829,66021,17.7,1.1,420.4121175771627,2.0,urban,0.5558520724837429,57.251529777881075,1
48357,2.1,0.0,0.5,9852,64988,15.5,0.2,10.73571527646085,7.0,rural,0.9139805454892237,294.35647584246857,0
48359,0.6,0.0,4.6,2097,76402,17.7,1.1,1.3975125953702843,2.0,urban,0.9305732484076433,715.307582260372,0
48361,1.4,0.2,1.8,84993,73372,12.7,0.7,254.63342202579986,2.0,urban,0.8379626091077242,392.9735389973292,1
48363,1.9,0.5,2.2,28920,64972,17.0,1.1,30.36064151324629,6.0,suburban,0.8369918171191064,473.7206085753803,0
48365,4.9,0.3,0.7,22624,62593,11.9,0.4,27.88420381881439,6.0,suburban,0.8377474794964217,459.68882602545966,0
48367,2.0,0.3,1.6,158079,102099,7.8,1.2,174.9206093108417,1.0,urban,0.8356464926847598,580.0897019844508,0
48369,6.7,0.0,5.3,9752,68164,9.6,0.2,11.07147898376839,9.0,rural,0.8597707278059185,225.5947497949139,0
48371,1.1,0.0,4.8,14983,67689,27.4,1.7,3.145155384640069,7.0,rural,0.7257625272331155,467.1961556430622,1
48373,3.9,0.6,1.4,51780,59066,18.1,0.8,48.985628617334704,6.0,suburban,0.7971354990285998,845.8864426419467,1
48375,1.9,0.3,3.9,116634,50448,20.9,1.5,128.39642484885104,2.0,urban,0.7270716655370456,141.46818251967693,0
48377,2.5,0.0,1.1,6043,29014,36.3,1.6,1.5674720184008444,9.0,rural,0.3364108482400462,0.0,1
48379,1.9,0.2,0.4,12505,64874,12.8,1.8,54.49038242055385,8.0,rural,0.8686494228662903,159.93602558976409,0
48381,2.3,0.2,3.3,143791,80905,9.5,0.9,157.54283911426288,2.0,urban,0.8069165921049392,99.44989602965414,0
48383,2.7,0.0,2.3,3259,70288,11.1,0.4,2.772876166092509,8.0,rural,0.8567054500918555,1227.3703590058299,1
48385,0.0,0.0,0.7,2821,45417,20.5,3.5,4.034848958189897,9.0,rural,0.838164931044188,1098.901098901099,1
48387,2.8,0.0,1.0,11621,46912,20.9,1.1,11.132339073794416,8.0,rural,0.8104555488661449,688.4089148954479,0
48389,1.4,0.0,7.3,13219,56056,21.9,2.5,5.016025300144128,7.0,rural,0.676311336717428,1573.4926999016568,1
48391,1.1,0.0,2.1,6693,58016,17.3,0.0,8.686742509797785,8.0,rural,0.713926499032882,403.4065441506051,1
48393,3.3,1.0,0.3,785,66118,6.4,2.0,0.8495140558613207,9.0,rural,0.9615384615384616,254.77707006369425,0
48395,2.1,0.3,0.8,16973,66250,16.5,1.4,19.847872334724244,2.0,urban,0.771049357113231,565.6041948977788,0
48397,2.0,1.0,4.4,116931,124917,4.3,1.5,919.2055833619139,1.0,urban,0.7079143210694181,90.65175188786549,0
48399,2.1,0.2,3.6,9880,63490,10.4,0.9,9.399943021813282,8.0,rural,0.8922182468694096,182.18623481781376,0
48401,3.7,0.7,2.9,52613,67506,14.3,0.9,56.92824434138357,2.0,urban,0.8022045478808584,657.6321441468839,0
48403,2.7,0.0,1.0,9998,59924,14.3,0.5,20.33311739576212,9.0,rural,0.898989898989899,600.1200240048009,0
48405,1.6,0.0,0.2,7889,46338,27.5,0.0,14.866422295749931,9.0,rural,0.7824528595917095,494.3592343769806,0
48407,2.3,0.7,2.3,27983,59526,17.7,0.8,49.158279179013206,1.0,urban,0.83105886591902,836.2219919236678,1
48409,1.3,0.6,4.1,69519,67512,15.1,1.1,100.26955342000821,2.0,urban,0.6844736370157819,353.4704370179948,1
48411,1.6,0.2,1.7,5802,54855,14.5,1.6,5.110484965830513,9.0,rural,0.8990509059534081,353.4704370179948,0
48413,1.2,0.0,1.9,2426,90141,9.0,0.0,1.8510018803668802,8.0,rural,0.8336724313326551,535.8615004122012,1
48415,3.6,0.3,3.3,16633,62689,9.8,0.3,18.369983039566943,7.0,rural,0.8741635873364626,180.36433595863645,0
48417,2.3,0.0,0.6,3169,64659,11.6,0.2,3.466093567243021,8.0,rural,0.9156626506024096,410.22404544020196,0
48419,4.2,0.0,0.8,24108,50436,23.5,0.5,30.302071972028298,7.0,rural,0.8271345310340684,477.0200763232122,0
48421,0.2,0.0,4.1,2434,74167,6.3,0.0,2.637454039860931,9.0,rural,0.9375410913872453,353.4704370179948,0
48423,1.2,0.2,1.9,238014,71923,12.2,1.7,258.2972444558046,3.0,urban,0.7322923968472252,456.2756812624467,0
48425,4.0,0.2,0.5,9510,83382,6.5,0.7,51.072112518557994,8.0,rural,0.858125,578.3385909568874,0
48427,0.3,0.0,4.8,65809,38182,33.5,1.5,53.80160758158869,4.0,suburban,0.5772100225225225,551.5962862222492,1
48429,2.8,0.0,1.6,9278,54695,13.5,0.4,10.346582705820241,7.0,rural,0.9003012048192771,280.2328087949989,0
48431,0.1,0.0,0.4,1389,78750,2.7,0.3,1.5041431765898186,8.0,rural,0.9380610412926391,215.98272138228944,0
48433,0.0,0.0,0.0,1244,61250,8.7,0.0,1.3576153165039824,9.0,rural,0.851581508515815,401.92926045016077,0
48435,1.2,0.0,0.6,3306,75000,11.6,0.2,2.2738290487818347,9.0,rural,0.8435401027261952,60.49606775559589,1
48437,1.6,0.0,4.2,6981,39031,29.5,0.0,7.842414132370319,8.0,rural,0.8255263157894737,85.94757198109154,0
48439,1.8,1.3,4.2,2135743,81905,10.9,1.8,2468.3558195756964,1.0,urban,0.5270285955399097,39.143286434744255,0
48441,1.7,0.5,2.8,144259,66406,13.5,1.4,157.56774675612684,3.0,urban,0.7520964041339262,83.18371817356282,0
48443,3.5,0.0,7.3,851,46989,8.2,0.8,0.3609055776620103,9.0,rural,0.7709190672153635,0.0,1
48445,1.1,0.1,9.1,11699,45905,21.8,0.9,13.161938500619852,6.0,suburban,0.8339483394833949,136.76382596803145,0
48447,0.9,0.0,3.1,1589,58864,14.0,0.0,1.741270181906588,9.0,rural,0.92456608811749,353.4704370179948,0
48449,2.2,0.3,3.5,31284,59220,17.3,0.8,76.99690602132397,7.0,rural,0.7818650815903101,281.29395218002816,0
48451,1.6,0.7,3.3,119398,66254,11.7,1.5,78.43159945232277,3.0,urban,0.743091499796173,118.92996532605235,0
48453,2.2,1.0,6.3,1307625,97169,11.0,2.1,1315.1285792605102,1.0,urban,0.2929134354826997,366.00707389350924,0
48455,1.7,0.4,1.2,13850,51663,16.1,0.5,19.96266992997145,8.0,rural,0.8428440646933171,527.0758122743682,0
48457,1.8,0.1,1.2,20084,50647,19.6,0.5,21.726764306753196,8.0,rural,0.8676169817167648,313.6825333598885,1
48459,2.5,0.1,0.7,41864,62794,13.3,0.7,71.81037426307999,2.0,urban,0.8588495448149105,482.51480986050063,0
48461,1.0,3.1,0.1,3227,52321,17.1,0.4,2.5996466819639537,8.0,rural,0.8863247863247863,353.4704370179948,1
48463,2.7,0.9,5.9,24810,57849,21.9,0.6,15.986631354500833,6.0,suburban,0.6613287296106679,205.56227327690448,1
48465,0.9,0.4,6.5,47647,59673,18.3,1.9,15.151286011935095,5.0,suburban,0.6326164874551972,291.72875522068546,1
48467,1.8,0.2,0.5,61323,68274,11.5,0.6,72.78076173149877,8.0,rural,0.8759215968351016,362.01751382026316,0
48469,1.3,0.5,4.5,91281,70101,16.0,0.9,103.48302863643976,3.0,urban,0.713721246700441,292.50336871857235,1
48471,2.5,0.4,3.5,78292,49862,17.9,1.3,99.83394248449034,4.0,suburban,0.7064962112819604,326.98104531752927,1
48473,2.9,0.3,4.5,59455,76135,13.5,1.3,115.82973414687049,1.0,urban,0.6378930625229414,840.9721638213775,1
48475,1.4,0.1,4.5,11255,71719,14.6,0.7,13.469319807554589,6.0,suburban,0.8398027362392618,1306.0861839182587,0
48477,3.1,0.1,1.5,36156,75085,12.6,0.5,59.84169840800129,6.0,suburban,0.7787062076509373,320.8319504369952,1
48479,0.5,0.3,4.5,267731,62506,21.0,1.6,79.64681722272775,2.0,urban,0.5054005603250246,82.17203088174324,1
48481,0.6,0.7,3.6,41651,66100,14.5,0.5,38.347653292955044,4.0,suburban,0.766847970283895,530.5995054140357,1
48483,4.0,0.0,2.8,4902,67964,14.2,0.6,5.360113581178669,9.0,rural,0.9311960542540074,448.796409628723,0
48485,2.2,0.6,1.6,129842,62168,15.9,1.5,206.8888720901792,3.0,urban,0.7241553840313805,54.68184408742934,0
48487,4.7,0.3,3.7,12712,51626,18.8,0.6,13.0923887677687,6.0,suburban,0.8126899696048632,456.26179987413474,0
48489,0.6,0.3,3.1,20218,45645,24.6,1.6,34.23222855209075,6.0,suburban,0.5146425019339154,356.1183104164606,1
48491,1.9,1.1,4.1,643889,108309,6.3,2.0,577.0456192641782,1.0,urban,0.5096007309404077,314.65050653140526,0
48493,3.3,0.5,3.6,51501,92461,9.8,1.4,64.07713452182561,1.0,urban,0.770417459610479,832.9935341061339,1
48495,2.5,0.6,3.4,7540,91898,12.0,1.2,8.962652702844174,6.0,suburban,0.8581583198707593,795.7559681697613,0
48497,2.0,0.9,1.5,72359,89897,9.1,1.2,80.0081829740244,1.0,urban,0.8553107766544118,834.7268480769496,0
48499,1.8,0.2,1.5,46094,62524,12.6,0.6,71.43662711642384,6.0,suburban,0.8531895900569938,438.23491126827787,0
48501,3.8,0.0,2.4,7589,82261,12.0,2.9,9.489630059614408,9.0,rural,0.8643109540636043,672.0252997759916,0
48503,1.1,2.0,2.1,17963,63723,16.7,0.9,19.642463776741693,7.0,rural,0.8834355828220859,22.26799532372098,0
48505,0.0,0.1,4.5,13855,36527,37.4,2.0,13.877032263424326,6.0,suburban,0.611164697371594,526.8856008661134,1
48507,0.8,0.0,2.0,9532,41887,36.3,0.8,7.346961675047242,7.0,rural,0.4126872246696035,346.202266051196,1
49001,0.3,0.5,0.8,7172,85603,7.5,0.2,2.776711352257947,9.0,rural,0.8759055118110236,892.3591745677636,0
49003,1.4,0.3,2.0,59725,77865,8.6,0.9,10.330715218990903,4.0,suburban,0.8124933338073737,182.50313938886563,0
49005,2.1,0.6,2.6,137031,78292,13.1,1.1,117.65480244194663,3.0,urban,0.6782466695315857,162.73689894987265,0
49007,2.9,0.0,2.2,20446,53673,16.8,0.7,13.820997842909303,7.0,rural,0.7268498485504111,283.67406827741365,0
49009,4.7,1.1,0.0,747,58750,10.1,1.1,1.072482078993468,9.0,rural,0.8143382352941176,353.4704370179948,0
49011,1.3,0.4,3.5,366742,108058,6.0,1.3,1129.4222383115434,2.0,urban,0.6284152666451597,34.3565776485922,0
49013,5.6,0.1,2.4,19932,74738,13.3,0.5,6.160364569378404,7.0,rural,0.8856527651858568,893.0363234998996,0
49015,2.5,0.0,0.7,9968,69956,11.3,0.0,2.233657843580808,9.0,rural,0.8780339805825242,902.8892455858748,0
49017,2.5,1.6,0.9,5170,61688,11.1,0.4,0.9981551846565521,9.0,rural,0.8034156976744186,967.1179883945842,0
49019,4.6,0.9,1.4,9697,62521,17.0,0.6,2.6401786366488555,7.0,rural,0.4514064015518914,422.81117871506655,0
49021,2.8,0.3,1.4,60201,65527,13.6,0.7,18.263943030894026,4.0,suburban,0.7914801497027959,169.43240145512533,0
49023,1.7,0.0,3.6,12273,89803,9.0,0.1,3.6184196455529802,2.0,urban,0.8854020296643248,353.4704370179948,0
49025,2.7,0.2,1.3,7996,75000,10.4,0.8,2.0019328075388514,8.0,rural,0.7424105120072496,350.1750875437719,0
49027,1.7,0.1,1.4,13179,70877,8.8,0.4,1.942235092002108,9.0,rural,0.8863020251953436,1403.7483875863115,0
49029,0.7,0.1,0.6,12585,126092,1.7,0.8,20.658327640061184,2.0,urban,0.8084197681513118,353.4704370179948,0
49031,0.0,0.1,3.1,1705,44650,11.1,1.3,2.2487185886442353,9.0,rural,0.9008438818565401,117.30205278592375,0
49033,3.5,0.2,0.7,2588,76875,9.5,0.0,2.5156540402511416,8.0,rural,0.8498245614035088,270.4791344667697,0
49035,2.3,0.5,5.5,1184689,94658,8.4,1.1,1573.6024737180453,1.0,urban,0.4473933438742521,353.4704370179948,0
49037,48.7,0.1,2.9,14466,54890,18.4,0.2,1.8489819625713273,9.0,rural,0.5833064255731353,353.4704370179948,0
49039,1.9,0.5,2.2,29209,67459,15.3,0.8,18.372561727152465,6.0,suburban,0.8482363245481328,260.19377589099247,0
49041,1.7,0.1,1.6,21854,73765,10.5,0.1,11.439034449672661,7.0,rural,0.8851514588366475,215.06360391690308,0
49043,1.4,0.1,3.0,42709,137058,4.5,1.5,22.830808837282547,4.0,suburban,0.42461114392596966,814.8165492050856,0
49045,2.1,0.2,2.5,76648,101846,4.7,1.3,10.88708350062834,1.0,urban,0.7106887785982327,382.2669867445987,0
49047,8.2,0.1,1.7,36458,69861,11.1,0.7,8.13271706777061,7.0,rural,0.8744775255610572,359.3175709035054,0
49049,1.6,0.4,5.2,683622,96877,8.7,1.0,341.0504478866142,2.0,urban,0.7055021791666811,43.152502406300556,0
49051,1.3,0.8,2.6,35808,115146,5.1,1.7,30.424356105175267,4.0,suburban,0.6402472986521109,329.5352993744415,0
49053,2.2,0.6,3.3,189827,76411,9.9,0.9,78.19569986153012,3.0,urban,0.7661898378921794,57.420704114799264,0
49055,1.8,0.2,1.5,2557,70074,9.1,0.3,1.038969016795068,9.0,rural,0.7646695491043854,353.4704370179948,0
49057,1.9,0.5,3.4,266183,87083,7.5,1.3,435.61735791556765,2.0,urban,0.6209289712925258,232.54678172535438,0
50001,1.4,0.3,1.4,37497,88478,7.4,1.3,48.93053534646025,6.0,suburban,0.314963167587477,8.000640051204096,1
50003,1.0,0.6,0.9,37312,71494,11.4,1.0,55.3396394190489,6.0,suburban,0.3844079308794886,53.60205831903945,0
50005,1.4,0.5,0.4,30425,66075,12.6,0.7,46.864428382211905,9.0,rural,0.43555080482897385,3.2867707477403454,1
50007,1.2,0.5,1.6,168831,94310,10.4,1.0,314.48487259367107,3.0,urban,0.22370262733324073,200.2002002002002,1
50009,2.4,0.4,0.3,5972,58985,14.3,0.5,9.01610805099433,9.0,rural,0.5844155844155844,0.0,1
50011,2.4,0.4,0.9,50379,79078,10.1,1.2,79.84489382672628,3.0,urban,0.4846720993403182,194.5254967347506,1
50013,3.9,0.4,1.1,7393,90625,7.6,1.0,90.41254900245464,3.0,urban,0.39168218497827434,108.21046936291086,1
50015,1.6,0.6,1.2,26036,69897,8.1,1.7,56.44604815011667,8.0,rural,0.31518925348072485,161.31510216623138,1
50017,1.8,0.2,0.9,29594,77328,9.4,1.1,43.076626306050635,9.0,rural,0.39537360231911495,0.0,1
50019,1.6,0.5,0.6,27492,66426,10.8,1.1,39.582365279582206,9.0,rural,0.507971065383805,156.40913720355013,1
50021,1.1,0.7,1.0,60484,64778,12.0,0.9,64.99810325789754,7.0,rural,0.4728618670550044,47.94656438066266,1
50023,1.2,0.3,1.5,59958,79853,9.4,1.0,87.26749559137757,4.0,suburban,0.27550658710935194,0.0,1
50025,1.5,0.9,1.3,45913,68021,12.0,1.3,58.41656698164408,7.0,rural,0.27899484536082475,47.91671204234095,1
50027,1.2,0.6,1.1,57968,75247,8.7,1.4,59.81359595870584,7.0,rural,0.3166500136252157,8.625448523323213,1
51001,1.2,1.0,3.8,33326,57500,14.9,1.3,74.16989233715037,9.0,rural,0.5670756766277226,828.1822000840185,1
51003,0.6,0.9,4.0,113683,102617,6.8,1.7,157.7896489780685,3.0,urban,0.3269850437743191,353.4704370179948,0
51005,0.1,0.2,1.1,14962,55160,13.1,1.0,33.50410360992306,6.0,suburban,0.7424150115754844,688.4106402887314,0
51007,1.4,0.4,1.5,13342,66339,11.1,0.4,37.544977026423815,1.0,urban,0.7229036295369211,757.0079448358567,1
51009,1.5,0.7,1.0,31385,67298,10.8,0.5,66.21845967550261,2.0,urban,0.6838273833789529,1156.6034729966545,0
51011,0.9,0.2,1.4,16424,62337,12.3,0.4,49.14076242671223,2.0,urban,0.7570816347862444,663.6629322942035,0
51013,1.4,1.5,11.2,235463,140160,7.1,3.0,9057.170225629212,1.0,urban,0.20070980114427583,353.4704370179948,0
51015,0.7,0.2,1.0,77713,79972,7.3,1.4,80.35893873578269,3.0,urban,0.739847599926994,813.2487486006203,0
51017,0.7,2.6,0.4,4123,61709,21.1,1.7,7.79098064863634,9.0,rural,0.7706708268330733,388.06694154741695,0
51019,0.8,0.4,0.9,80254,77644,8.1,1.0,105.58289708250058,2.0,urban,0.7538418829688088,579.4103720686819,0
51021,0.6,0.4,0.2,6211,61375,12.7,0.0,17.36637785244297,8.0,rural,0.8512208972174901,563.5163419739173,0
51023,0.8,1.1,0.4,33875,80467,6.1,0.9,62.58357331977761,2.0,urban,0.727557459352402,779.3357933579337,0
51025,1.3,1.0,1.1,15868,52978,15.3,1.2,28.023452215351288,8.0,rural,0.4571169067081874,712.1250315099571,1
51027,0.6,0.3,0.2,19857,42216,23.9,0.6,39.488568394453274,9.0,rural,0.8542070152786744,1107.9216397240268,0
51029,0.9,0.1,1.5,16914,59199,13.7,0.9,29.18106070940757,8.0,rural,0.6186343331206127,1046.4703795672224,0
51031,1.3,0.1,1.5,55398,62608,10.1,0.6,110.08981260586569,2.0,urban,0.7448418601642843,991.010505794433,0
51033,2.2,0.8,4.4,31541,86267,11.6,0.6,59.80893250630913,8.0,rural,0.544481337302496,894.0743793792207,1
51035,0.7,0.0,1.1,29158,52575,16.2,0.2,61.41831019211212,6.0,suburban,0.8180630714685576,644.7630152959737,0
51036,9.5,0.1,1.0,6686,70339,11.4,1.1,36.55528454702023,1.0,urban,0.4457102999302488,553.3951540532456,1
51037,0.8,1.9,0.1,11475,48892,24.6,0.0,24.14286704549713,8.0,rural,0.663707921621169,653.5947712418301,0
51041,1.3,1.8,6.9,371610,98910,6.8,2.1,877.4617508724249,1.0,urban,0.4544729554033611,353.4704370179948,1
51043,1.1,0.4,3.9,15060,114185,6.9,1.3,85.5884930987748,1.0,urban,0.5855304131201993,438.24701195219126,0
51045,2.0,0.0,0.8,4881,67778,14.0,0.9,14.876643619967867,2.0,urban,0.8253865979381443,594.1405449702929,0
51047,0.9,1.6,9.5,53563,96098,8.2,1.6,141.25944784402301,1.0,urban,0.6261950286806883,231.50308981946495,0
51049,1.5,0.2,1.4,9745,57057,7.7,0.4,32.75915738716987,8.0,rural,0.6117021276595744,369.42021549512566,0
51051,0.5,0.1,0.1,13920,43831,20.2,0.4,42.12561821394051,9.0,rural,0.8124554652985606,272.98850574712645,0
51053,0.2,1.0,2.4,28083,83898,10.7,1.1,55.73288293066427,1.0,urban,0.6164224388354529,1132.3576540967845,1
51057,1.3,2.6,1.5,10604,56481,15.5,2.1,41.20393963384404,8.0,rural,0.5390365448504983,603.5458317615994,1
51059,1.5,1.1,14.0,1144474,150113,5.9,2.8,2926.8904176549127,1.0,urban,0.32005004108506807,353.4704370179948,0
51061,1.7,1.0,6.2,73935,129495,6.1,1.5,114.09832766056078,1.0,urban,0.6095898193387115,357.07039967539055,0
51063,0.7,0.4,0.8,15560,61401,8.3,0.7,40.848167547447964,3.0,urban,0.6882025422838534,353.4704370179948,0
51065,1.5,0.9,1.9,27764,91959,7.7,1.4,96.69915217175888,3.0,urban,0.5316816089168888,565.4804783172453,0
51067,1.3,0.6,0.9,54958,68348,11.5,0.8,79.57891958415298,2.0,urban,0.7284268929503916,755.1220932348339,0
51069,1.4,1.2,5.3,93355,95603,7.1,1.8,225.96749117434535,3.0,urban,0.6436984916809205,1020.834449145734,0
51071,0.5,0.1,0.2,16610,64819,8.9,0.1,46.497369123048976,3.0,urban,0.7743975575182641,565.9241420830825,0
51073,1.6,1.4,1.1,39228,83689,6.8,1.5,180.10211404969576,1.0,urban,0.6935343325200418,1106.3526052819414,1
51075,0.7,0.5,1.1,25613,118695,3.9,1.6,90.81694416405921,1.0,urban,0.5939884512270571,636.3955803693436,0
51077,1.1,1.7,1.6,15323,42864,18.0,1.7,34.684266372651905,9.0,rural,0.8132223188766,724.4012269137897,0
51079,1.8,0.5,5.1,20850,85268,11.7,1.9,133.69925465829775,3.0,urban,0.6251682368775235,1093.525179856115,0
51081,4.3,1.5,2.4,11304,56759,13.5,1.2,38.289174245215115,6.0,suburban,0.4533957845433255,769.6390658174098,1
51083,1.3,0.7,1.1,33811,49244,17.9,0.5,41.34733481861511,6.0,suburban,0.6059802538787024,579.692999319748,0
51085,1.1,0.4,2.2,111652,109504,5.2,0.9,238.790458407865,1.0,urban,0.6302591906171336,903.7007845806613,1
51087,1.2,0.8,4.0,334434,86397,8.4,1.4,1431.0484485781037,1.0,urban,0.3534245343465114,353.4704370179948,1
51089,0.8,0.6,1.6,50365,48445,14.8,1.1,131.72450411430955,4.0,suburban,0.6651621332699845,1330.2888910950064,0
51091,1.1,0.0,0.0,2265,62946,10.3,0.0,5.4556901615098905,8.0,rural,0.7246856386499008,794.7019867549669,0
51093,1.5,0.7,1.2,39444,96118,7.4,1.5,124.94717315297692,1.0,urban,0.5998445044602668,534.9356049082243,1
51095,0.9,2.3,2.8,80046,107046,6.5,2.3,562.5228677924177,1.0,urban,0.4685295228252877,353.4704370179948,1
51097,1.3,0.9,1.7,6676,72851,18.5,1.2,21.184848223543426,1.0,urban,0.6293436293436293,599.1611743559017,1
51099,1.1,1.1,3.0,27468,110517,6.5,1.7,152.91614058212167,8.0,rural,0.6267731081348552,1023.0085918159313,1
51101,2.7,1.0,0.6,18232,85212,7.9,1.2,66.56189628553594,1.0,urban,0.7045692361353331,471.6981132075471,1
51103,0.3,0.1,1.2,10876,67169,13.1,1.4,81.58660192593685,9.0,rural,0.5353829109541615,790.73188672306,1
51105,0.8,0.3,1.5,22042,42269,27.6,1.0,50.627315658996544,8.0,rural,0.8617983109786388,1097.9040014517739,0
51107,1.2,1.4,10.5,427082,178707,4.0,2.5,828.1000279439485,1.0,urban,0.4160452059063992,614.4019181328176,0
51109,0.9,0.3,1.8,39012,80343,10.1,1.6,78.79972712073584,8.0,rural,0.6321082847923564,766.430841792269,0
51111,0.9,0.4,4.7,11990,54460,15.9,0.3,27.773921023814495,9.0,rural,0.6146741918932787,375.31276063386156,0
51113,1.6,0.6,0.8,13931,82972,7.0,1.1,43.4476520922772,8.0,rural,0.6774578903356827,811.1406216352021,0
51115,2.8,0.0,1.5,8517,75487,7.9,0.4,99.13766238915267,1.0,urban,0.6982993197278912,868.8505342256664,1
51117,0.9,0.6,0.9,30431,51691,17.4,0.4,48.66549483631004,7.0,rural,0.6045693115159,512.6351417961947,0
51119,1.3,1.4,1.1,10774,74154,9.5,1.7,82.66683156605737,8.0,rural,0.6379209370424598,965.2868015593094,1
51121,0.8,0.5,2.3,99159,70769,23.8,1.3,256.3261565683986,3.0,urban,0.4822570123939987,250.1033693361167,0
51125,1.2,0.2,0.5,14777,68525,14.4,0.1,31.390652815016907,3.0,urban,0.5379488282089873,1136.9019422074846,0
51127,2.3,1.1,1.5,24139,120125,5.2,2.4,114.92885593298739,1.0,urban,0.6604875112849834,824.3920626372261,1
51131,0.6,1.4,2.0,12115,55933,17.1,1.8,57.224019184925226,8.0,rural,0.46905393457117595,437.47420553033425,1
51133,2.6,2.2,0.4,12085,69500,10.3,0.5,63.129613766586175,9.0,rural,0.6066339066339066,761.274306992139,1
51135,2.0,1.5,1.4,15597,62161,18.9,0.9,49.61040401933579,8.0,rural,0.612580834803057,410.33532089504394,0
51137,1.5,1.1,2.9,37208,94175,10.1,1.7,109.26978616261069,6.0,suburban,0.6245575823577457,497.204902171576,0
51139,0.8,0.4,0.7,23750,59396,9.5,0.5,76.60863482955396,8.0,rural,0.7728070845102679,391.57894736842104,0
51141,0.7,0.2,0.9,17606,50938,10.8,1.2,36.45478741121445,8.0,rural,0.8041943521594684,1221.174599568329,0
51143,0.8,0.4,0.7,60148,54115,15.0,0.5,62.07206143416796,4.0,suburban,0.7169188121147778,661.7011371949192,0
51145,1.1,0.4,0.9,31074,110667,3.3,1.4,119.4223905369114,1.0,urban,0.7223513461165989,691.896762566776,0
51147,0.9,0.7,2.2,21932,55082,21.6,0.7,62.67246978877141,6.0,suburban,0.513035082072739,565.3839139157395,0
51149,2.2,2.4,3.1,42873,88225,8.0,3.3,161.5764709735584,1.0,urban,0.6075034419458467,353.4704370179948,1
51153,1.9,2.1,19.5,484625,128873,6.1,3.2,1445.5429931430508,1.0,urban,0.40754797113825,353.4704370179948,0
51155,0.6,0.2,0.6,33771,60767,14.6,0.7,105.58753135533256,3.0,urban,0.7249743764947045,1131.1480264131949,0
51157,1.2,0.0,0.3,7409,98125,9.5,3.1,27.814460567474615,1.0,urban,0.5904895666131621,431.90713996490757,0
51159,3.1,0.2,1.7,9047,64184,9.3,0.0,47.24827807310287,9.0,rural,0.6520793036750484,298.4414723112634,1
51161,0.7,0.7,1.5,96793,82931,7.3,1.1,386.32592831181194,2.0,urban,0.6136323157482279,353.4704370179948,0
51163,1.2,0.2,0.5,22578,63975,8.0,0.9,37.84772559394754,6.0,suburban,0.6705733291099145,1040.8362122420053,0
51165,1.0,1.6,3.1,84739,78468,9.6,1.5,99.71717061247085,3.0,urban,0.6872139469085462,374.08985237021915,0
51167,0.8,0.0,0.4,25635,49020,18.1,0.2,54.136650249951856,8.0,rural,0.8388126159554731,830.8952603861908,0
51169,0.6,0.1,0.1,21504,45136,18.0,0.7,40.13233593889643,2.0,urban,0.8538958087098827,1357.8869047619048,0
51171,1.2,1.9,2.7,44630,64437,12.3,2.4,87.84061864315855,6.0,suburban,0.7134568361722409,477.257450145642,0
51173,0.6,0.3,0.3,29585,46859,16.5,0.6,65.53477810288634,7.0,rural,0.8042021499371772,463.0725029575799,0
51175,3.8,1.1,0.8,17988,68465,8.7,0.7,30.020241526464517,6.0,suburban,0.6284455374526079,1039.5819435179008,1
51177,1.3,2.0,7.4,143876,109576,7.0,2.3,357.9287083494213,1.0,urban,0.543332737167531,856.9879618560427,0
51179,1.5,1.9,9.1,160520,133792,5.1,3.2,596.274213237774,1.0,urban,0.4959556218078737,1027.9092947919262,0
51181,1.1,0.7,0.3,6552,71458,11.6,0.3,23.488126832968092,1.0,urban,0.5033097466331887,656.2881562881563,1
51183,1.1,0.6,0.4,10793,62821,12.1,0.8,22.016384932869524,1.0,urban,0.4776794898169101,1176.6885944593719,1
51185,0.6,0.2,0.5,39933,45788,19.3,0.4,76.97316512031615,7.0,rural,0.8465123347348159,728.7206070167531,0
51187,1.2,0.3,4.8,41104,84331,11.3,1.9,191.5629059368079,1.0,urban,0.6902734199910354,574.1533670688984,0
51191,0.6,0.3,0.4,53913,62774,11.0,0.5,96.06852166239587,2.0,urban,0.768296438224929,964.5169068684734,0
51193,0.8,1.6,0.8,18683,59766,13.8,0.6,81.46914859384928,8.0,rural,0.5720411663807891,444.25413477492907,1
51195,0.6,0.2,0.3,35727,50740,17.7,0.6,88.55596258100347,7.0,rural,0.8181055658738242,598.9867607131861,0
51197,0.6,0.2,0.3,28219,55359,15.6,0.4,61.08641736391337,6.0,suburban,0.7995698083691827,353.4704370179948,0
51199,1.4,2.8,1.5,70590,108326,5.4,3.6,674.2035192339505,1.0,urban,0.53108821569532,1517.2120696982574,1
51510,1.7,1.7,12.6,156788,113638,8.4,3.3,10497.79149278487,1.0,urban,0.20541064280068333,353.4704370179948,0
51520,0.8,0.2,0.9,17024,44706,18.3,0.3,1322.6438294697339,2.0,urban,0.6996499730748519,353.4704370179948,0
51530,8.1,0.0,0.5,6612,54458,22.0,0.3,1027.0018638550066,6.0,suburban,0.7262669521770164,353.4704370179948,0
51540,0.7,0.5,2.9,45863,69829,22.6,1.8,4476.486123430662,3.0,urban,0.1499365787516949,353.4704370179948,0
51550,1.5,1.9,2.8,251153,94189,8.7,2.4,742.0542192224444,1.0,urban,0.4807501448999198,353.4704370179948,1
51570,1.6,1.6,2.5,18210,76250,9.6,3.0,2421.710483559739,1.0,urban,0.6636209813874788,353.4704370179948,1
51580,0.8,0.3,1.6,5671,42724,23.6,0.5,1036.994240108722,6.0,suburban,0.667479674796748,353.4704370179948,0
51590,1.3,0.8,2.0,42239,42778,25.0,0.6,986.8326207861718,4.0,suburban,0.3937403620994917,353.4704370179948,0
51595,0.9,0.0,7.2,5633,49375,13.5,2.2,815.9132651299243,6.0,suburban,0.34396671289875175,353.4704370179948,1
51600,1.5,0.3,13.9,24478,132774,9.9,2.3,3922.1744024891477,1.0,urban,0.3284220169478586,353.4704370179948,0
51610,0.8,1.8,6.8,14593,154734,3.6,2.6,7130.910979349699,1.0,urban,0.1836734693877551,353.4704370179948,0
51620,3.8,0.3,0.2,8212,65125,16.7,0.7,992.1059367633045,6.0,suburban,0.3848761408083442,5053.580126643936,1
51630,2.3,1.1,8.0,28383,85368,16.4,2.3,2715.963838770947,1.0,urban,0.338368580060423,353.4704370179948,0
51640,1.0,0.0,4.8,6698,41438,23.4,0.5,813.2232206352901,6.0,suburban,0.7210077806595035,353.4704370179948,0
51650,2.6,2.2,2.4,137334,67758,13.0,2.3,2668.71584939071,1.0,urban,0.29774862325882734,353.4704370179948,1
51660,1.6,3.9,12.8,51492,59752,25.6,3.7,2970.3121448086235,3.0,urban,0.37061572129887027,353.4704370179948,0
51670,1.3,2.5,2.0,22944,48681,23.8,2.8,2215.877835330455,1.0,urban,0.430462090623598,353.4704370179948,1
51678,4.1,0.5,2.2,7420,89598,15.9,1.4,2968.903410505175,6.0,suburban,0.36460176991150445,353.4704370179948,0
51680,1.5,1.3,1.9,79255,59808,17.4,1.4,1618.2266192795873,2.0,urban,0.5401512224736464,353.4704370179948,0
51683,2.0,2.0,30.2,42674,117919,6.7,3.7,4335.467843940789,1.0,urban,0.42435424354243545,353.4704370179948,0
51685,3.6,1.0,37.9,16923,100668,5.8,3.8,5578.122944400721,1.0,urban,0.39759450171821303,353.4704370179948,0
51690,0.8,1.3,3.3,13584,42434,21.8,1.4,1239.9236983042044,4.0,suburban,0.3855098389982111,353.4704370179948,0
51700,1.2,3.2,2.8,184774,66718,15.1,3.2,2678.0424333412416,1.0,urban,0.3539045524049682,353.4704370179948,1
51710,1.7,1.9,4.0,235037,64017,17.3,2.1,4411.775023541356,1.0,urban,0.289107901041296,353.4704370179948,1
51720,2.1,0.0,0.0,3620,38497,25.7,1.9,484.1211008587847,7.0,rural,0.7193627450980392,353.4704370179948,0
51730,0.3,2.5,2.1,33365,50741,21.1,2.7,1468.4999793553413,1.0,urban,0.13172355080876094,353.4704370179948,1
51735,1.1,1.4,1.6,12556,120919,5.8,2.2,817.6231752487637,1.0,urban,0.7324157090541735,353.4704370179948,1
51740,2.6,1.8,1.5,97299,58972,17.6,1.4,2921.8376558084888,1.0,urban,0.3041105320090471,353.4704370179948,1
51750,1.2,1.5,1.2,16505,52791,33.7,0.9,1705.6986438145304,3.0,urban,0.4973553204729309,353.4704370179948,0
51760,1.3,1.1,6.8,227595,62671,18.8,1.6,3797.996774779589,1.0,urban,0.16114268422993636,11.863178013576748,1
51770,1.1,0.8,4.7,98677,52671,19.7,1.4,2320.653460265337,2.0,urban,0.38018976977169827,353.4704370179948,0
51775,0.8,0.6,1.7,25477,66716,10.9,0.8,1755.2051722358756,2.0,urban,0.5973396893741351,353.4704370179948,0
51790,1.2,1.3,1.8,25765,62586,12.6,1.0,1293.3922114614156,3.0,urban,0.4321615557217651,353.4704370179948,0
51800,1.6,1.7,1.7,96638,90089,9.9,2.0,242.0991345026298,1.0,urban,0.4195108994668842,353.4704370179948,1
51810,1.4,2.5,3.3,457066,90685,8.4,2.9,1867.7192365582648,1.0,urban,0.4865717323510701,353.4704370179948,1
51820,1.5,1.0,2.5,22574,56364,11.7,0.6,1507.969806531808,3.0,urban,0.5288617155187916,353.4704370179948,0
51830,1.2,2.5,4.2,15564,70206,14.1,2.6,1741.2948355011736,1.0,urban,0.27405587170201756,353.4704370179948,1
51840,1.2,0.8,10.8,27981,64648,19.3,2.9,3043.7622506104703,3.0,urban,0.4504674500385968,353.4704370179948,0
53001,4.5,0.3,3.5,20690,65042,20.5,0.4,10.748112876221578,6.0,suburban,0.7213711221754118,353.4704370179948,0
53003,3.1,0.1,1.5,22424,69107,14.9,0.8,35.253678188953344,3.0,urban,0.6317878405195743,374.5986443096682,0
53005,2.7,0.3,2.3,210224,87316,11.1,1.2,123.65190702837688,2.0,urban,0.6125986195829948,273.0420884389984,0
53007,2.6,0.1,3.2,79518,78306,9.0,1.1,27.221214891784054,3.0,urban,0.5486506378802748,347.091224628386,1
53009,7.7,0.3,1.4,77593,67999,10.8,1.4,44.62513695139355,5.0,suburban,0.45955132562882395,556.751253334708,1
53011,2.5,0.4,2.2,510516,94948,8.4,1.4,812.2775962148772,1.0,urban,0.46405742429005553,507.32983882973303,1
53013,7.1,0.1,0.7,3996,71528,9.0,0.7,4.60058610572486,8.0,rural,0.7243536280233528,925.9259259259259,0
53015,4.1,0.2,2.0,111539,72932,13.0,1.0,97.74187945876825,3.0,urban,0.6023865516941033,274.34350316929505,1
53017,2.3,0.1,1.2,43733,80374,7.9,1.0,24.039108207011235,3.0,urban,0.6386247256766642,448.1741476688085,1
53019,19.4,0.3,0.5,7326,54650,15.6,2.8,3.3251011843658214,8.0,rural,0.6697639377197389,353.4704370179948,1
53021,3.2,0.4,3.9,97676,82755,13.0,1.5,78.66972178495601,2.0,urban,0.6162738133677753,191.44928129735044,0
53023,0.9,0.0,0.5,2326,62411,10.8,1.8,3.2722067967385584,8.0,rural,0.7467382962394474,3181.4273430782464,0
53025,3.3,0.1,3.7,100428,71115,15.0,0.7,37.47946831198664,5.0,suburban,0.6924171695320506,792.6076393037797,1
53027,6.7,0.1,2.2,76397,63539,14.1,1.4,40.17801219816413,4.0,suburban,0.5310305249637909,346.8722593819129,1
53029,2.7,0.6,1.8,86747,88358,7.0,1.8,416.1056227372719,4.0,suburban,0.41467900795063484,523.361038422078,1
53031,4.3,0.1,1.3,33313,71143,12.6,1.9,18.468971918384245,6.0,suburban,0.26590421729807007,621.3790412151412,1
53033,2.3,0.4,3.0,2262713,122148,8.4,1.9,1069.4683332490515,1.0,urban,0.23247901224097736,170.76845362182476,1
53035,3.5,0.9,2.6,276581,98546,8.3,2.6,700.0078747075012,2.0,urban,0.3917486125017406,1054.6639140071081,1
53037,3.0,0.2,1.8,44736,69928,14.3,1.0,19.473536511419056,4.0,suburban,0.5753290119819289,431.41988555078683,1
53039,3.3,0.2,1.9,23082,70400,13.7,1.4,12.332523759723811,9.0,rural,0.5481481481481482,353.4704370179948,0
53041,3.6,0.7,1.9,83925,69690,13.0,1.0,34.92827045482669,4.0,suburban,0.6701405553651011,552.8745904081024,1
53043,3.7,0.1,1.0,11271,71227,10.4,0.9,4.877955048965365,8.0,rural,0.7585611510791367,869.4880667199006,1
53045,6.6,0.5,5.6,66968,78359,12.6,1.6,69.79080559146847,4.0,suburban,0.5129024956142832,1084.0998685939553,1
53047,13.2,0.4,0.7,42811,60293,18.5,1.1,8.129402353279474,6.0,suburban,0.5771439988012587,717.1054168321225,1
53049,4.1,0.3,1.4,23750,62350,11.6,1.1,25.44535051448627,7.0,rural,0.506685941452837,239.99999999999997,1
53051,4.1,0.0,1.1,13811,63750,13.6,0.7,9.863275738612652,8.0,rural,0.7030288403523591,1129.534429078271,1
53053,3.8,1.2,2.7,924106,96632,8.9,3.0,554.027437822341,1.0,urban,0.4445216043915033,759.5449006932105,1
53055,2.4,0.2,1.6,18266,83682,10.5,2.0,105.02875496152161,9.0,rural,0.23252071767640195,591.2624548341181,1
53057,3.7,0.5,2.4,130407,85474,11.6,1.4,75.36970380202186,3.0,urban,0.45429039736566207,476.96826090623966,1
53059,4.2,0.0,0.8,12276,90085,8.3,0.6,7.402904831546732,1.0,urban,0.5572594259988745,765.721733463669,1
53061,3.0,0.5,3.0,834648,107982,7.9,1.8,400.02022440219156,1.0,urban,0.40195033252795975,441.50348410347834,1
53063,3.4,0.5,1.5,544323,73513,12.2,1.3,308.533957047577,2.0,urban,0.5256328186878166,459.65355129215556,1
53065,7.2,0.2,0.8,47470,67405,12.9,1.0,19.16351769148087,2.0,urban,0.7264395516120787,640.4044659785128,1
53067,3.5,1.4,2.5,296640,93985,9.7,2.8,410.573728221072,2.0,urban,0.39432713919402324,349.9190938511327,1
53069,4.7,0.2,3.5,4573,57091,15.7,0.3,17.392584536032366,8.0,rural,0.5933806146572104,353.4704370179948,1
53071,3.1,0.6,3.7,62102,72212,11.7,2.5,48.89794221980275,3.0,urban,0.5414596599258275,227.04582783163184,0
53073,4.0,0.4,2.7,228432,80989,12.7,2.3,108.36694102072458,3.0,urban,0.3713964439882875,265.7245920011207,1
53075,2.6,0.3,2.2,47042,52893,23.7,2.0,21.786145809572226,4.0,suburban,0.4535690077689139,82.90463840823094,0
53077,5.8,0.3,3.2,256605,68015,15.4,1.0,59.75184495609494,2.0,urban,0.5735529892882868,463.74778355838737,0
54001,0.9,0.2,0.4,15454,48347,20.8,1.0,45.31182765226086,9.0,rural,0.8087719298245614,353.4704370179948,0
54003,0.9,0.9,2.9,126165,77329,11.4,1.0,392.8571848566957,2.0,urban,0.6822803195352215,274.2440454959775,0
54005,0.5,0.1,0.1,21312,56152,17.3,0.1,42.42288573767552,3.0,urban,0.7937146448774356,353.4704370179948,0
54007,1.0,0.0,0.1,12345,44449,18.8,0.4,24.17106689213838,8.0,rural,0.7639739663093414,353.4704370179948,0
54009,0.7,0.0,0.5,22053,52116,12.1,0.9,247.2428672792141,3.0,urban,0.7271780993025918,353.4704370179948,0
54011,0.9,0.3,0.7,93300,52828,19.8,0.8,332.0005629954241,2.0,urban,0.6117338558626055,573.4190782422294,0
54013,1.1,0.1,0.2,6158,41421,33.4,0.3,22.050929005329436,8.0,rural,0.8304967002431399,353.4704370179948,0
54015,1.8,0.1,0.0,7946,42790,24.9,0.0,23.238076766572895,3.0,urban,0.8174378344350016,353.4704370179948,0
54017,1.1,1.0,0.2,7767,61164,14.5,0.8,24.292914178914113,9.0,rural,0.8716981132075472,708.1241148448564,0
54019,0.8,0.1,0.9,39987,52672,18.8,0.3,60.443700840837984,3.0,urban,0.7132117408642218,562.6828719333784,0
54021,1.6,0.2,3.4,7376,50991,12.9,0.9,21.790085956479352,9.0,rural,0.7894280762564991,40.67245119305856,0
54023,0.7,0.2,0.0,10972,61530,13.4,0.4,22.984171265141523,9.0,rural,0.8996546082530449,353.4704370179948,0
54025,1.1,0.1,0.5,32688,48662,20.7,0.6,32.052623168925884,6.0,suburban,0.7148100319445388,353.4704370179948,0
54027,1.3,0.8,0.1,23340,60299,14.2,0.2,36.445857547313906,3.0,urban,0.8174618504925633,353.4704370179948,0
54029,1.1,0.2,0.6,28658,61017,15.0,0.2,346.9070807581919,3.0,urban,0.7379503977538605,353.4704370179948,0
54031,0.8,2.8,0.6,14236,49302,17.6,1.9,24.447229504820726,8.0,rural,0.7939307276771529,168.58668165214948,0
54033,0.9,0.5,1.1,65407,58326,13.6,0.4,157.22525713628116,5.0,suburban,0.7090921681324008,377.63542128518355,0
54035,1.1,0.0,0.5,27753,55671,17.5,0.3,59.7662176732164,8.0,rural,0.785895605267333,273.8442690880265,0
54037,1.8,1.3,3.2,58546,95523,8.8,1.7,279.72883682154537,1.0,urban,0.5806937631394534,331.36337239094047,0
54039,1.0,0.4,0.5,178198,58887,16.1,0.5,197.62142829453595,3.0,urban,0.5891578217794871,704.2727752275559,0
54041,0.6,0.3,0.6,16808,52279,19.4,0.4,43.43940362103556,9.0,rural,0.8017913897717422,353.4704370179948,0
54043,1.6,0.0,0.4,20170,48593,20.6,0.7,46.14578227894503,8.0,rural,0.8185558235210668,353.4704370179948,0
54045,0.5,0.0,0.2,31826,47237,21.4,0.1,70.27462397777971,6.0,suburban,0.8371519210433557,75.41004210394017,0
54047,0.7,0.0,1.6,18413,29980,30.9,0.1,34.51633956925484,9.0,rural,0.8062102506546951,353.4704370179948,0
54049,1.2,0.1,0.7,56042,67537,13.6,0.4,181.49200533596678,4.0,suburban,0.6598936258622122,433.603368901895,0
54051,1.7,0.2,0.7,30129,60329,15.0,0.2,98.64410951614511,3.0,urban,0.7548099122672003,116.16714793056525,0
54053,0.8,0.0,0.8,25214,53454,17.9,0.4,58.5326933718568,6.0,suburban,0.795900609107609,237.96303640834458,0
54055,2.5,0.4,0.6,59062,47799,18.0,0.5,140.97228185224876,4.0,suburban,0.7911122593980106,714.5034032034134,0
54057,1.9,0.6,0.3,26922,68049,14.3,0.7,82.10888154690976,7.0,rural,0.8049489395129615,300.8691776242478,0
54059,0.5,0.0,0.4,22979,39527,29.9,0.2,54.305949758844946,8.0,rural,0.8734796088719294,353.4704370179948,0
54061,0.7,0.5,1.2,106520,62704,20.5,1.0,295.8132964425481,3.0,urban,0.5225408312473667,267.55538865940673,0
54063,1.2,0.2,0.2,12401,54508,15.7,0.8,26.231411557490357,8.0,rural,0.8150224215246636,72.5747923554552,0
54065,1.7,0.5,0.9,17327,63805,11.0,1.2,75.63975026355627,2.0,urban,0.7826038410004467,340.50903214636116,0
54067,1.2,0.0,0.4,24446,49280,17.8,0.3,37.79259202983191,8.0,rural,0.8057495697945136,515.4217458888979,0
54069,0.8,0.1,0.8,41904,57867,15.7,0.4,395.95500627277056,3.0,urban,0.6328056768558952,453.4173348606338,0
54071,0.8,0.0,1.9,6111,61738,16.3,0.9,8.779546189613177,8.0,rural,0.7980397980397981,353.4704370179948,0
54073,2.1,0.0,0.9,7572,61038,8.0,0.0,58.19272764748011,8.0,rural,0.8004866180048662,353.4704370179948,0
54075,2.4,0.2,0.1,7855,41200,20.8,0.3,8.354262598395023,9.0,rural,0.7570754716981132,353.4704370179948,0
54077,0.7,0.1,1.4,34204,61373,14.1,0.6,52.717735712739405,3.0,urban,0.7909972397197254,137.41082914279033,0
54079,0.9,0.3,0.2,57250,77871,10.7,0.5,165.6160353294996,2.0,urban,0.7360699466508596,436.68122270742356,0
54081,1.3,0.4,0.5,73666,52055,21.6,0.5,121.68686433266329,3.0,urban,0.776231122783979,959.7371921917846,0
54083,0.8,0.1,0.6,27782,55057,14.7,0.5,26.72116746410911,7.0,rural,0.7353044702569518,766.6834641134548,0
54085,0.7,0.3,0.0,8372,50256,21.7,0.3,18.522531719840664,8.0,rural,0.8704260651629072,406.1156235069279,0
54087,1.5,0.0,0.0,13921,45194,20.2,1.0,28.7883905613791,8.0,rural,0.7747364527464398,287.33567990805255,0
54089,1.1,0.0,0.7,11833,42544,19.2,0.4,32.81583376189925,8.0,rural,0.7622648826837308,211.27355700160567,0
54091,0.8,0.1,0.3,16543,56807,14.7,0.0,95.75097654378064,6.0,suburban,0.7619449128724002,353.4704370179948,0
54093,1.7,0.1,0.3,6698,53475,13.2,0.6,15.983985974168554,9.0,rural,0.7499297555493116,353.4704370179948,0
54095,0.6,0.0,0.8,8181,58293,17.7,0.3,31.91940389239795,9.0,rural,0.8437235543018335,353.4704370179948,0
54097,0.9,0.0,1.0,23758,51859,18.3,0.4,66.99235166269365,7.0,rural,0.7896751500103455,21.045542554087042,0
54099,0.7,0.0,0.6,38498,55539,15.7,0.5,76.08219668711396,2.0,urban,0.7716280874175611,353.4704370179948,0
54101,1.7,0.4,0.0,8253,42061,22.1,0.4,14.911390118077504,9.0,rural,0.8380114981400067,353.4704370179948,0
54103,0.5,0.1,0.4,14233,53341,16.6,0.1,39.74955066259517,7.0,rural,0.7847638057218895,330.21850628820346,0
54105,1.8,0.0,0.0,5131,54688,18.3,0.9,22.067760291431295,3.0,urban,0.8382759984183472,353.4704370179948,0
54107,0.9,0.2,0.3,83829,56193,14.8,0.4,228.72872122769624,3.0,urban,0.7188598523040031,323.2771475265123,0
54109,1.0,0.0,0.4,20948,48038,22.6,0.0,41.94047005699594,8.0,rural,0.8690364826941066,243.45999618101965,0
55001,1.7,0.5,0.6,20928,59153,13.8,0.5,32.41403259970645,8.0,rural,0.6359986891692611,539.9464831804281,0
55003,12.9,0.9,0.3,16050,57645,16.4,0.3,15.35929878746755,7.0,rural,0.47608769737589457,398.7538940809969,1
55005,1.6,0.3,0.5,46741,64619,9.9,0.4,54.15772496010296,6.0,suburban,0.6516538746250049,203.24768404612652,0
55007,11.4,0.4,0.7,16410,69609,8.9,0.4,11.10373522227432,8.0,rural,0.4431476246922586,554.539914686167,1
55009,3.8,1.2,1.4,269425,77490,9.8,1.2,508.2610542435402,2.0,urban,0.5380603662226574,280.9687297021435,0
55011,0.8,0.2,0.7,13341,68722,8.7,0.4,19.741309412200312,8.0,rural,0.6534219102531963,127.42672963046249,0
55013,5.6,0.1,0.6,16741,61664,13.1,0.5,20.3761878678231,8.0,rural,0.6566101377307224,1290.2455050474882,0
55015,1.2,0.0,0.5,52626,87700,5.7,0.7,165.3605950851626,3.0,urban,0.6012031466913466,152.01611370805304,0
55017,1.2,0.3,0.2,66558,74009,9.2,0.4,66.00648931936011,3.0,urban,0.6162172126830296,264.43102256678384,0
55019,0.9,0.9,0.6,34736,66250,12.0,0.6,28.714614404183138,8.0,rural,0.6991994663108739,345.46292031321974,0
55021,1.3,0.2,1.4,58322,82792,7.8,0.6,76.17818715941847,2.0,urban,0.5232720502676286,313.7752477624224,0
55023,1.3,0.3,0.4,16064,63496,12.6,0.5,28.14272329943592,6.0,suburban,0.5698205728295999,983.5657370517928,0
55025,1.1,0.7,2.1,564777,88108,10.5,1.2,472.0257761832948,2.0,urban,0.23773609051631803,86.05166286870747,0
55027,1.3,0.6,0.8,88818,73992,7.9,0.6,101.42526696217615,4.0,suburban,0.6668750630230916,138.48544214010673,0
55029,1.4,0.1,1.4,30279,71785,8.7,0.2,62.82778364680667,6.0,suburban,0.48872435152922955,270.81475610158856,0
55031,3.8,0.2,0.5,44197,72579,10.4,0.8,33.88633807907034,2.0,urban,0.4729691594436605,359.75292440663395,1
55033,1.0,0.1,0.8,45349,71785,10.7,0.5,53.34175817982275,6.0,suburban,0.5804722298868698,353.4704370179948,0
55035,1.2,0.3,0.9,106328,71834,11.5,0.4,166.67859931762973,3.0,urban,0.44630440381148595,97.81054849146038,0
55037,1.1,0.0,0.1,4617,62786,8.5,0.8,9.46059911121798,9.0,rural,0.750557502389296,353.4704370179948,0
55039,1.1,0.4,1.4,104053,73154,8.7,0.5,144.60523032864296,3.0,urban,0.6452126646701404,90.33857745571969,0
55041,16.8,0.2,0.2,9261,59727,15.0,0.5,9.130743563465437,9.0,rural,0.6679834090460202,388.7269193391642,0
55043,0.6,0.1,0.5,51678,64349,13.4,0.3,45.059769017345,6.0,suburban,0.5921600714073193,170.28522775649213,0
55045,0.5,0.1,0.5,37036,80248,7.0,0.5,63.413023680049044,2.0,urban,0.49862043594224226,132.3037045037261,0
55047,1.2,0.8,0.6,19165,66917,13.3,0.5,54.82857835090719,6.0,suburban,0.6837810580361235,135.66397078006784,0
55049,0.6,0.2,0.7,23832,83372,7.7,0.2,31.24695372483572,2.0,urban,0.46109449968708716,155.25344075193019,0
55051,3.5,0.0,0.5,6164,59058,11.6,0.4,8.129688872585533,9.0,rural,0.6322947576656776,353.4704370179948,1
55053,7.4,0.3,0.6,20971,65508,12.6,0.2,21.22753770015022,8.0,rural,0.598783901167841,596.0612274092795,0
55055,1.3,0.7,0.9,85867,80604,8.1,0.5,154.30042951519553,4.0,suburban,0.5830580605937785,167.70121234001422,0
55057,2.0,0.3,0.5,26695,65150,14.3,0.5,34.80077742582337,8.0,rural,0.6624243688712707,430.79228319910095,0
55059,2.0,1.7,2.2,168413,79412,10.5,1.0,619.5456920103026,3.0,urban,0.5316447191615157,260.66871322285095,0
55061,1.2,0.2,1.5,20621,80085,7.6,0.4,60.21538647135488,2.0,urban,0.6706960895667694,218.22414043935794,0
55063,0.9,0.4,0.7,120262,70704,12.4,0.8,266.1797786665321,3.0,urban,0.45255771524805277,90.63544594302441,0
55065,0.8,0.2,1.8,16788,72091,10.7,0.9,26.496713494970336,8.0,rural,0.6024068767908309,196.56897784131522,0
55067,2.8,0.1,0.6,19473,57258,12.1,0.2,22.36502713823478,6.0,suburban,0.6750520471894518,225.95388486622505,0
55069,1.1,0.0,1.1,28403,67726,10.5,0.2,32.32374577522682,6.0,suburban,0.6277230060806424,292.22265253670383,0
55071,1.1,0.3,1.1,81314,68611,9.8,0.5,137.98357390303727,4.0,suburban,0.618434614794184,137.73765895171803,0
55073,1.3,0.2,0.7,138067,76185,8.9,0.5,89.35254157791195,3.0,urban,0.594440585526485,200.62723170634547,0
55075,1.4,1.0,0.1,41907,63401,9.1,0.8,29.944948579245658,6.0,suburban,0.6921320323853021,338.8455389314434,0
55077,1.3,0.2,0.7,15706,63471,11.8,0.1,34.46469905032142,8.0,rural,0.6500591843322931,261.0467337323316,0
55078,86.2,0.8,0.1,4256,59528,21.2,0.2,11.901080049436246,9.0,rural,0.18950064020486557,234.96240601503757,0
55079,1.7,4.0,1.6,927656,62118,17.5,2.0,3841.9022082835386,1.0,urban,0.3038030965367565,32.98636563553731,0
55081,1.8,0.4,0.5,46169,68213,11.8,1.1,51.24743291026551,4.0,suburban,0.6321020877642258,353.4704370179948,0
55083,3.4,0.2,0.6,39329,75886,8.4,0.3,39.428474921402454,2.0,urban,0.7172713253794335,394.11121564240125,0
55085,1.9,0.2,0.3,38007,69621,8.2,0.3,34.119296296099705,7.0,rural,0.5891583452211127,281.52708711553134,0
55087,2.4,0.4,1.1,191537,82857,6.4,0.6,300.423146112546,3.0,urban,0.5516437672878973,107.02892913640706,0
55089,0.8,0.4,1.1,92345,96734,4.6,0.8,396.3121255853605,1.0,urban,0.553143736573792,199.25280199252802,0
55091,0.6,0.1,0.7,7372,74536,7.9,0.3,31.7748006224571,8.0,rural,0.6475352927563064,162.7780792186652,0
55093,0.9,0.3,1.1,42351,88802,9.5,0.7,73.77987928411603,1.0,urban,0.5863429315113063,127.50584401785082,0
55095,1.8,0.2,0.3,45327,76208,8.3,0.3,49.57457550240783,8.0,rural,0.6566414241108279,335.3409667527081,0
55097,1.0,0.2,0.8,70375,73284,10.2,0.7,87.87279823155475,4.0,suburban,0.49392798305483643,173.3570159857904,0
55099,1.6,0.4,0.1,14077,58720,13.0,0.7,11.22516757622048,9.0,rural,0.6572764598540146,333.8779569510549,0
55101,1.6,1.5,1.2,196888,75331,10.8,1.1,591.9472689486588,3.0,urban,0.5312346796394766,74.66173662183576,0
55103,0.7,0.1,0.8,17229,62649,14.5,0.4,29.393524056492318,8.0,rural,0.5664708442123586,203.14585872656565,0
55105,1.3,0.4,1.4,163944,74390,10.0,0.4,228.28104417629615,3.0,urban,0.4630209532581165,123.82276875030499,0
55107,1.5,0.3,0.7,14146,58322,12.5,0.5,15.484591349840954,8.0,rural,0.6922700587084148,410.0098967906122,0
55109,0.9,0.1,0.8,94819,102482,6.6,0.8,131.29956014838046,1.0,urban,0.5981954988469372,353.4704370179948,0
55111,1.6,0.7,1.6,65759,77648,8.8,0.7,79.07652725828453,4.0,suburban,0.5084663240465243,295.0166517130735,0
55113,18.5,0.2,0.5,18243,59055,15.0,1.0,14.506197373884138,9.0,rural,0.5827057435804374,537.1923477498219,0
55115,10.0,0.6,0.3,40927,67032,11.0,0.7,45.81936997964558,6.0,suburban,0.683602173725524,486.23158306252594,0
55117,1.0,0.8,1.0,117783,71898,8.1,0.5,230.26119946399547,3.0,urban,0.582919787061265,210.55670173114964,0
55119,0.8,0.1,0.6,19972,63142,9.3,0.3,20.483001309269348,8.0,rural,0.744108049311095,285.3995593831364,0
55121,1.2,0.5,1.3,30786,71295,8.5,0.6,42.001940394924794,8.0,rural,0.6083753148614609,282.5959851880725,0
55123,0.6,0.2,0.4,30915,69556,14.5,0.5,39.05564257448573,3.0,urban,0.5396115434103302,223.19262493934986,0
55125,10.6,0.4,0.4,23410,67132,10.9,0.3,27.293602025195746,9.0,rural,0.616507896715969,311.83255019222554,0
55127,1.0,0.5,1.3,105447,77359,9.7,0.6,189.8463300714955,4.0,suburban,0.6124590054213239,119.49130842982731,0
55129,2.6,0.3,0.3,16749,61270,11.7,0.5,21.01204889065846,8.0,rural,0.6429033151722228,483.61096184846855,0
55131,1.0,0.7,0.7,137320,95851,5.3,0.4,318.8714633070261,1.0,urban,0.683668486704843,101.95164579085349,0
55133,0.8,0.7,1.2,409040,104100,5.2,0.8,744.081408860075,1.0,urban,0.6000752084823371,66.25268922354782,0
55135,1.2,0.2,0.3,51714,71189,10.1,0.2,69.16396266894722,6.0,suburban,0.6688748335552597,79.28220597903857,0
55137,1.9,0.5,0.6,24752,64968,11.1,0.5,39.52976455077581,8.0,rural,0.678007889546351,351.4867485455721,0
55139,1.6,1.0,0.6,171357,72873,10.9,0.8,394.1983383441747,3.0,urban,0.524078474834557,74.11427604358153,0
55141,1.2,0.2,0.7,74039,66417,10.3,0.2,93.36366756389742,4.0,suburban,0.6009472064621598,128.31075514256,0
56001,2.4,0.9,3.8,37713,59881,21.0,0.8,8.823456849188586,4.0,suburban,0.5161551355412982,119.3222496221462,0
56003,2.3,0.0,0.9,11737,60547,12.0,1.7,3.741523837482859,9.0,rural,0.8677126047423783,353.4704370179948,0
56005,2.7,0.0,1.4,47018,95253,9.1,0.9,9.791203910962068,5.0,suburban,0.8887284841754581,261.6019396826747,0
56007,3.1,0.2,3.0,14549,66721,12.6,0.4,1.8421712890592907,7.0,rural,0.7953742370703502,353.4704370179948,0
56009,3.3,0.0,2.5,13759,79164,11.3,0.4,3.233611563620357,6.0,suburban,0.8719890925617331,239.84301184679117,0
56011,2.6,0.0,0.6,7339,71209,6.2,0.4,2.5710463288723675,9.0,rural,0.8957156308851224,286.1425262297316,0
56013,22.2,0.1,1.0,39472,64646,12.4,0.7,4.2981013003993676,7.0,rural,0.6904548443009981,353.4704370179948,0
56015,1.8,0.2,3.8,12587,64882,12.3,0.5,5.655520769742887,7.0,rural,0.8088940320714167,182.72821164693732,0
56017,4.1,0.1,0.6,4618,64375,13.7,0.1,2.303895252755098,9.0,rural,0.8101167315175097,64.963187527068,0
56019,2.3,1.3,1.5,8602,63905,10.6,0.2,2.070699423230636,9.0,rural,0.8229144888145515,465.00813764240877,0
56021,3.0,0.3,4.0,100661,77884,9.9,1.5,37.47807462262914,3.0,urban,0.6647479628576843,318.89212306653025,0
56023,1.8,0.0,0.8,20158,86092,7.1,0.5,4.946339669096856,9.0,rural,0.8465973534971645,228.1972417898601,0
56025,2.2,0.3,2.4,79735,71247,9.7,0.5,14.930146100558689,3.0,urban,0.7474248666989821,70.23264563867812,0
56027,3.1,0.1,0.0,2415,48987,17.6,0.5,0.9196399358266003,9.0,rural,0.9081967213114754,703.9337474120083,0
56029,2.5,0.1,0.9,30109,70533,8.6,0.7,4.339073654361793,7.0,rural,0.800587407452732,222.52482646384803,0
56031,2.8,0.0,6.6,8606,66299,10.2,0.1,4.134600157636637,8.0,rural,0.8324022346368715,81.3386009760632,0
56033,2.4,0.3,0.9,31585,70855,9.8,1.4,12.517035644400654,7.0,rural,0.7544013532986655,91.8157353173975,0
56035,0.9,0.0,1.9,8806,82791,8.4,0.2,1.8021146644072163,9.0,rural,0.8093264248704664,442.8798546445605,0
56037,2.6,0.4,3.3,41786,76464,13.4,1.2,4.0074882457184575,5.0,suburban,0.7707104228121927,234.5283109175322,0
56039,1.0,0.4,4.3,23358,112681,7.0,1.2,5.844109004237752,7.0,rural,0.32091290172333486,111.31089990581386,0
56041,3.0,0.7,2.1,20605,82672,7.6,0.5,9.898061904614476,7.0,rural,0.8234761958611331,126.18296529968455,0
56043,2.3,0.5,0.5,7708,62648,8.6,0.7,3.443101652668337,9.0,rural,0.8265009256810367,116.7618059159315,0
56045,5.6,0.2,0.7,6835,87545,10.5,0.5,2.8502861122272383,9.0,rural,0.8903394255874674,395.0256035113387,0
72001,0.6,99.6,0.1,17975,18605,61.9,0.7,269.53050830988457,6.0,suburban,0.713488819427747,353.4704370179948,0
72003,46.3,88.1,7.4,37904,21694,46.5,0.7,1228.3088640980857,2.0,urban,0.713488819427747,353.4704370179948,0
72005,1.5,96.7,1.4,54486,19826,47.9,0.7,1491.0603180984363,2.0,urban,0.713488819427747,353.4704370179948,0
72007,1.4,98.7,0.5,23888,22361,43.6,0.7,794.0199304625927,1.0,urban,0.713488819427747,353.4704370179948,0
72009,1.3,98.7,0.9,24610,21714,44.6,0.7,785.9526848032881,1.0,urban,0.713488819427747,353.4704370179948,0
72011,42.1,91.6,5.3,25316,23591,44.9,0.7,644.2886084227841,2.0,urban,0.713488819427747,353.4704370179948,0
72013,0.7,98.4,0.7,86875,23175,42.9,0.7,689.8150424222429,3.0,urban,0.713488819427747,353.4704370179948,0
72015,1.2,98.8,0.1,15573,18931,54.4,0.7,1037.5877976875004,3.0,urban,0.713488819427747,353.4704370179948,0
72017,0.9,98.7,0.6,22565,21750,45.4,0.7,1206.9557151595516,1.0,urban,0.713488819427747,353.4704370179948,0
72019,0.3,98.6,1.0,28984,22167,49.6,0.7,846.1818669909806,1.0,urban,0.713488819427747,353.4704370179948,0
72021,0.7,94.6,3.6,183456,30729,34.4,0.7,4128.226244650039,1.0,urban,0.713488819427747,353.4704370179948,0
72023,6.8,97.1,1.3,46955,25720,38.5,0.7,667.2942428940806,3.0,urban,0.713488819427747,353.4704370179948,0
72025,1.3,94.9,2.6,126239,30113,36.6,0.7,2154.109903281402,1.0,urban,0.713488819427747,353.4704370179948,0
72027,0.7,98.0,0.7,32753,26094,39.0,0.7,706.5701762383238,3.0,urban,0.713488819427747,353.4704370179948,0
72029,0.8,94.6,4.7,42037,27278,33.9,0.7,1278.92618523348,1.0,urban,0.713488819427747,353.4704370179948,0
72031,0.7,92.0,5.7,153226,35126,29.3,0.7,3376.624662510569,1.0,urban,0.713488819427747,353.4704370179948,0
72033,0.4,94.1,3.0,22768,24307,44.2,0.7,4711.532212542588,1.0,urban,0.713488819427747,353.4704370179948,0
72035,2.0,99.1,0.5,41231,28461,37.9,0.7,793.9030185991542,1.0,urban,0.713488819427747,353.4704370179948,0
72037,1.0,96.4,1.5,11128,23204,41.6,0.7,383.25473006688986,1.0,urban,0.713488819427747,353.4704370179948,0
72039,1.7,99.4,0.1,16874,20614,58.2,0.7,253.63246716426116,1.0,urban,0.713488819427747,353.4704370179948,0
72041,2.6,99.2,0.4,39765,27149,36.2,0.7,1103.8922131282266,1.0,urban,0.713488819427747,353.4704370179948,0
72043,0.2,98.7,0.8,34294,20797,52.0,0.7,439.5943201460889,4.0,suburban,0.713488819427747,353.4704370179948,0
72045,0.5,99.6,0.3,18775,17254,53.0,0.7,661.0655969326475,1.0,urban,0.713488819427747,353.4704370179948,0
72047,0.9,98.8,0.6,34474,23933,44.2,0.7,809.8723890982612,1.0,urban,0.713488819427747,353.4704370179948,0
72049,0.0,90.9,0.0,1281,27614,20.8,0.7,109.98182189697776,9.0,rural,0.713488819427747,353.4704370179948,0
72051,0.7,93.3,3.6,35816,33388,29.2,0.7,1549.4313532473443,1.0,urban,0.713488819427747,353.4704370179948,0
72053,0.5,96.5,2.2,31756,25170,41.5,0.7,1061.825997071136,1.0,urban,0.713488819427747,353.4704370179948,0
72054,1.0,98.5,0.8,11624,21213,50.6,0.7,764.0312680227413,1.0,urban,0.713488819427747,353.4704370179948,0
72055,0.2,99.0,0.2,13266,16210,64.7,0.7,358.05290212016513,6.0,suburban,0.713488819427747,353.4704370179948,0
72057,0.6,97.9,1.2,35845,20273,48.6,0.7,551.1468747111451,3.0,urban,0.713488819427747,353.4704370179948,0
72059,0.5,99.3,0.3,17418,21400,50.2,0.7,412.05739960364775,2.0,urban,0.713488819427747,353.4704370179948,0
72061,0.6,90.1,5.8,89503,46048,24.3,0.7,3244.6341955463836,1.0,urban,0.713488819427747,353.4704370179948,0
72063,1.0,95.4,0.9,40383,39532,32.0,0.7,1448.2173153802269,1.0,urban,0.713488819427747,353.4704370179948,0
72065,0.8,99.0,0.3,38266,28001,36.4,0.7,915.9693543564098,3.0,urban,0.713488819427747,353.4704370179948,0
72067,0.1,95.7,2.3,15520,24862,40.1,0.7,1367.9346299246604,3.0,urban,0.713488819427747,353.4704370179948,0
72069,0.0,96.7,1.4,50441,26083,38.5,0.7,1127.953385152565,1.0,urban,0.713488819427747,353.4704370179948,0
72071,0.4,96.6,0.9,42878,20484,46.7,0.7,775.2101681950459,2.0,urban,0.713488819427747,353.4704370179948,0
72073,0.0,97.5,0.9,14653,18413,54.9,0.7,329.03517807147114,6.0,suburban,0.713488819427747,353.4704370179948,0
72075,0.3,99.2,0.2,46276,23823,42.9,0.7,767.7095939092274,2.0,urban,0.713488819427747,353.4704370179948,0
72077,2.4,98.6,0.9,36895,28196,34.0,0.7,1392.7831553453054,1.0,urban,0.713488819427747,353.4704370179948,0
72079,0.2,96.9,0.5,23133,18920,53.0,0.7,385.8267254338605,3.0,urban,0.713488819427747,353.4704370179948,0
72081,0.7,98.0,0.9,27944,19323,54.9,0.7,454.74204932193766,4.0,suburban,0.713488819427747,353.4704370179948,0
72083,0.0,98.2,1.1,8790,16170,54.0,0.7,189.60314683404115,8.0,rural,0.713488819427747,353.4704370179948,0
72085,0.1,98.4,1.1,35034,25697,37.5,0.7,1034.0658496165042,1.0,urban,0.713488819427747,353.4704370179948,0
72087,0.2,97.8,1.8,23176,22500,44.8,0.7,1196.2186819314625,1.0,urban,0.713488819427747,353.4704370179948,0
72089,0.1,96.8,1.7,17631,23769,43.8,0.7,683.0684842175467,1.0,urban,0.713488819427747,353.4704370179948,0
72091,0.5,96.2,0.6,39152,20352,45.9,0.7,867.338944371285,1.0,urban,0.713488819427747,353.4704370179948,0
72093,0.8,97.6,0.9,5176,20541,52.6,0.7,141.33363591025062,8.0,rural,0.713488819427747,353.4704370179948,0
72095,0.5,98.7,0.9,10482,19363,52.8,0.7,495.2550399729338,1.0,urban,0.713488819427747,353.4704370179948,0
72097,0.5,96.8,1.8,71824,17963,53.0,0.7,925.6964544621644,3.0,urban,0.713488819427747,353.4704370179948,0
72099,0.6,98.2,1.0,37402,21415,46.0,0.7,742.9673883833041,2.0,urban,0.713488819427747,353.4704370179948,0
72101,0.5,99.2,0.5,28534,23010,48.7,0.7,734.0635284530825,1.0,urban,0.713488819427747,353.4704370179948,0
72103,0.0,97.3,1.5,23205,21416,48.0,0.7,449.17818871196033,1.0,urban,0.713488819427747,353.4704370179948,0
72105,0.0,99.5,0.2,29246,21399,50.5,0.7,1067.31961115597,1.0,urban,0.713488819427747,353.4704370179948,0
72107,1.2,98.3,0.7,21351,19062,52.5,0.7,335.57489419874616,1.0,urban,0.713488819427747,353.4704370179948,0
72109,0.0,99.3,0.2,15753,23422,47.8,0.7,338.0163724760387,3.0,urban,0.713488819427747,353.4704370179948,0
72111,0.3,98.9,0.2,20082,20959,51.0,0.7,450.08644856328556,2.0,urban,0.713488819427747,353.4704370179948,0
72113,0.8,97.9,0.8,134676,18827,50.9,0.7,1171.7239471288085,2.0,urban,0.713488819427747,353.4704370179948,0
72115,0.6,97.7,0.5,23486,23624,45.1,0.7,1035.4185380058177,3.0,urban,0.713488819427747,353.4704370179948,0
72117,54.1,86.9,7.9,15276,25223,44.6,0.7,1069.1572603082213,2.0,urban,0.713488819427747,353.4704370179948,0
72119,0.5,96.7,2.1,46478,26745,37.0,0.7,766.6936053865492,1.0,urban,0.713488819427747,353.4704370179948,0
72121,1.6,97.2,2.0,22541,20564,44.5,0.7,620.7418582454046,3.0,urban,0.713488819427747,353.4704370179948,0
72123,0.7,97.9,0.6,25397,21611,48.0,0.7,365.930189934432,4.0,suburban,0.713488819427747,353.4704370179948,0
72125,0.5,97.6,1.3,31514,17921,51.9,0.7,578.275677423727,3.0,urban,0.713488819427747,353.4704370179948,0
72127,1.1,86.1,10.3,338661,26981,39.5,0.7,7072.222174325178,1.0,urban,0.713488819427747,353.4704370179948,0
72129,0.8,99.3,0.4,37515,21320,44.6,0.7,706.3965415426986,1.0,urban,0.713488819427747,353.4704370179948,0
72131,3.1,96.0,0.9,39168,17834,52.4,0.7,556.1813976115025,2.0,urban,0.713488819427747,353.4704370179948,0
72133,0.2,99.2,0.1,20064,23197,45.7,0.7,589.2506212133741,6.0,suburban,0.713488819427747,353.4704370179948,0
72135,0.5,97.8,1.2,66536,33349,33.8,0.7,2462.786004951112,1.0,urban,0.713488819427747,353.4704370179948,0
72137,0.8,95.7,3.1,73987,29648,33.8,0.7,3183.05644051308,1.0,urban,0.713488819427747,353.4704370179948,0
72139,1.9,96.1,2.7,67329,38773,28.2,0.7,3243.495062294614,1.0,urban,0.713488819427747,353.4704370179948,0
72141,1.3,97.5,0.3,27896,17624,53.5,0.7,245.71140983952975,6.0,suburban,0.713488819427747,353.4704370179948,0
72143,0.5,97.1,1.8,35114,25235,41.3,0.7,1266.3535794053805,1.0,urban,0.713488819427747,353.4704370179948,0
72145,0.2,96.2,1.2,54058,23877,42.3,0.7,1179.0646469041046,1.0,urban,0.713488819427747,353.4704370179948,0
72147,0.0,92.8,2.8,8147,17531,59.5,0.7,160.41059998362948,6.0,suburban,0.713488819427747,353.4704370179948,0
72149,0.1,99.1,0.4,21778,24882,41.8,0.7,611.111991149115,2.0,urban,0.713488819427747,353.4704370179948,0
72151,0.1,98.5,0.7,29868,21279,49.7,0.7,540.9437691898546,1.0,urban,0.713488819427747,353.4704370179948,0
72153,0.6,98.4,0.4,33509,21918,44.6,0.7,494.8735369139467,2.0,urban,0.713488819427747,353.4704370179948,0
